"cpg","African_American","Asian","Hispanic","White","max_abs_coef","chr","pos","strand","chr_hg38","pos_hg38","Name","UCSC_RefGene_Name","UCSC_RefGene_Group","Relation_to_Island","GencodeBasicV12_NAME","GencodeBasicV12_Group","genic_features","nearest_gene"
"cg17992056",0,0,1.44334049711917,-0.847118307616741,1.44334049711917,"chr1",6296335,"-","chr1",6236275,"cg17992056","ICMT","TSS1500","S_Shore","ICMT;ICMT;ICMT;LINC00337;LINC00337;LINC00337","TSS1500;TSS1500;TSS1500;1stExon;5'UTR;TSS1500","hg38_cpg_shores; hg38_genes_1to5kb; hg38_genes_exons; hg38_genes_introns; hg38_genes_promoters","148645; 23463"
"cg21300361",0,0,1.26538313620204,-0.375769554639056,1.26538313620204,"chr8",10982332,"-","chr8",11124822,"cg21300361","XKR6","Body","OpenSea","AF131215.3;AF131215.3","5'UTR;5'UTR","hg38_cpg_inter; hg38_genes_introns","286046"
"cg16196077",0,1.11986035479431,0,-0.266226802276689,1.11986035479431,"chr10",64028521,"-","chr10",62268762,"cg16196077","RTKN2","TSS200","Island","RTKN2","TSS200","hg38_cpg_islands; hg38_genes_5UTRs; hg38_genes_exons; hg38_genes_promoters","219790"
"cg13787135",0,0,1.05196139964723,-0.0450249138299738,1.05196139964723,"chr14",21270407,"-","chr14",20802248,"cg13787135","RNASE1;RNASE1;RNASE1;RNASE1;RNASE1","5'UTR;5'UTR;1stExon;5'UTR;5'UTR","OpenSea","RNASE1;RNASE1;RNASE1;RNASE1;RNASE1;RNASE1;RNASE1","5'UTR;5'UTR;5'UTR;5'UTR;5'UTR;ExonBnd;1stExon","hg38_cpg_inter; hg38_genes_introns","6035"
"cg18703601",0,0,1.05045251006003,-0.0676838752411746,1.05045251006003,"chr3",79817278,"+","chr3",79768128,"cg18703601","ROBO1","TSS1500","S_Shore","ROBO1","TSS1500","hg38_cpg_shores; hg38_genes_promoters","6091"
"cg14078059",-0.149220578874379,0,1.02354956453986,0,1.02354956453986,"chr12",65174660,"+","chr12",64780880,"cg14078059","","","Island","TBC1D30;TBC1D30","TSS1500;1stExon","hg38_cpg_islands; hg38_genes_exons; hg38_genes_introns; hg38_genes_promoters","23329"
"cg05870072",0,0,0.994080189425795,0,0.994080189425795,"chr16",54965087,"+","chr16",54931175,"cg05870072","IRX5","TSS200","Island","IRX5;IRX5;IRX5;IRX5","TSS1500;5'UTR;1stExon;TSS200","hg38_cpg_islands; hg38_genes_1to5kb; hg38_genes_5UTRs; hg38_genes_exons; hg38_genes_promoters","10265; 105371275; 643911"
"cg00575153",0.983235606885634,0,0,0,0.983235606885634,"chr8",145047469,"-","chr8",143973301,"cg00575153","PLEC1;PLEC1","Body;Body","Island","","","hg38_cpg_islands; hg38_genes_introns","5339"
"cg18026955",0,0,0.981139270145295,-0.0453149025263904,0.981139270145295,"chr1",12541215,"-","chr1",12481160,"cg18026955","VPS13D;VPS13D","Body;Body","OpenSea","VPS13D","5'UTR","hg38_cpg_inter; hg38_genes_introns","55187"
"cg01770232",0,0.94270062397647,0,-0.915852344287821,0.94270062397647,"chr7",22766155,"+","chr7",22726536,"cg01770232","IL6","TSS1500","OpenSea","AC073072.5;IL6;IL6;IL6;IL6;IL6;IL6","3'UTR;TSS1500;TSS1500;TSS1500;TSS1500;TSS1500;5'UTR","hg38_cpg_inter; hg38_genes_exons; hg38_genes_introns; hg38_genes_promoters","3569; 541472"
"cg16538728",0,0,0.927910499550216,0,0.927910499550216,"chr16",57334448,"+","chr16",57300536,"cg16538728","","","OpenSea","","","hg38_cpg_inter",""
"cg00777560",0,0,-0.919499943044445,0,0.919499943044445,"chr12",10954529,"-","chr12",10801930,"cg00777560","TAS2R7","1stExon","OpenSea","TAS2R7","1stExon","hg38_cpg_inter; hg38_genes_exons","50837"
"cg17940256",0,0,0.911237684406117,0,0.911237684406117,"chr2",65179622,"+","chr2",64952488,"cg17940256","","","OpenSea","","","hg38_cpg_inter; hg38_genes_introns; hg38_genes_promoters","400958"
"cg26245086",0,0,0.907683031529038,-0.827291497433951,0.907683031529038,"chr4",87860957,"+","chr4",86939805,"cg26245086","AFF1","5'UTR","S_Shelf","AFF1;AFF1;AFF1","5'UTR;5'UTR;5'UTR","hg38_cpg_shelves; hg38_genes_1to5kb; hg38_genes_introns","100506746; 132989; 4299"
"cg14152268",0,-0.617332541573793,0,0.898054509565513,0.898054509565513,"chr14",105287427,"-","chr14",104821090,"cg14152268","MGC23270","TSS200","OpenSea","RP11-477I4.3","TSS200","hg38_cpg_inter; hg38_genes_promoters","196872"
"cg17625891",0,0,-0.896388619990929,0,0.896388619990929,"chr4",41218583,"+","chr4",41216566,"cg17625891","","","Island","","","hg38_cpg_islands; hg38_genes_1to5kb; hg38_genes_exons","323"
"cg14671000",0,-0.88718396004581,0,0,0.88718396004581,"chr2",7189116,"+","chr2",7048985,"cg14671000","","","OpenSea","","","hg38_cpg_inter; hg38_genes_introns","101929452; 9781"
"cg24800175",0,0.885062616129028,0,-0.0754939865400633,0.885062616129028,"chr19",13345599,"+","chr19",13234785,"cg24800175","CACNA1A;CACNA1A","Body;Body","N_Shore","CACNA1A","3'UTR","hg38_cpg_inter; hg38_genes_1to5kb; hg38_genes_introns","773"
"cg05682581",-0.0433400584688777,0,0.883550133662041,0,0.883550133662041,"chr8",929958,"+","chr8",979958,"cg05682581","","","S_Shore","CTD-3212A4.1","5'UTR","hg38_cpg_shores; hg38_genes_introns","9228"
"cg16329197",0,0,0,0.86991397073399,0.86991397073399,"chr12",53359506,"+","chr12",52965722,"cg16329197","","","Island","","","hg38_cpg_islands",""
"cg10861135",0,0,0.846884155975323,0,0.846884155975323,"chr9",14345348,"-","chr9",14345349,"cg10861135","","","N_Shore","RP11-120J1.1","5'UTR","hg38_cpg_shores; hg38_genes_1to5kb; hg38_genes_introns","123706550; 4781"
"cg00460436",0,0,0,0.808470501835442,0.808470501835442,"chr16",4401729,"-","chr16",4351728,"cg00460436","Magmas","TSS1500","S_Shore","PAM16;PAM16;PAM16;PAM16;CORO7","5'UTR;TSS1500;TSS1500;TSS1500;3'UTR","hg38_cpg_shores; hg38_genes_1to5kb; hg38_genes_introns; hg38_genes_promoters","100529144; 51025"
"cg03272225",0,0,0.807638376534414,-0.185992420709113,0.807638376534414,"chr19",17957106,"+","chr19",17846297,"cg03272225","JAK3","5'UTR","N_Shore","JAK3;JAK3;JAK3;JAK3","3'UTR;5'UTR;5'UTR;5'UTR","hg38_cpg_shores; hg38_genes_1to5kb; hg38_genes_introns","3718"
"cg08915171",0,-0.788927254539474,0,0,0.788927254539474,"chr2",105273376,"+","chr2",104656918,"cg08915171","","","N_Shelf","","","hg38_cpg_shelves; hg38_genes_1to5kb; hg38_genes_exons","105373526"
"cg06229980",0,0,0,-0.786341647394974,0.786341647394974,"chr15",36623778,"-","chr15",36331577,"cg06229980","","","OpenSea","","","hg38_cpg_inter",""
"cg09741592",0,0,0.783023557042117,-0.109130283617083,0.783023557042117,"chr12",54676056,"+","chr12",54282272,"cg09741592","HNRNPA1;HNRPA1L-2;HNRNPA1","Body;Body;Body","S_Shore","RP11-968A15.8","5'UTR","hg38_cpg_shores; hg38_genes_1to5kb; hg38_genes_3UTRs; hg38_genes_exons; hg38_genes_introns; hg38_genes_promoters","23468; 3178"
"cg08414570",0,0,0.759588786511836,0,0.759588786511836,"chr9",19788757,"+","chr9",19788759,"cg08414570","","","Island","","","hg38_cpg_islands; hg38_genes_introns; hg38_genes_promoters","124902128; 25769"
"cg22130008",0,0,-0.758699447600653,0,0.758699447600653,"chr4",155548532,"+","chr4",154627380,"cg22130008","","","S_Shore","LRAT","5'UTR","hg38_cpg_shores; hg38_genes_introns","124900169"
"cg24531022",0,0,0.749996612431081,-0.296433240430685,0.749996612431081,"chr5",102201825,"+","chr5",102866121,"cg24531022","PAM;PAM;PAM;PAM;PAM;PAM;PAM;PAM","5'UTR;1stExon;5'UTR;5'UTR;5'UTR;1stExon;1stExon;1stExon","Island","PAM;PAM;PAM;PAM;PAM;PAM;PAM;PAM;PAM;PAM;PAM;PAM;PAM;PAM;PAM;PAM","5'UTR;1stExon;5'UTR;1stExon;TSS1500;1stExon;5'UTR;1stExon;5'UTR;1stExon;1stExon;5'UTR;1stExon;5'UTR;5'UTR;5'UTR","hg38_cpg_islands; hg38_genes_5UTRs; hg38_genes_exons; hg38_genes_introns; hg38_genes_promoters","5066"
"cg02267698",0,0,0,-0.725798070117956,0.725798070117956,"chr19",7991119,"-","chr19",7926234,"cg02267698","CTXN1","TSS200","Island","CTXN1","TSS200","hg38_cpg_islands; hg38_genes_exons; hg38_genes_introns; hg38_genes_promoters","124904629; 404217"
"cg10385208",-0.725142676113286,0,0.00786801545910175,0,0.725142676113286,"chr17",36982030,"-","chr17",38825777,"cg10385208","CCDC49","TSS1500","S_Shore","CWC25;CWC25","TSS1500;TSS1500","hg38_cpg_shores; hg38_genes_promoters","100616416; 54883"
"cg07283582",0,0,0,0.686785594028429,0.686785594028429,"chr17",63770753,"-","chr17",65774635,"cg07283582","CCDC46;CCDC46","Body;Body","OpenSea","","","hg38_cpg_inter; hg38_genes_introns","201134"
"cg02368469",0,-0.686308004332466,0,0,0.686308004332466,"chr11",69357567,"+","chr11",69542799,"cg02368469","","","OpenSea","","","hg38_cpg_inter",""
"cg05265849",0,0,0,-0.684274217825788,0.684274217825788,"chr7",22767390,"-","chr7",22727771,"cg05265849","IL6","Body","OpenSea","IL6;IL6;AC073072.5","5'UTR;5'UTR;TSS200","hg38_cpg_inter; hg38_genes_exons; hg38_genes_introns; hg38_genes_promoters","3569; 541472"
"cg27144592",-0.256569068622111,0.672265617701173,0,0,0.672265617701173,"chr16",783916,"-","chr16",733916,"cg27144592","NARFL","Body","N_Shore","NARFL;HAGHL;NARFL;MSLN","3'UTR;5'UTR;1stExon;5'UTR","hg38_cpg_shores; hg38_genes_1to5kb; hg38_genes_exons; hg38_genes_introns; hg38_genes_promoters","64428; 84264"
"cg15251779",0,0,0.670496783752643,0,0.670496783752643,"chr7",150929295,"+","chr7",151232209,"cg15251779","CHPF2","TSS1500","N_Shore","CHPF2;CHPF2","TSS1500;TSS1500","hg38_cpg_shores; hg38_genes_1to5kb; hg38_genes_promoters","54480"
"cg02475600",0,0,0.657610360886783,0,0.657610360886783,"chr12",34503594,"+","chr12",34350659,"cg02475600","","","Island","","","hg38_cpg_islands",""
"cg25579180",0.654188654873496,0,0,-0.019680833242533,0.654188654873496,"chr7",71098623,"+","chr7",71633638,"cg25579180","WBSCR17","Body","OpenSea","WBSCR17","5'UTR","hg38_cpg_inter; hg38_genes_introns","64409"
"cg08257600",0,0,0,0.651697233037772,0.651697233037772,"chr19",41199188,"+","chr19",40693283,"cg08257600","ADCK4;ADCK4","Body;Body","S_Shelf","","","hg38_cpg_shelves; hg38_genes_1to5kb; hg38_genes_introns","79934; 9253"
"cg16042668",0.650647857471117,0,0,0,0.650647857471117,"chr3",46037592,"+","chr3",45996100,"cg16042668","FYCO1","TSS1500","S_Shore","FYCO1","TSS1500","hg38_cpg_shores; hg38_genes_introns; hg38_genes_promoters","105377063; 79443"
"cg01464515",0,0.649314362408758,0,0,0.649314362408758,"chr10",72254323,"+","chr10",70494567,"cg01464515","KIAA1274","5'UTR","OpenSea","KIAA1274;KIAA1274","5'UTR;5'UTR","hg38_cpg_inter; hg38_genes_introns","27143"
"cg15426006",0,0,-0.0534054764096987,0.645177946770327,0.645177946770327,"chr13",99869897,"+","chr13",99217643,"cg15426006","UBAC2;UBAC2;UBAC2","Body;Body;Body","OpenSea","","","hg38_cpg_inter; hg38_genes_1to5kb; hg38_genes_introns","337867"
"cg14532484",0,0,0,-0.641845853311231,0.641845853311231,"chr9",138458521,"-","chr9",135566675,"cg14532484","PAEP;PAEP","3'UTR;3'UTR","OpenSea","PAEP;PAEP","3'UTR;3'UTR","hg38_cpg_inter; hg38_genes_3UTRs; hg38_genes_exons","5047"
"cg04671803",-0.641013977349606,0,0,0,0.641013977349606,"chr8",1156729,"+","chr8",1206729,"cg04671803","","","OpenSea","CTD-2281E23.2","5'UTR","hg38_cpg_inter; hg38_genes_introns","9228"
"cg21523688",-0.639947215378416,0,0,0.020303575673933,0.639947215378416,"chr15",45319037,"-","chr15",45026839,"cg21523688","SORD","Body","S_Shelf","","","hg38_cpg_shelves; hg38_genes_introns","6652"
"cg05516489",0,0,-0.637328832510277,0,0.637328832510277,"chr12",54359761,"-","chr12",53965977,"cg05516489","HOTAIR","Body","Island","HOTAIR;HOTAIR;HOTAIR;HOTAIR;HOTAIR","3'UTR;3'UTR;3'UTR;3'UTR;3'UTR","hg38_cpg_islands; hg38_genes_1to5kb; hg38_genes_exons","100124700"
"cg06046490",0,0,0,0.631881309667015,0.631881309667015,"chr11",320940,"-","chr11",320940,"cg06046490","IFITM3","TSS200","S_Shore","RP11-326C3.10;IFITM3;IFITM3;IFITM3;IFITM3;IFITM3","TSS1500;1stExon;5'UTR;TSS200;5'UTR;TSS1500","hg38_cpg_shores; hg38_genes_1to5kb; hg38_genes_introns; hg38_genes_promoters","10410; 105376505"
"cg22433759",-0.62940720078656,0,0,0,0.62940720078656,"chr17",71824272,"-","chr17",73828133,"cg22433759","C17orf54","Body","OpenSea","LINC00469","3'UTR","hg38_cpg_inter; hg38_genes_introns","283982"
"cg01073332",-0.627030520883733,0,0,0,0.627030520883733,"chr20",62574023,"+","chr20",63942670,"cg01073332","UCKL1;MIR1914;MIR647","Body;TSS1500;Body","N_Shore","MIR1914;MIR647","TSS1500;1stExon","hg38_cpg_shores; hg38_genes_1to5kb; hg38_genes_exons; hg38_genes_introns","100302137; 54963; 693232"
"cg11201177",0,0,0,-0.624897013053433,0.624897013053433,"chr11",2961805,"-","chr11",2940575,"cg11201177","","","N_Shelf","","","hg38_cpg_shelves",""
"cg05553348",-0.617358053328469,0,0,0,0.617358053328469,"chr17",34838590,"+","chr17",36482745,"cg05553348","","","Island","","","hg38_cpg_islands; hg38_genes_1to5kb; hg38_genes_introns","105371749; 9326"
"cg02608831",0,-0.613280976459117,0,0,0.613280976459117,"chr8",73856874,"-","chr8",72944639,"cg02608831","","","OpenSea","","","hg38_cpg_inter; hg38_genes_1to5kb",""
"cg14621701",0,0,-0.609165162773001,0,0.609165162773001,"chr20",61508590,"+","chr20",62877238,"cg14621701","","","Island","","","hg38_cpg_islands; hg38_genes_1to5kb",""
"cg09491104",-0.606694303154931,0,0,0,0.606694303154931,"chr22",46646882,"-","chr22",46250985,"cg09491104","C22orf40","TSS1500","Island","C22orf40;C22orf40","TSS1500;TSS1500","hg38_cpg_islands; hg38_genes_1to5kb; hg38_genes_exons; hg38_genes_promoters","150383"
"cg01505878",0,0,0,0.606475575874818,0.606475575874818,"chr11",61690927,"+","chr11",61923455,"cg01505878","","","OpenSea","","","hg38_cpg_inter; hg38_enhancers_fantom; hg38_genes_1to5kb","5866"
"cg02744705",0,0,-0.606021861859977,0,0.606021861859977,"chr4",151178090,"-","chr4",150256938,"cg02744705","DCLK2;DCLK2","3'UTR;3'UTR","S_Shore","DCLK2;DCLK2","3'UTR;3'UTR","hg38_cpg_inter; hg38_genes_3UTRs; hg38_genes_exons","166614"
"cg19490001",0,0,0.605240396373096,0,0.605240396373096,"chr2",71212056,"+","chr2",70984926,"cg19490001","ANKRD53;ANKRD53","3'UTR;Body","OpenSea","ANKRD53;ANKRD53;AC007040.11","3'UTR;3'UTR;3'UTR","hg38_cpg_inter; hg38_genes_3UTRs; hg38_genes_exons; hg38_genes_introns","101927750; 113419; 79998"
"cg04513227",0,0,-0.600077316327859,0,0.600077316327859,"chr19",33571656,"+","chr19",33080750,"cg04513227","GPATCH1","TSS200","N_Shore","GPATCH1","TSS200","hg38_cpg_shores; hg38_genes_promoters","55094"
"cg19553910",0,0,0,0.599750044393103,0.599750044393103,"chr7",151038594,"-","chr7",151341508,"cg19553910","NUB1","TSS1500","N_Shore","NUB1;NUB1;NUB1;NUB1","TSS1500;TSS1500;TSS1500;TSS200","hg38_cpg_shores; hg38_genes_1to5kb; hg38_genes_promoters","51667"
"cg10833066",0,0.189963696157027,0,-0.596631633421493,0.596631633421493,"chr12",111807467,"-","chr12",111369663,"cg10833066","FAM109A","TSS1500","S_Shore","FAM109A;FAM109A;FAM109A;RP3-473L9.4;RP3-473L9.4","TSS1500;TSS1500;TSS1500;5'UTR;5'UTR","hg38_cpg_shores; hg38_genes_introns; hg38_genes_promoters","105369984; 144717"
"cg21594278",0,0.594915760461808,-0.159102325094673,0,0.594915760461808,"chr5",72815513,"-","chr5",73519688,"cg21594278","","","OpenSea","","","hg38_cpg_inter",""
"cg27270541",0,0,0,0.593696639317071,0.593696639317071,"chr19",48614177,"-","chr19",48110920,"cg27270541","PLA2G4C;PLA2G4C;PLA2G4C","TSS200;TSS200;TSS200","OpenSea","PLA2G4C","TSS200","hg38_cpg_inter; hg38_genes_promoters","8605"
"cg00340349",-0.59021690021656,0,0,0,0.59021690021656,"chr9",130550240,"-","chr9",127787961,"cg00340349","CDK9","Body","N_Shore","CDK9;CDK9","5'UTR;ExonBnd","hg38_cpg_shores; hg38_genes_exons; hg38_genes_promoters","1025"
"cg19318330",0,0,-0.584921232232229,0.0501226021359008,0.584921232232229,"chr21",44782872,"+","chr21",43362992,"cg19318330","","","S_Shore","AP001046.6;AP001046.5","TSS1500;TSS1500","hg38_cpg_shores; hg38_genes_1to5kb; hg38_genes_promoters","101928399"
"cg19825371",0,0,0,-0.582557049628406,0.582557049628406,"chr17",79454562,"-","chr17",81487536,"cg19825371","","","N_Shore","","","hg38_cpg_shores",""
"cg26204803",0,0,-0.581555841301035,0,0.581555841301035,"chr2",153364045,"-","chr2",152507531,"cg26204803","FMNL2","Body","OpenSea","","","hg38_cpg_inter; hg38_genes_introns","114793"
"cg12940439",0,0,0.574813854587378,0,0.574813854587378,"chr1",67600707,"+","chr1",67135024,"cg12940439","","","Island","C1orf141","TSS200","hg38_cpg_islands; hg38_genes_1to5kb; hg38_genes_introns; hg38_genes_promoters","149233; 400757"
"cg18375707",0,-0.57024911888908,0,0,0.57024911888908,"chr11",64034959,"-","chr11",64267487,"cg18375707","PLCB3","Body","Island","","","hg38_cpg_islands; hg38_genes_1to5kb; hg38_genes_exons","5331; 56834"
"cg13672444",0,0,-0.561675100978179,0,0.561675100978179,"chr12",16049851,"+","chr12",15896917,"cg13672444","STRAP","Body","OpenSea","","","hg38_cpg_inter; hg38_genes_1to5kb; hg38_genes_introns","11171"
"cg08180596",0,0,0,-0.56034031835558,0.56034031835558,"chr6",30700616,"-","chr6",30732839,"cg08180596","FLOT1","Body","OpenSea","","","hg38_cpg_inter; hg38_genes_introns","10211"
"cg26466789",0.553959111508018,0,0,0,0.553959111508018,"chr8",144437314,"+","chr8",143355144,"cg26466789","","","OpenSea","TOP1MT;TOP1MT;TOP1MT","5'UTR;5'UTR;3'UTR","hg38_cpg_inter; hg38_genes_introns","116447"
"cg05080787",0,0,0.553234420167384,-0.17528260022464,0.553234420167384,"chr22",50277948,"-","chr22",49884300,"cg05080787","ZBED4","Body","N_Shore","","","hg38_cpg_shelves; hg38_genes_exons","9889"
"cg22963554",0,0,0.547156828840512,0,0.547156828840512,"chr15",79724739,"+","chr15",79432397,"cg22963554","KIAA1024","TSS200","Island","KIAA1024","TSS200","hg38_cpg_islands; hg38_genes_5UTRs; hg38_genes_exons","23251"
"cg02450064",-0.544954042260567,0,0,0,0.544954042260567,"chr17",40260053,"+","chr17",42108035,"cg02450064","DHX58","Body","S_Shore","","","hg38_cpg_shores; hg38_genes_1to5kb; hg38_genes_exons; hg38_genes_promoters","79132"
"cg15017604",0,0,0,-0.543537295741787,0.543537295741787,"chr11",1361518,"+","chr11",1340288,"cg15017604","","","S_Shore","","","hg38_cpg_shores; hg38_genes_1to5kb","124902606"
"cg06048154",0,0,0.539406448318336,0,0.539406448318336,"chr16",1311632,"+","chr16",1261631,"cg06048154","","","S_Shore","RP11-616M22.6;RP11-616M22.6","3'UTR;3'UTR","hg38_cpg_islands; hg38_genes_exons",""
"cg23627301",0,0.536601385571312,0,0,0.536601385571312,"chr14",32673368,"+","chr14",32204162,"cg23627301","","","S_Shore","U6","TSS1500","hg38_cpg_shores; hg38_genes_1to5kb; hg38_genes_promoters","101954278"
"cg05351827",0.532568119940787,0,0,0,0.532568119940787,"chr2",220313600,"-","chr2",219448878,"cg05351827","SPEG","Body","Island","SPEG;SPEG","5'UTR;5'UTR","hg38_cpg_islands; hg38_genes_1to5kb; hg38_genes_exons; hg38_genes_introns","10290"
"cg07086945",0.532301707508148,0,0,0,0.532301707508148,"chr6",109036145,"-","chr6",108714942,"cg07086945","","","OpenSea","","","hg38_cpg_inter",""
"cg00106609",0,0,0.226083968700905,-0.531106598230518,0.531106598230518,"chr22",50714562,"+","chr22",50276133,"cg00106609","PLXNB2","Body","N_Shore","PLXNB2","3'UTR","hg38_cpg_shores; hg38_genes_introns","23654"
"cg14791747",-0.530490517152829,0.290461966410876,0,0,0.530490517152829,"chr16",20752902,"+","chr16",20741580,"cg14791747","THUMPD1","1stExon","Island","THUMPD1;THUMPD1","1stExon;1stExon","hg38_cpg_islands; hg38_genes_1to5kb; hg38_genes_exons; hg38_genes_introns","55623; 6296"
"cg09774842",0,0,-0.530103024773978,0.0731161328567137,0.530103024773978,"chr20",3052483,"+","chr20",3071837,"cg09774842","OXT","Body","Island","","","hg38_cpg_islands; hg38_genes_introns","5020"
"cg06957310",-0.527792535674447,0,0,0,0.527792535674447,"chr17",29283870,"-","chr17",30956852,"cg06957310","ADAP2","Body","OpenSea","AC091177.1;AC091177.1","3'UTR;1stExon","hg38_cpg_inter; hg38_genes_1to5kb; hg38_genes_exons; hg38_genes_introns","55803"
"cg10278149",-0.526893430420319,0,0,0,0.526893430420319,"chr2",208016923,"-","chr2",207152199,"cg10278149","KLF7","Body","OpenSea","","","hg38_cpg_inter; hg38_enhancers_fantom; hg38_genes_introns","8609"
"cg19989295",0,0,0.524455299369001,0,0.524455299369001,"chr14",24641077,"+","chr14",24171868,"cg19989295","REC8;REC8","TSS200;TSS200","Island","REC8;REC8;REC8;REC8","TSS200;TSS200;1stExon;5'UTR","hg38_cpg_islands; hg38_genes_1to5kb; hg38_genes_5UTRs; hg38_genes_exons; hg38_genes_promoters","9985"
"cg26520942",0,0,-0.521508326676887,0,0.521508326676887,"chr22",19743892,"-","chr22",19756369,"cg26520942","TBX1;TBX1;TBX1","TSS1500;TSS1500;TSS1500","Island","TBX1","TSS1500","hg38_cpg_islands; hg38_genes_1to5kb; hg38_genes_promoters","6899"
"cg12407791",-0.520668249255486,0,0,0,0.520668249255486,"chr17",73824354,"+","chr17",75828273,"cg12407791","UNC13D","Body","OpenSea","","","hg38_cpg_inter; hg38_genes_introns","201294"
"cg00228984",0,0,0,-0.518768162492035,0.518768162492035,"chr20",1471884,"-","chr20",1491238,"cg00228984","SIRPB2;SIRPB2","Body;Body","OpenSea","SIRPB2","5'UTR","hg38_cpg_inter; hg38_genes_introns","284759"
"cg06034096",0,0,0.511039413095074,0,0.511039413095074,"chr1",74663680,"-","chr1",74197996,"cg06034096","LRRIQ3;LRRIQ3;TNNI3K;FPGT","1stExon;5'UTR;TSS1500;TSS1500","N_Shore","FPGT;FPGT;FPGT;FPGT;FPGT-TNNI3K;FPGT-TNNI3K;FPGT;FPGT-TNNI3K;LRRIQ3;LRRIQ3;LRRIQ3;LRRIQ3;LRRIQ3;LRRIQ3;LRRIQ3;LRRIQ3","TSS1500;TSS1500;TSS1500;TSS1500;TSS1500;TSS1500;TSS1500;TSS1500;1stExon;1stExon;1stExon;1stExon;5'UTR;5'UTR;5'UTR;5'UTR","hg38_cpg_shores; hg38_genes_5UTRs; hg38_genes_exons; hg38_genes_promoters","100526835; 127255; 8790"
"cg09668627",0,0.0332152444121473,0,-0.508259049990677,0.508259049990677,"chr1",1371844,"-","chr1",1436464,"cg09668627","VWA1;VWA1","Body;Body","S_Shore","VWA1;VWA1","5'UTR;5'UTR","hg38_cpg_shores; hg38_genes_1to5kb; hg38_genes_introns","102724312; 64856"
"cg15576492",0.507891627008322,0,0,0,0.507891627008322,"chr1",1015447,"+","chr1",1080067,"cg15576492","","","N_Shore","","","hg38_cpg_shores",""
"cg05483076",-0.506277145789372,0,0,0,0.506277145789372,"chr5",74347539,"-","chr5",75051714,"cg05483076","","","N_Shore","RP11-229C3.2;RP11-229C3.2","3'UTR;3'UTR","hg38_cpg_shores; hg38_genes_introns","51301"
"cg20227056",0,-0.505439992913439,0,0,0.505439992913439,"chr6",130096463,"+","chr6",129775318,"cg20227056","","","OpenSea","RP11-73O6.4","5'UTR","hg38_cpg_inter",""
"cg18193259",0,0,0,-0.500681232374521,0.500681232374521,"chr10",98829493,"+","chr10",97069736,"cg18193259","SLIT1","Body","OpenSea","ARHGAP19;SLIT1","3'UTR;3'UTR","hg38_cpg_inter; hg38_genes_introns","6585"
"cg08257003",0,0,0.499437971075003,-0.459310260524034,0.499437971075003,"chr6",84140564,"-","chr6",83430845,"cg08257003","ME1","Body","Island","ME1;ME1","5'UTR;5'UTR","hg38_cpg_islands; hg38_genes_introns","4199"
"cg13810644",0,0,-0.498940929021654,0,0.498940929021654,"chr7",44614451,"-","chr7",44574852,"cg13810644","DDX56","TSS1500","S_Shore","DDX56;DDX56;DDX56","TSS1500;TSS1500;TSS1500","hg38_cpg_shores; hg38_genes_1to5kb; hg38_genes_5UTRs; hg38_genes_exons; hg38_genes_promoters","54606"
"cg13917614",0,0,-0.498403380690347,0.00203861839497323,0.498403380690347,"chr17",40125660,"-","chr17",41973642,"cg13917614","CNP","Body","OpenSea","CNP","5'UTR","hg38_cpg_inter; hg38_genes_3UTRs; hg38_genes_exons","1267"
"cg03858703",0,0,0,-0.498245063399266,0.498245063399266,"chr3",68316096,"-","chr3",68266946,"cg03858703","FAM19A1","Body","OpenSea","FAM19A1","5'UTR","hg38_cpg_inter; hg38_genes_introns","107986019; 407738"
"cg08751451",0,-0.497593077593612,0,0.0331691396688144,0.497593077593612,"chr10",53287690,"+","chr10",51527930,"cg08751451","PRKG1;PRKG1","Body;Body","OpenSea","","","hg38_cpg_inter; hg38_genes_1to5kb; hg38_genes_introns","5592"
"cg27121959",0,-0.497266796286384,0,0,0.497266796286384,"chr11",100905070,"+","chr11",101034339,"cg27121959","PGR","3'UTR","OpenSea","PGR","3'UTR","hg38_cpg_inter; hg38_genes_3UTRs; hg38_genes_exons","5241"
"cg08268099",0,0,0.497132210126708,0,0.497132210126708,"chr9",137966584,"+","chr9",135074738,"cg08268099","OLFM1;OLFM1","TSS1500;TSS1500","N_Shore","OLFM1;OLFM1;OLFM1","TSS1500;TSS1500;TSS1500","hg38_cpg_shores; hg38_genes_promoters","10439"
"cg03722525",0,0,0,-0.496874181420152,0.496874181420152,"chr11",67381554,"+","chr11",67614083,"cg03722525","","","N_Shore","DOC2GP","TSS1500","hg38_cpg_shores; hg38_genes_exons; hg38_genes_introns; hg38_genes_promoters","390213"
"cg08891605",0.495443521841553,0,0,0,0.495443521841553,"chr22",25027515,"+","chr22",24631548,"cg08891605","LOC644165","TSS1500","OpenSea","","","hg38_cpg_inter; hg38_genes_1to5kb","644165"
"cg00297721",0,0,0.493917385557975,0,0.493917385557975,"chr20",55200767,"+","chr20",56625711,"cg00297721","","","Island","","","hg38_cpg_islands; hg38_genes_1to5kb; hg38_genes_exons","7022"
"cg20469139",-0.488294508286825,0,0,0,0.488294508286825,"chr17",29297458,"+","chr17",30970440,"cg20469139","RNF135;RNF135","TSS1500;TSS1500","N_Shore","RNF135;RNF135;RNF135","TSS1500;TSS1500;TSS1500","hg38_cpg_shores; hg38_genes_1to5kb; hg38_genes_promoters","503645; 84282"
"cg06381135",0,0,0,-0.487288110150108,0.487288110150108,"chr10",134505548,"-","chr10",132692044,"cg06381135","INPP5A","Body","Island","INPP5A","5'UTR","hg38_cpg_islands; hg38_genes_introns","3632"
"cg12339802",-0.125029440046065,0.486567154529049,0,0,0.486567154529049,"chr1",38156545,"-","chr1",37690873,"cg12339802","C1orf109","TSS1500","N_Shore","C1orf109;C1orf109","3'UTR;TSS1500","hg38_cpg_shores; hg38_genes_1to5kb; hg38_genes_introns; hg38_genes_promoters","54955; 55143"
"cg03418659",-0.485037368549373,0,0,0,0.485037368549373,"chr16",31128414,"-","chr16",31117093,"cg03418659","MYST1;MYST1","TSS1500;TSS1500","N_Shore","KAT8;KAT8;RP11-196G11.4","TSS1500;TSS1500;TSS1500","hg38_cpg_shores; hg38_genes_5UTRs; hg38_genes_exons; hg38_genes_introns; hg38_genes_promoters","10295; 84148"
"cg05227549",0,0,0.483440560912694,0,0.483440560912694,"chr12",1770782,"+","chr12",1661616,"cg05227549","","","Island","","","hg38_cpg_islands; hg38_genes_1to5kb; hg38_genes_introns","100500816"
"cg03480605",0,0,-0.276470594005958,0.476645973739748,0.476645973739748,"chr7",151038446,"-","chr7",151341360,"cg03480605","NUB1","TSS1500","N_Shore","NUB1;NUB1;NUB1;NUB1","TSS1500;TSS1500;TSS1500;TSS1500","hg38_cpg_shores; hg38_genes_1to5kb; hg38_genes_promoters","51667"
"cg25500196",0,0,-0.472693194237709,0,0.472693194237709,"chr17",40464780,"-","chr17",42312762,"cg25500196","","","Island","","","hg38_cpg_islands; hg38_enhancers_fantom",""
"cg05954192",0.471760587077142,0,0,0,0.471760587077142,"chr11",57056613,"+","chr11",57289139,"cg05954192","","","OpenSea","","","hg38_cpg_inter",""
"cg00635590",0,0,0,-0.471659589740725,0.471659589740725,"chr19",2273706,"+","chr19",2273707,"cg00635590","","","Island","","","hg38_cpg_islands; hg38_genes_1to5kb; hg38_genes_introns","105372240; 126306; 56928"
"cg16580391",0,0,-0.468548741715633,0,0.468548741715633,"chr6",33084479,"+","chr6",33116702,"cg16580391","HLA-DPB2","Body","N_Shore","HLA-DPB2","5'UTR","hg38_cpg_shores; hg38_genes_exons; hg38_genes_introns; hg38_genes_promoters","3116"
"cg04827223",0,0,0.466932490288007,0,0.466932490288007,"chr11",72435913,"-","chr11",72724868,"cg04827223","ARAP1","Body","N_Shore","","","hg38_cpg_shores; hg38_genes_1to5kb; hg38_genes_introns","116985"
"cg02964385",0,0,-0.466879978036488,0.315466821716421,0.466879978036488,"chr6",36515676,"-","chr6",36547899,"cg02964385","STK38","TSS1500","S_Shore","STK38","TSS1500","hg38_cpg_shores; hg38_genes_promoters","11329"
"cg00817464",0,0,0,0.466039170441835,0.466039170441835,"chr10",111662876,"-","chr10",109903118,"cg00817464","XPNPEP1;XPNPEP1;XPNPEP1","Body;Body;Body","OpenSea","XPNPEP1;XPNPEP1","3'UTR;5'UTR","hg38_cpg_inter; hg38_genes_introns","7511"
"cg15197050",-0.465919703176961,0,0,0,0.465919703176961,"chr10",128528216,"+","chr10",126839647,"cg15197050","","","OpenSea","","","hg38_cpg_inter",""
"cg24431872",0,0,0,-0.465221066791351,0.465221066791351,"chr4",11429036,"+","chr4",11427412,"cg24431872","HS3ST1","5'UTR","N_Shore","HS3ST1","5'UTR","hg38_cpg_shores; hg38_genes_1to5kb; hg38_genes_introns","9957"
"cg17553881",0,0,0,-0.464911337266785,0.464911337266785,"chr5",443987,"+","chr5",443872,"cg17553881","EXOC3;C5orf55","5'UTR;TSS1500","S_Shore","EXOC3;EXOC3;C5orf55","5'UTR;5'UTR;TSS1500","hg38_cpg_shores; hg38_genes_1to5kb; hg38_genes_introns; hg38_genes_promoters","11336; 116349"
"cg25676471",-0.463789419440447,0,0,0,0.463789419440447,"chr22",39633497,"-","chr22",39237492,"cg25676471","PDGFB;PDGFB","Body;Body","OpenSea","","","hg38_cpg_inter; hg38_enhancers_fantom; hg38_genes_1to5kb; hg38_genes_introns","5155"
"cg08768385",0,0,-0.461562383667742,0.0497005818336611,0.461562383667742,"chr16",88144601,"-","chr16",88110995,"cg08768385","","","OpenSea","BANP","3'UTR","hg38_cpg_inter",""
"cg15364504",0,-0.46149454076872,0,0,0.46149454076872,"chr14",69416134,"+","chr14",68949417,"cg15364504","ACTN1;ACTN1;ACTN1","Body;Body;Body","OpenSea","ACTN1","5'UTR","hg38_cpg_inter; hg38_genes_1to5kb; hg38_genes_introns","87"
"cg17402294",0,0.460862832550137,0,0,0.460862832550137,"chr10",93058376,"-","chr10",91298619,"cg17402294","","","OpenSea","","","hg38_cpg_inter",""
"cg04248312",0,0.46036899944092,0,-0.0537183758636769,0.46036899944092,"chr19",17393744,"-","chr19",17282935,"cg04248312","ANKLE1","Body","Island","","","hg38_cpg_islands; hg38_genes_3UTRs; hg38_genes_exons; hg38_genes_promoters","126549; 29086; 83878"
"cg23779890",-0.45996094122066,0,0,0,0.45996094122066,"chr8",75262522,"-","chr8",74350287,"cg23779890","GDAP1;GDAP1","TSS200;TSS200","Island","GDAP1;GDAP1;CTD-2320G14.2;GDAP1","TSS200;TSS200;TSS1500;5'UTR","hg38_cpg_islands; hg38_genes_1to5kb; hg38_genes_5UTRs; hg38_genes_exons; hg38_genes_introns; hg38_genes_promoters","54332"
"cg03813377",0,0,0.458927001795989,-0.435322815971458,0.458927001795989,"chr6",30737455,"-","chr6",30769678,"cg03813377","","","OpenSea","HCG20","5'UTR","hg38_cpg_inter; hg38_genes_introns","105375013"
"cg05401945",0,0,0,-0.457612662659702,0.457612662659702,"chr3",56590734,"+","chr3",56556706,"cg05401945","CCDC66;CCDC66;CCDC66","TSS1500;TSS1500;TSS1500","N_Shore","CCDC66;CCDC66","TSS1500;TSS1500","hg38_cpg_shores; hg38_genes_1to5kb; hg38_genes_promoters","285331"
"cg20945261",0,0,0.457198464533958,0,0.457198464533958,"chr3",13460618,"-","chr3",13419118,"cg20945261","NUP210","Body","N_Shore","","","hg38_cpg_shores; hg38_enhancers_fantom; hg38_genes_introns","23225"
"cg22179564",0,0,-0.457189691912338,0.0661673112232699,0.457189691912338,"chr5",74199422,"+","chr5",74903597,"cg22179564","","","OpenSea","","","hg38_cpg_inter; hg38_genes_exons",""
"cg17408686",0,0,0,-0.456517916158343,0.456517916158343,"chr3",126422575,"-","chr3",126703732,"cg17408686","CHCHD6","TSS1500","N_Shore","CHCHD6;CHCHD6","TSS1500;TSS1500","hg38_cpg_shores; hg38_genes_promoters","84303"
"cg12289926",0,0,-0.0401633805166474,0.455281354625335,0.455281354625335,"chr11",68153810,"-","chr11",68386342,"cg12289926","LRP5","Body","Island","","","hg38_cpg_islands; hg38_genes_exons","4041"
"cg20157666",0,0,0,-0.455007323530445,0.455007323530445,"chr17",1937499,"-","chr17",2034205,"cg20157666","DPH1","Body","S_Shelf","DPH1;DPH1","5'UTR;5'UTR","hg38_cpg_shelves; hg38_genes_1to5kb; hg38_genes_introns; hg38_genes_promoters","1801"
"cg05126421",0,0,0.454798561157184,0,0.454798561157184,"chr7",26726046,"+","chr7",26686427,"cg05126421","SKAP2","Body","OpenSea","","","hg38_cpg_inter; hg38_genes_introns","8935"
"cg00782645",0,0,0,-0.452720328501931,0.452720328501931,"chr16",90115048,"-","chr16",90048640,"cg00782645","LOC100130015;LOC100130015","TSS1500;TSS1500","N_Shelf","AC133919.6;AC133919.6","TSS1500;TSS1500","hg38_cpg_shores; hg38_genes_1to5kb; hg38_genes_promoters","100130015"
"cg03804272",0,0,0.451946362155462,0,0.451946362155462,"chr5",59189375,"-","chr5",59893548,"cg03804272","PDE4D;PDE4D","Body;1stExon","Island","PDE4D","1stExon","hg38_cpg_islands; hg38_genes_exons; hg38_genes_introns; hg38_genes_promoters","107986347; 5144"
"cg04388666",0,0,0,-0.450202518493628,0.450202518493628,"chr14",100072073,"-","chr14",99605736,"cg04388666","CCDC85C","TSS1500","S_Shore","RP11-543C4.1","5'UTR","hg38_cpg_shores; hg38_genes_1to5kb; hg38_genes_introns","317762; 84439"
"cg00794400",0,0,-0.446628294923621,0.219338597791645,0.446628294923621,"chr1",17746510,"-","chr1",17420014,"cg00794400","RCC2;RCC2","Body;Body","Island","","","hg38_cpg_islands; hg38_enhancers_fantom; hg38_genes_introns","55920"
"cg12060786",0,0.445474306918937,0,0,0.445474306918937,"chr6",31803718,"-","chr6",31835941,"cg12060786","C6orf48;C6orf48;SNORD52","5'UTR;5'UTR;TSS1500","S_Shore","C6orf48;C6orf48;C6orf48;C6orf48;C6orf48;C6orf48;C6orf48;SNORD52","5'UTR;5'UTR;5'UTR;5'UTR;5'UTR;5'UTR;TSS1500;TSS1500","hg38_cpg_shores; hg38_genes_1to5kb; hg38_genes_introns; hg38_genes_promoters","26797; 50854"
"cg26657240",0,0,0,0.44254408461246,0.44254408461246,"chr15",81475061,"+","chr15",81182720,"cg26657240","","","OpenSea","","","hg38_cpg_inter; hg38_genes_5UTRs; hg38_genes_exons; hg38_genes_introns; hg38_genes_promoters","3603"
"cg23320965",0,-0.442191405465819,0,0,0.442191405465819,"chr2",202850601,"-","chr2",201985878,"cg23320965","","","OpenSea","","","hg38_cpg_inter",""
"cg17881353",0,0.107942331636093,0,-0.440331778878149,0.440331778878149,"chr17",44928210,"-","chr17",46850844,"cg17881353","WNT9B","TSS1500","N_Shore","WNT9B","TSS1500","hg38_cpg_shores; hg38_genes_introns; hg38_genes_promoters","7484"
"cg10315249",0,0,-0.43983395649167,0,0.43983395649167,"chr11",66235081,"+","chr11",66467610,"cg10315249","PELI3;PELI3","5'UTR;5'UTR","S_Shore","PELI3;PELI3;PELI3;MRPL11;PELI3","5'UTR;5'UTR;5'UTR;TSS1500;5'UTR","hg38_cpg_shores; hg38_genes_introns; hg38_genes_promoters","246330; 65003"
"cg06513695",-0.43962317218804,0,0,0,0.43962317218804,"chr22",29866414,"-","chr22",29470425,"cg06513695","","","Island","","","hg38_cpg_islands; hg38_genes_exons; hg38_genes_introns","107985541"
"cg19718309",0,0,0,-0.438315989265568,0.438315989265568,"chr14",100632904,"-","chr14",100166567,"cg19718309","","","OpenSea","","","hg38_cpg_inter",""
"cg10342447",0,0,0,0.434828750156755,0.434828750156755,"chr17",26645325,"+","chr17",28318299,"cg10342447","TMEM97","TSS1500","Island","TMEM97;TMEM97","TSS1500;TSS1500","hg38_cpg_islands; hg38_genes_1to5kb; hg38_genes_promoters","27346"
"cg07096305",0.433680534638661,0,0,-0.0016079897481457,0.433680534638661,"chr6",2875723,"+","chr6",2875489,"cg07096305","","","Island","RP11-420G6.4;RP11-420G6.4","3'UTR;3'UTR","hg38_cpg_islands; hg38_genes_introns","221756"
"cg06836736",0,0,0.430891358018889,0,0.430891358018889,"chr6",84140993,"+","chr6",83431274,"cg06836736","ME1","TSS1500","Island","ME1;ME1;ME1","TSS200;TSS1500;TSS1500","hg38_cpg_islands; hg38_genes_promoters","4199"
"cg18064824",0,0,-0.429984335325356,0,0.429984335325356,"chr2",176978893,"+","chr2",176114165,"cg18064824","","","N_Shore","HOXD10","5'UTR","hg38_cpg_shores; hg38_genes_1to5kb; hg38_genes_introns","3236; 3237"
"cg09142405",0,0,0.429683402200028,0,0.429683402200028,"chr12",1773108,"+","chr12",1663942,"cg09142405","","","S_Shore","","","hg38_cpg_shores; hg38_genes_1to5kb; hg38_genes_introns","100500816"
"cg04231643",0,0,0,-0.429535007919182,0.429535007919182,"chr11",1803975,"-","chr11",1782745,"cg04231643","","","OpenSea","","","hg38_cpg_inter; hg38_genes_1to5kb","105376517"
"cg06850241",0,0,-0.426971619177914,0,0.426971619177914,"chr22",41845214,"+","chr22",41449210,"cg06850241","","","S_Shore","","","hg38_cpg_shores; hg38_genes_1to5kb; hg38_genes_introns","10766; 50"
"cg13115222",0,0,-0.0192019182323059,0.4261554677271,0.4261554677271,"chr1",203670963,"+","chr1",203701835,"cg13115222","ATP2B4;ATP2B4","Body;Body","OpenSea","","","hg38_cpg_inter; hg38_genes_introns","493"
"cg20703671",0.422730662379677,0,0,0,0.422730662379677,"chr17",1396001,"-","chr17",1492707,"cg20703671","MYO1C;MYO1C","TSS200;TSS1500","S_Shore","MYO1C;MYO1C;MYO1C","TSS1500;1stExon;5'UTR","hg38_cpg_shores; hg38_genes_1to5kb; hg38_genes_promoters","4641"
"cg01877606",0,0,0.421753758924238,0,0.421753758924238,"chr4",54457746,"+","chr4",53591579,"cg01877606","LNX1","TSS200","OpenSea","LNX1;LNX1-AS2;LNX1;LNX1","1stExon;TSS1500;5'UTR;3'UTR","hg38_cpg_inter; hg38_genes_1to5kb; hg38_genes_introns; hg38_genes_promoters","100873955; 5156; 84708"
"cg21303386",0,0,0.420295893152415,0,0.420295893152415,"chr1",241520311,"-","chr1",241357011,"cg21303386","RGS7;RGS7","5'UTR;1stExon","Island","RGS7;RGS7;RGS7;RGS7;RGS7;RGS7","5'UTR;5'UTR;TSS1500;1stExon;1stExon;TSS200","hg38_cpg_islands; hg38_genes_1to5kb; hg38_genes_5UTRs; hg38_genes_exons; hg38_genes_promoters","124904601; 6000"
"cg05696969",0,0,0,-0.419907393380814,0.419907393380814,"chr5",145326228,"-","chr5",145946665,"cg05696969","SH3RF2","Body","OpenSea","","","hg38_cpg_inter; hg38_enhancers_fantom; hg38_genes_introns","153769"
"cg06341195",-0.416558642984577,0,0,0,0.416558642984577,"chr8",145751956,"-","chr8",144526572,"cg06341195","LRRC24;MGC70857","5'UTR;3'UTR","Island","LRRC24;LRRC24;C8orf82;C8orf82","5'UTR;5'UTR;3'UTR;3'UTR","hg38_cpg_islands; hg38_genes_3UTRs; hg38_genes_exons; hg38_genes_introns","414919; 441381"
"cg25412831",0,0,0.416153142042205,0,0.416153142042205,"chr11",27742138,"+","chr11",27720591,"cg25412831","BDNF;BDNF;BDNF;BDNF;BDNF;BDNF;BDNF","Body;5'UTR;TSS1500;1stExon;5'UTR;1stExon;5'UTR","Island","BDNF;BDNF;BDNF;BDNF;BDNF;RP11-587D21.4","TSS1500;1stExon;1stExon;5'UTR;5'UTR;3'UTR","hg38_cpg_islands; hg38_genes_5UTRs; hg38_genes_exons; hg38_genes_introns; hg38_genes_promoters","627"
"cg20418394",0,0.416027944872836,0,0,0.416027944872836,"chr10",72254335,"+","chr10",70494579,"cg20418394","KIAA1274","5'UTR","OpenSea","KIAA1274;KIAA1274","5'UTR;5'UTR","hg38_cpg_inter; hg38_genes_introns","27143"
"cg27655671",0,-0.415352907956274,0.129051959204461,0,0.415352907956274,"chr6",38207741,"+","chr6",38239965,"cg27655671","BTBD9;BTBD9;BTBD9","Body;Body;Body","OpenSea","","","hg38_cpg_inter; hg38_genes_introns","114781"
"cg09077319",0,0,0.414854242089525,-0.00449844317220785,0.414854242089525,"chr11",69285899,"-","chr11",69471131,"cg09077319","","","Island","","","hg38_cpg_islands",""
"cg16086130",0,0,0.414347270025161,0,0.414347270025161,"chr15",101419275,"-","chr15",100879070,"cg16086130","ALDH1A3","TSS1500","Island","ALDH1A3;ALDH1A3;ALDH1A3;ALDH1A3;ALDH1A3","TSS1500;TSS1500;TSS1500;TSS1500;TSS1500","hg38_cpg_islands; hg38_genes_introns; hg38_genes_promoters","105369201; 220"
"cg05788125",0,0,-0.414027046718466,0,0.414027046718466,"chr6",170559721,"+","chr6",170250633,"cg05788125","","","OpenSea","","","hg38_cpg_inter; hg38_genes_introns","154449"
"cg22702351",0,0,0.413594753935619,0,0.413594753935619,"chr6",163673239,"+","chr6",163252207,"cg22702351","PACRG;PACRG;PACRG","Body;Body;Body","OpenSea","","","hg38_cpg_inter; hg38_genes_introns","135138"
"cg21178254",0,0,-0.409459621891088,0,0.409459621891088,"chr3",156879083,"-","chr3",157161294,"cg21178254","CCNL1","TSS1500","S_Shore","CCNL1;CCNL1;CCNL1","TSS1500;TSS1500;TSS1500","hg38_cpg_shores; hg38_genes_1to5kb; hg38_genes_promoters","57018"
"cg00315563",0.405513266981786,0,0,0,0.405513266981786,"chr3",182243039,"-","chr3",182525251,"cg00315563","","","OpenSea","","","hg38_cpg_inter; hg38_genes_introns","105374244"
"cg08772003",0,0,-0.405389840139093,0,0.405389840139093,"chr10",104629869,"+","chr10",102870112,"cg08772003","AS3MT","Body","S_Shore","","","hg38_cpg_shores; hg38_genes_3UTRs; hg38_genes_exons","100528007; 57412"
"cg23303369",0,0,0,0.401291086666589,0.401291086666589,"chr20",44641161,"-","chr20",46012522,"cg23303369","MMP9","Body","Island","","","hg38_cpg_islands; hg38_genes_exons","4318"
"cg01529207",0,0,-0.4002669158674,0,0.4002669158674,"chr22",42485811,"-","chr22",42089807,"cg01529207","NDUFA6","Body","N_Shore","RP4-669P10.18;C22orf32","TSS1500;5'UTR","hg38_cpg_shores; hg38_enhancers_fantom; hg38_genes_1to5kb; hg38_genes_exons; hg38_genes_introns","100132273; 4700"
"cg09607548",0,0,0,0.399368128698541,0.399368128698541,"chr20",42745646,"-","chr20",44117006,"cg09607548","JPH2","Body","S_Shore","","","hg38_cpg_shores; hg38_genes_introns","57158"
"cg25020550",0,0,0,0.39909647442146,0.39909647442146,"chr8",134028958,"-","chr8",133016713,"cg25020550","TG","Body","OpenSea","TG","5'UTR","hg38_cpg_inter; hg38_genes_introns; hg38_genes_promoters","7038"
"cg07387813",0,0,0.395522936771122,0,0.395522936771122,"chr3",40499408,"-","chr3",40457917,"cg07387813","RPL14;RPL14","Body;Body","S_Shore","RPL14","TSS1500","hg38_cpg_shores; hg38_genes_1to5kb; hg38_genes_3UTRs; hg38_genes_exons; hg38_genes_promoters","285266; 9045"
"cg07548255",0,0,0,-0.394496253476367,0.394496253476367,"chr2",109746754,"+","chr2",109130298,"cg07548255","LOC100287216;SH3RF3","TSS200;Body","Island","AC133109.1","TSS1500","hg38_cpg_islands; hg38_genes_1to5kb; hg38_genes_introns","100287216; 344558"
"cg01785233",0,0,0,-0.393688515999849,0.393688515999849,"chr6",7260807,"-","chr6",7260574,"cg01785233","","","N_Shore","","","hg38_cpg_shores; hg38_genes_introns",""
"cg26810230",0,0,0,-0.393434951621927,0.393434951621927,"chr10",134948300,"+","chr10",133134796,"cg26810230","","","S_Shelf","","","hg38_cpg_shelves",""
"cg07618780",0.391928101754109,0,0,0,0.391928101754109,"chr2",240142806,"+","chr2",239221110,"cg07618780","HDAC4","Body","OpenSea","HDAC4","5'UTR","hg38_cpg_inter; hg38_genes_introns","9759"
"cg04462567",0,0,0,-0.39151069258188,0.39151069258188,"chr17",6455368,"-","chr17",6552048,"cg04462567","PITPNM3;PITPNM3","Body;Body","N_Shelf","","","hg38_cpg_shelves; hg38_genes_introns","83394"
"cg17720466",0,0,-0.39141224543631,0.0950114393392126,0.39141224543631,"chr5",41907195,"+","chr5",41907093,"cg17720466","C5orf51","Body","S_Shelf","C5orf51","5'UTR","hg38_cpg_shelves; hg38_genes_introns","285636"
"cg12076931",0,0.298449556702218,-0.391140606003118,0,0.391140606003118,"chr9",139427171,"-","chr9",136532719,"cg12076931","NOTCH1","Body","N_Shore","","","hg38_cpg_shores; hg38_genes_introns","4851"
"cg11195298",0,0,-0.38958589480184,0,0.38958589480184,"chr15",93630456,"-","chr15",93087227,"cg11195298","RGMA;RGMA","Body;5'UTR","N_Shore","RGMA","5'UTR","hg38_cpg_shores; hg38_genes_1to5kb; hg38_genes_introns","101927025; 56963"
"cg06310844",-0.388086818120955,0,0,0,0.388086818120955,"chr19",33072506,"+","chr19",32581600,"cg06310844","PDCD5","Body","Island","","","hg38_cpg_islands; hg38_genes_1to5kb; hg38_genes_5UTRs; hg38_genes_exons; hg38_genes_introns","9141"
"cg00295604",0,0,0.387731891067133,0,0.387731891067133,"chr11",102139524,"+","chr11",102268793,"cg00295604","","","Island","","","hg38_cpg_islands",""
"cg08820231",0,0,0.386979219246139,-0.113382727171646,0.386979219246139,"chr12",58013687,"-","chr12",57619904,"cg08820231","SLC26A10","TSS200","N_Shore","SLC26A10","TSS200","hg38_cpg_shores; hg38_genes_1to5kb; hg38_genes_introns; hg38_genes_promoters","65012"
"cg00443946",0,0,0,-0.386168244288676,0.386168244288676,"chr16",86370962,"-","chr16",86337356,"cg00443946","LOC732275","Body","OpenSea","AC092327.1","ExonBnd","hg38_cpg_inter; hg38_genes_1to5kb; hg38_genes_introns","732275"
"cg12591491",0,0,0,0.385890031648177,0.385890031648177,"chr15",68116263,"-","chr15",67823925,"cg12591491","","","Island","SKOR1","5'UTR","hg38_cpg_islands; hg38_genes_1to5kb; hg38_genes_introns","390598"
"cg06976096",0,0,0.383269790237794,0,0.383269790237794,"chr3",87138510,"-","chr3",87089360,"cg06976096","","","Island","","","hg38_cpg_islands; hg38_genes_exons","100846978"
"cg07628705",0,0,0.382475939273222,-0.0772709511884627,0.382475939273222,"chr14",51339074,"+","chr14",50872356,"cg07628705","ABHD12B;ABHD12B","5'UTR;Body","Island","ABHD12B;ABHD12B","5'UTR;5'UTR","hg38_cpg_islands; hg38_genes_introns","145447; 5836"
"cg03464017",0.152738330503007,-0.38235262742954,0,0,0.38235262742954,"chr6",16217761,"-","chr6",16217530,"cg03464017","","","OpenSea","","","hg38_cpg_inter",""
"cg22510337",0,0,0.381810308197202,-0.117865098789257,0.381810308197202,"chr19",58399967,"+","chr19",57888599,"cg22510337","ZNF814","Body","Island","","","hg38_cpg_islands; hg38_genes_introns","147687; 730051"
"cg08145625",0,0,0.381776519423502,0,0.381776519423502,"chr4",118006405,"+","chr4",117085249,"cg08145625","TRAM1L1","1stExon","N_Shore","TRAM1L1","1stExon","hg38_cpg_shores; hg38_genes_exons","133022"
"cg26020982",0,0,0,0.381739677305729,0.381739677305729,"chr1",152196106,"-","chr1",152223630,"cg26020982","HRNR","5'UTR","OpenSea","HRNR","5'UTR","hg38_cpg_inter; hg38_genes_introns","339400; 388697"
"cg07740110",0.379625547509645,0,0,-0.0225100852227421,0.379625547509645,"chr17",3439203,"-","chr17",3535909,"cg07740110","TRPV3","Body","S_Shore","","","hg38_cpg_shores; hg38_genes_introns; hg38_genes_promoters","162514"
"cg03855656",0,0.379135852148488,0,0,0.379135852148488,"chr22",42896105,"+","chr22",42500099,"cg03855656","SERHL","TSS1500","N_Shore","SERHL","TSS1500","hg38_cpg_shores; hg38_genes_1to5kb; hg38_genes_promoters","94009"
"cg03997643",0,0,0,-0.378349967716903,0.378349967716903,"chr9",137030726,"+","chr9",134165604,"cg03997643","RNU6ATAC","TSS1500","S_Shore","RNU6ATAC","TSS1500","hg38_cpg_islands; hg38_enhancers_fantom; hg38_genes_1to5kb","100151684"
"cg22189125",0,0,0,-0.375870190060125,0.375870190060125,"chr19",35171840,"+","chr19",34680935,"cg22189125","ZNF302;ZNF302","Body;Body","S_Shelf","ZNF302","5'UTR","hg38_cpg_shelves; hg38_genes_1to5kb; hg38_genes_introns; hg38_genes_promoters","284402; 55900"
"cg10420527",-0.374921782152024,0,0,0,0.374921782152024,"chr11",68138505,"+","chr11",68371037,"cg10420527","LRP5","Body","OpenSea","","","hg38_cpg_inter; hg38_enhancers_fantom; hg38_genes_introns","4041"
"cg20727362",0,-0.373452819127472,0.0702880658488679,0,0.373452819127472,"chr22",43045952,"+","chr22",42649946,"cg20727362","CYB5R3","TSS1500","S_Shore","CYB5R3","TSS1500","hg38_cpg_shores; hg38_genes_1to5kb; hg38_genes_introns; hg38_genes_promoters","1727"
"cg21918548",0,0,0,0.371713041911856,0.371713041911856,"chr8",145956024,"+","chr8",144730639,"cg21918548","ZNF251","Body","S_Shore","ZNF251","3'UTR","hg38_cpg_shores; hg38_genes_introns","90987"
"cg09377704",0,0,-0.371390095233019,0.0981707606579636,0.371390095233019,"chr19",7936683,"+","chr19",7871797,"cg09377704","","","N_Shore","AC010336.1","TSS1500","hg38_cpg_shores; hg38_genes_exons; hg38_genes_introns","80164"
"cg20264068",0,0,0.369859953512362,0,0.369859953512362,"chr1",207842927,"-","chr1",207669582,"cg20264068","CR1L","Body","Island","CR1L","5'UTR","hg38_cpg_islands; hg38_genes_introns","1379"
"cg01907837",-0.297593637920657,0,0,0.369621407137883,0.369621407137883,"chr6",37321337,"-","chr6",37353561,"cg01907837","RNF8;RNF8","TSS1500;TSS1500","N_Shore","RNF8;RNF8;RNF8;RNF8","TSS1500;TSS1500;TSS1500;TSS1500","hg38_cpg_shores; hg38_genes_promoters","9025"
"cg20294304",0,0,0.367542264924216,0,0.367542264924216,"chr6",34203153,"-","chr6",34235376,"cg20294304","HMGA1;HMGA1;HMGA1;HMGA1;HMGA1","TSS1500;TSS1500;TSS1500;TSS1500;TSS1500","Island","HMGA1;HMGA1","TSS1500;TSS1500","hg38_cpg_islands; hg38_enhancers_fantom; hg38_genes_1to5kb","3159"
"cg13923530",0,0,-0.363333415049062,0.119868125686177,0.363333415049062,"chr8",494386,"-","chr8",544386,"cg13923530","C8orf42","Body","Island","","","hg38_cpg_islands; hg38_genes_introns","157695"
"cg26004707",0,0,0,0.363313014377613,0.363313014377613,"chr19",7852120,"+","chr19",7787234,"cg26004707","CLEC4GP1","TSS1500","N_Shore","","","hg38_cpg_shores; hg38_genes_promoters","440508"
"cg25075347",0,0,0,-0.361624479114402,0.361624479114402,"chr6",133731801,"-","chr6",133410663,"cg25075347","EYA4;EYA4;EYA4","Body;Body;Body","OpenSea","","","hg38_cpg_inter; hg38_genes_introns","2070"
"cg07878171",0,0,0.361605817421618,0,0.361605817421618,"chr8",141109731,"+","chr8",140099632,"cg07878171","TRAPPC9;TRAPPC9","Body;Body","Island","","","hg38_cpg_islands; hg38_enhancers_fantom; hg38_genes_1to5kb; hg38_genes_exons; hg38_genes_introns","359809; 83696"
"cg15054274",0,0,0.35969295971005,0,0.35969295971005,"chr3",105072683,"+","chr3",105353839,"cg15054274","","","Island","","","hg38_cpg_islands",""
"cg13315471",0,0,0.359396845453458,0,0.359396845453458,"chr2",27258494,"-","chr2",27035626,"cg13315471","TMEM214;TMEM214","Body;Body","S_Shelf","TMEM214","5'UTR","hg38_cpg_shelves; hg38_genes_1to5kb; hg38_genes_exons; hg38_genes_introns; hg38_genes_promoters","54867"
"cg19382157",0,0,-0.359313852498869,0,0.359313852498869,"chr7",2124566,"-","chr7",2084931,"cg19382157","MAD1L1;MAD1L1;MAD1L1","Body;Body;Body","OpenSea","","","hg38_cpg_inter; hg38_enhancers_fantom; hg38_genes_1to5kb; hg38_genes_introns","8379"
"cg19756885",0,0,0,0.357924548499599,0.357924548499599,"chr14",105318494,"-","chr14",104852157,"cg19756885","","","OpenSea","","","hg38_cpg_inter",""
"cg03285577",0,0,0,0.357001160452972,0.357001160452972,"chr5",3605905,"+","chr5",3605791,"cg03285577","","","N_Shore","","","hg38_cpg_shores",""
"cg06679265",0.356858395240473,0,0,-0.349201612914561,0.356858395240473,"chr12",57040204,"+","chr12",56646420,"cg06679265","SNORD59A;ATP5B","TSS1500;TSS1500","S_Shore","SNORD59A;ATP5B;ATP5B","TSS1500;TSS1500;TSS1500","hg38_cpg_shores; hg38_genes_1to5kb; hg38_genes_promoters","26789; 506"
"cg06618474",0.35683903241223,0,0,0,0.35683903241223,"chr14",105952171,"-","chr14",105485834,"cg06618474","CRIP1","TSS1500","N_Shore","CRIP1;CRIP1;CRIP1;AL928654.7","TSS1500;TSS1500;TSS1500;TSS1500","hg38_cpg_shores; hg38_genes_1to5kb; hg38_genes_promoters","1396; 283643"
"cg07001856",0.35617275896645,0,0,0,0.35617275896645,"chr16",84346722,"+","chr16",84313116,"cg07001856","WFDC1","Body","Island","","","hg38_cpg_islands; hg38_genes_1to5kb; hg38_genes_exons","58189"
"cg09155776",-0.335051822910602,0,0.355596866790773,0,0.355596866790773,"chr2",239984105,"-","chr2",239062409,"cg09155776","HDAC4","Body","OpenSea","","","hg38_cpg_inter; hg38_genes_introns","9759"
"cg25112641",0,0,-0.35498375021885,0,0.35498375021885,"chr12",50344211,"+","chr12",49950428,"cg25112641","AQP2","TSS1500","OpenSea","AQP2","TSS1500","hg38_cpg_inter; hg38_genes_promoters","359"
"cg07921777",0,0,0,-0.354791149140702,0.354791149140702,"chr16",67062970,"-","chr16",67029067,"cg07921777","CBFB;CBFB","TSS200;TSS200","Island","CBFB;CBFB","TSS200;TSS200","hg38_cpg_islands; hg38_genes_introns; hg38_genes_promoters","865"
"cg16490823",0,0,0.354166520634483,0,0.354166520634483,"chr6",167085508,"+","chr6",166672020,"cg16490823","RPS6KA2","Body","OpenSea","","","hg38_cpg_inter; hg38_genes_introns","6196"
"cg01045132",0.353002008823347,0,0,-0.246967975984364,0.353002008823347,"chr19",11649571,"+","chr19",11538756,"cg01045132","CNN1","TSS200","OpenSea","CNN1;CNN1;CNN1","TSS200;TSS200;TSS1500","hg38_cpg_shelves; hg38_genes_1to5kb; hg38_genes_promoters","1264"
"cg08581018",0,0,-0.351943101222,0,0.351943101222,"chr16",832942,"+","chr16",782942,"cg08581018","MSLNL","TSS200","Island","MSLNL","TSS200","hg38_cpg_islands; hg38_genes_1to5kb; hg38_genes_promoters",""
"cg16356013",-0.351100216642407,0,0,0,0.351100216642407,"chr5",134722079,"-","chr5",135386389,"cg16356013","H2AFY;H2AFY;H2AFY;H2AFY","Body;Body;Body;Body","OpenSea","","","hg38_cpg_inter; hg38_genes_introns","9555"
"cg21684588",0,0,0.350424560652453,0,0.350424560652453,"chr1",67600265,"+","chr1",67134582,"cg21684588","","","N_Shore","C1orf141","5'UTR","hg38_cpg_shores; hg38_genes_1to5kb; hg38_genes_introns","149233; 400757"
"cg23992410",0,0,0.350276442841773,0,0.350276442841773,"chr1",214160848,"+","chr1",213987505,"cg23992410","PROX1","TSS1500","Island","PROX1-AS1;PROX1;PROX1;PROX1;PROX1","TSS1500;TSS1500;TSS1500;TSS1500;TSS1500","hg38_cpg_islands; hg38_genes_1to5kb; hg38_genes_exons; hg38_genes_introns; hg38_genes_promoters","100505832; 5629"
"cg25946722",0,0,-0.349657833899568,0,0.349657833899568,"chr6",105307729,"+","chr6",104859854,"cg25946722","HACE1;HACE1","5'UTR;1stExon","Island","HACE1;HACE1","1stExon;5'UTR","hg38_cpg_islands; hg38_genes_5UTRs; hg38_genes_exons; hg38_genes_promoters","57531"
"cg16727231",0,-0.349271869327854,0,0,0.349271869327854,"chr6",139485336,"+","chr6",139164199,"cg16727231","HECA","Body","N_Shelf","RP1-225E12.2","3'UTR","hg38_cpg_shelves; hg38_genes_introns","167838; 51696"
"cg04036182",0,0.344713656312803,0,-0.115123949328779,0.344713656312803,"chr15",45458818,"+","chr15",45166620,"cg04036182","","","Island","CTD-2651B20.1","3'UTR","hg38_cpg_islands; hg38_genes_1to5kb; hg38_genes_introns",""
"cg06064525",0,0,-0.344646830225944,0,0.344646830225944,"chr11",970664,"-","chr11",970664,"cg06064525","AP2A2","Body","OpenSea","AP2A2","TSS1500","hg38_cpg_inter; hg38_genes_introns","161"
"cg05776630",0,0,0,-0.344445708422636,0.344445708422636,"chr1",20015027,"+","chr1",19688534,"cg05776630","TMCO4","Body","OpenSea","TMCO4","3'UTR","hg38_cpg_inter; hg38_genes_introns","255104"
"cg06656994",-0.344026816487556,0,0.0797670484788302,0,0.344026816487556,"chr1",179713176,"+","chr1",179744041,"cg06656994","FAM163A","5'UTR","Island","FAM163A","5'UTR","hg38_cpg_islands; hg38_genes_introns","148753"
"cg20291162",-0.343354720996356,0,0,0,0.343354720996356,"chr17",40259547,"+","chr17",42107529,"cg20291162","DHX58","Body","Island","","","hg38_cpg_islands; hg38_genes_1to5kb; hg38_genes_introns","79132"
"cg10496420",0,0,0,-0.343025834679717,0.343025834679717,"chr10",1767915,"+","chr10",1725721,"cg10496420","ADARB2","Body","OpenSea","","","hg38_cpg_inter; hg38_genes_introns","105"
"cg02820566",0,-0.339964563951421,0.00685187665573498,0,0.339964563951421,"chr7",187254,"+","chr7",187254,"cg02820566","","","S_Shore","AC093627.12","3'UTR","hg38_cpg_shores; hg38_genes_introns",""
"cg05194412",0,0,0,0.339809427902028,0.339809427902028,"chr2",137003533,"+","chr2",136245963,"cg05194412","","","OpenSea","","","hg38_cpg_inter",""
"cg15611176",0,0.339630744151495,0,0,0.339630744151495,"chr12",120763869,"-","chr12",120326066,"cg15611176","PLA2G1B","Body","OpenSea","PLA2G1B;PLA2G1B","1stExon;5'UTR","hg38_cpg_inter; hg38_genes_5UTRs; hg38_genes_exons; hg38_genes_introns","5319"
"cg20892840",0.33959502804902,0,0,0,0.33959502804902,"chr3",156879058,"-","chr3",157161269,"cg20892840","CCNL1","TSS1500","S_Shore","CCNL1;CCNL1;CCNL1","TSS1500;TSS1500;TSS1500","hg38_cpg_shores; hg38_genes_1to5kb; hg38_genes_promoters","57018"
"cg15666066",0.338659204984688,0,0,0,0.338659204984688,"chr6",53224548,"+","chr6",53359750,"cg15666066","","","Island","","","hg38_cpg_islands; hg38_enhancers_fantom",""
"cg27316956",0.338115500327764,0,0,0,0.338115500327764,"chr6",152958899,"-","chr6",152637764,"cg27316956","SYNE1;SYNE1","TSS1500;TSS1500","S_Shore","SYNE1;SYNE1;SYNE1","TSS1500;TSS1500;TSS1500","hg38_cpg_shores; hg38_genes_1to5kb; hg38_genes_5UTRs; hg38_genes_exons; hg38_genes_promoters","23345"
"cg12289045",0,0.337827172990548,0,0,0.337827172990548,"chr19",51141361,"-","chr19",50638104,"cg12289045","SYT3;SYT3;SYT3","5'UTR;TSS200;5'UTR","N_Shore","SYT3;SYT3","TSS200;5'UTR","hg38_cpg_shores; hg38_genes_introns; hg38_genes_promoters","84258"
"cg08275638",0,0,-0.337762488196556,0,0.337762488196556,"chr3",64253818,"-","chr3",64268142,"cg08275638","","","Island","","","hg38_cpg_islands; hg38_genes_5UTRs; hg38_genes_exons; hg38_genes_introns","166336"
"cg06469229",0,0,0.337239038099507,0,0.337239038099507,"chr5",59188213,"-","chr5",59892386,"cg06469229","PDE4D;PDE4D","Body;Body","N_Shore","","","hg38_cpg_shores; hg38_genes_introns","107986347; 5144"
"cg04811205",0,-0.335212813442948,0,0,0.335212813442948,"chr2",55563533,"-","chr2",55336397,"cg04811205","CCDC88A;CCDC88A","Body;Body","OpenSea","","","hg38_cpg_inter; hg38_genes_1to5kb; hg38_genes_introns","124907768; 55704"
"cg13183298",0,0,0.0514680068233297,-0.334907970271923,0.334907970271923,"chr1",2376119,"+","chr1",2444680,"cg13183298","","","S_Shore","","","hg38_cpg_shores; hg38_genes_introns","9651"
"cg13246856",-0.332200418690429,0,0,0.33464103596592,0.33464103596592,"chr1",44399776,"+","chr1",43934104,"cg13246856","ARTN;ARTN;ARTN;ARTN","5'UTR;5'UTR;5'UTR;TSS1500","N_Shore","ARTN;ARTN;ARTN;ARTN;ARTN;ARTN","TSS200;TSS200;ExonBnd;5'UTR;5'UTR;TSS1500","hg38_cpg_shores; hg38_genes_1to5kb; hg38_genes_introns; hg38_genes_promoters","9048"
"cg26872792",0,0.334609021695444,-0.0723786497809013,0,0.334609021695444,"chr12",120763815,"+","chr12",120326012,"cg26872792","PLA2G1B","Body","OpenSea","PLA2G1B;PLA2G1B;PLA2G1B","1stExon;5'UTR;ExonBnd","hg38_cpg_inter; hg38_genes_5UTRs; hg38_genes_exons","5319"
"cg12940822",0,0,0.334539956242892,0,0.334539956242892,"chr5",127873397,"-","chr5",128537704,"cg12940822","FBN2;FBN2","1stExon;5'UTR","Island","FBN2;FBN2;FBN2;FBN2;FBN2;FBN2;FBN2","1stExon;1stExon;1stExon;5'UTR;5'UTR;5'UTR;5'UTR","hg38_cpg_islands; hg38_genes_1to5kb; hg38_genes_5UTRs; hg38_genes_exons; hg38_genes_promoters","2201; 28965"
"cg01439754",-0.333148316249705,0,0,0,0.333148316249705,"chr2",112293267,"+","chr2",111535690,"cg01439754","","","OpenSea","","","hg38_cpg_inter; hg38_genes_introns","105373557; 541471"
"cg27031448",0,0,0,-0.332435100208499,0.332435100208499,"chr13",27998168,"+","chr13",27424031,"cg27031448","GTF3A","TSS1500","N_Shore","GTF3A;GTF3A","TSS1500;TSS1500","hg38_cpg_shores; hg38_genes_1to5kb; hg38_genes_promoters","2971"
"cg23824713",0,0,0,0.33217239673374,0.33217239673374,"chr18",61157738,"+","chr18",63490505,"cg23824713","SERPINB5","Body","OpenSea","SERPINB5","TSS200","hg38_cpg_inter; hg38_genes_introns; hg38_genes_promoters","5268"
"cg00939442",0,0,0.0244914748662059,-0.331340813801743,0.331340813801743,"chr1",223183895,"+","chr1",223010553,"cg00939442","","","OpenSea","","","hg38_cpg_inter",""
"cg00813378",0,0,0,-0.330126107800949,0.330126107800949,"chr1",1475209,"-","chr1",1539829,"cg00813378","C1orf70","Body","Island","","","hg38_cpg_islands; hg38_genes_introns","339453"
"cg06609049",0,0.32967668299419,0,-0.00683175273087808,0.32967668299419,"chr19",2785107,"-","chr19",2785109,"cg06609049","THOP1","TSS1500","N_Shore","THOP1","TSS1500","hg38_cpg_shores; hg38_genes_1to5kb; hg38_genes_promoters","6449; 7064"
"cg20242066",0,0,0,-0.328878372703783,0.328878372703783,"chr2",136595261,"-","chr2",135837691,"cg20242066","LCT","TSS1500","OpenSea","LCT","TSS1500","hg38_cpg_inter; hg38_genes_promoters","3938"
"cg20255370",0,0,-0.327096611916602,0.167093379617324,0.327096611916602,"chr15",40268687,"+","chr15",39976486,"cg20255370","EIF2AK4","Body","Island","","","hg38_cpg_islands; hg38_genes_exons; hg38_genes_promoters","440275"
"cg04259358",0,0,0.326557418330522,0,0.326557418330522,"chr10",119590450,"-","chr10",117830939,"cg04259358","","","OpenSea","RP11-355F22.1","TSS1500","hg38_cpg_inter; hg38_genes_exons; hg38_genes_promoters",""
"cg04286337",0,0,0,-0.325997203237948,0.325997203237948,"chr6",32063501,"-","chr6",32095724,"cg04286337","TNXB","Body","N_Shore","","","hg38_cpg_shores; hg38_genes_exons","7148"
"cg25815482",0.325783445809916,0,0,0,0.325783445809916,"chr13",39101486,"-","chr13",38527349,"cg25815482","","","OpenSea","","","hg38_cpg_inter",""
"cg08224569",0,0.32473083314662,0,0,0.32473083314662,"chr8",142369705,"+","chr8",141359605,"cg08224569","GPR20","5'UTR","S_Shore","GPR20","5'UTR","hg38_cpg_shores; hg38_genes_1to5kb; hg38_genes_introns","2843"
"cg13850380",0,0,0,-0.322939913411333,0.322939913411333,"chr1",1475143,"+","chr1",1539763,"cg13850380","C1orf70","Body","Island","","","hg38_cpg_islands; hg38_genes_exons","339453"
"cg13046440",-0.322536664110142,0,0,0,0.322536664110142,"chr15",25684837,"+","chr15",25439690,"cg13046440","UBE3A","TSS1500","S_Shore","UBE3A;UBE3A","TSS1500;TSS1500","hg38_cpg_shores; hg38_genes_1to5kb; hg38_genes_promoters","7337"
"cg08471713",0.322155830791103,0,0,0,0.322155830791103,"chr17",41738893,"+","chr17",43661525,"cg08471713","MEOX1;MEOX1;MEOX1","1stExon;1stExon;5'UTR","OpenSea","MEOX1;MEOX1;MEOX1;MEOX1","1stExon;1stExon;5'UTR;5'UTR","hg38_cpg_inter; hg38_genes_exons; hg38_genes_introns","4222"
"cg25333056",-0.321664319403224,0,0,0,0.321664319403224,"chr10",135107159,"-","chr10",133293655,"cg25333056","TUBGCP2","Body","S_Shelf","","","hg38_cpg_shelves; hg38_genes_1to5kb; hg38_genes_3UTRs; hg38_genes_exons; hg38_genes_promoters","10844"
"cg10315993",0,0,0.321461262002676,0,0.321461262002676,"chr2",27008359,"+","chr2",26785491,"cg10315993","CENPA;CENPA","TSS1500;TSS1500","N_Shore","CENPA;CENPA;CENPA","TSS1500;TSS1500;5'UTR","hg38_cpg_shores; hg38_genes_introns; hg38_genes_promoters","1058"
"cg11609571",-0.319891967855971,0,0,0,0.319891967855971,"chr5",145215629,"-","chr5",145836066,"cg11609571","PRELID2;PRELID2;PRELID2","TSS1500;TSS1500;TSS1500","S_Shore","PRELID2;PRELID2;PRELID2","TSS1500;TSS1500;TSS1500","hg38_cpg_shores; hg38_genes_promoters","153768"
"cg00511475",0,0,-0.319738778445926,0,0.319738778445926,"chr16",89238330,"+","chr16",89171922,"cg00511475","CDH15","Body","Island","CDH15","5'UTR","hg38_cpg_islands; hg38_genes_introns","1013"
"cg13761724",0,0,0.319369303842659,0,0.319369303842659,"chr15",34806349,"-","chr15",34514148,"cg13761724","","","N_Shore","GOLGA8A","5'UTR","hg38_cpg_shores",""
"cg08873628",-0.109731846885798,0,0.317859300651644,0,0.317859300651644,"chr1",175162347,"+","chr1",175193211,"cg08873628","KIAA0040;KIAA0040;KIAA0040;KIAA0040","TSS200;TSS1500;TSS1500;TSS200","Island","KIAA0040;KIAA0040;KIAA0040;KIAA0040;KIAA0040","TSS1500;TSS1500;TSS1500;TSS200;TSS1500","hg38_cpg_shores; hg38_genes_promoters","9674"
"cg07601386",0.316123592957727,0,0,0,0.316123592957727,"chr6",110618174,"-","chr6",110296971,"cg07601386","C6orf186","Body","OpenSea","","","hg38_cpg_inter; hg38_genes_introns","728464"
"cg24861859",0,0,0,-0.315881674537425,0.315881674537425,"chr1",175474533,"-","chr1",175505397,"cg24861859","TNR","5'UTR","OpenSea","TNR;TNR","5'UTR;5'UTR","hg38_cpg_inter; hg38_genes_introns","7143"
"cg26421805",0,0,0,0.315652979215112,0.315652979215112,"chr1",157938690,"-","chr1",157968900,"cg26421805","","","OpenSea","","","hg38_cpg_inter",""
"cg08204159",0,0,-0.315438068691209,0,0.315438068691209,"chr19",54642290,"-","chr19",54138574,"cg08204159","CNOT3","5'UTR","Island","CNOT3;CNOT3","5'UTR;5'UTR","hg38_cpg_islands; hg38_genes_1to5kb; hg38_genes_introns","4849"
"cg24592906",0,0,0.314794022288632,0,0.314794022288632,"chr6",100911550,"+","chr6",100463674,"cg24592906","SIM1;SIM1","1stExon;5'UTR","N_Shore","SIM1;SIM1;SIM1","1stExon;5'UTR;5'UTR","hg38_cpg_shores; hg38_genes_5UTRs; hg38_genes_exons","6492"
"cg27181554",0,0,0,-0.314490033544835,0.314490033544835,"chr16",1992734,"+","chr16",1942733,"cg27181554","SEPX1","Body","Island","MSRB1","TSS1500","hg38_cpg_islands; hg38_genes_introns; hg38_genes_promoters","51734"
"cg18927740",0,0,0,-0.31299519323985,0.31299519323985,"chr15",93591765,"-","chr15",93048535,"cg18927740","RGMA;RGMA;RGMA;RGMA;RGMA;RGMA","Body;Body;Body;Body;Body;Body","N_Shelf","","","hg38_cpg_shelves; hg38_genes_introns","56963"
"cg14181940",0,0,0.240581909098747,-0.311232684375964,0.311232684375964,"chr17",72463080,"+","chr17",74466941,"cg14181940","CD300A","Body","OpenSea","","","hg38_cpg_inter; hg38_genes_5UTRs; hg38_genes_exons; hg38_genes_introns","11314"
"cg01807408",0.311026805164505,0,0,0,0.311026805164505,"chr3",87137933,"+","chr3",87088783,"cg01807408","","","N_Shore","","","hg38_cpg_shores; hg38_genes_promoters","100846978"
"cg08414643",0.00328912852073489,0,-0.310663174478754,0,0.310663174478754,"chr5",153873149,"-","chr5",154493589,"cg08414643","","","Island","","","hg38_cpg_islands; hg38_genes_exons",""
"cg01093934",0,0,-0.310648700361796,0,0.310648700361796,"chr2",177465789,"-","chr2",176601061,"cg01093934","MIR1246","TSS200","OpenSea","","","hg38_cpg_inter; hg38_genes_introns; hg38_genes_promoters","100302142; 102724224"
"cg10725861",0,0,-0.31041319722569,0,0.31041319722569,"chr19",7983606,"-","chr19",7918721,"cg10725861","","","Island","CTD-3193O13.2;CTD-3193O13.2;CTD-3193O13.1","5'UTR;3'UTR;1stExon","hg38_cpg_islands; hg38_genes_1to5kb; hg38_genes_exons; hg38_genes_introns","100507588; 6618"
"cg03032253",0,0,-0.310384612253082,0.0150326962730611,0.310384612253082,"chr19",4652450,"-","chr19",4652438,"cg03032253","TNFAIP8L1;TNFAIP8L1","3'UTR;3'UTR","Island","TNFAIP8L1","3'UTR","hg38_cpg_islands; hg38_genes_3UTRs; hg38_genes_exons; hg38_genes_introns","126282; 56005"
"cg10640944",0,0,0.310262933842911,0,0.310262933842911,"chr5",102201890,"+","chr5",102866186,"cg10640944","PAM;PAM;PAM;PAM;PAM;PAM;PAM;PAM","5'UTR;1stExon;5'UTR;5'UTR;5'UTR;1stExon;1stExon;1stExon","Island","PAM;PAM;PAM;PAM;PAM;PAM;PAM;PAM;PAM;PAM;PAM;PAM;PAM;PAM;PAM;PAM","5'UTR;1stExon;5'UTR;1stExon;TSS1500;1stExon;5'UTR;1stExon;5'UTR;1stExon;1stExon;5'UTR;1stExon;5'UTR;5'UTR;5'UTR","hg38_cpg_islands; hg38_genes_5UTRs; hg38_genes_exons; hg38_genes_introns; hg38_genes_promoters","5066"
"cg26456554",0,0,0,0.3098916866415,0.3098916866415,"chr2",240168283,"+","chr2",239246587,"cg26456554","HDAC4","Body","OpenSea","HDAC4","5'UTR","hg38_cpg_inter; hg38_genes_introns","9759"
"cg12720971",0.309329962369954,0,0,0,0.309329962369954,"chr19",695642,"-","chr19",695642,"cg12720971","PRSSL1","TSS200","OpenSea","PRSS57","TSS200","hg38_cpg_inter; hg38_genes_promoters","400668"
"cg01305291",0,0,0,-0.308288546813659,0.308288546813659,"chr2",242003078,"-","chr2",241063661,"cg01305291","SNED1","Body","N_Shore","AC005237.4","3'UTR","hg38_cpg_shores; hg38_genes_exons; hg38_genes_introns","105373970; 25992"
"cg15236483",0.307461995461366,0,0,0,0.307461995461366,"chr22",46285682,"+","chr22",45889802,"cg15236483","","","Island","","","hg38_cpg_islands; hg38_enhancers_fantom; hg38_genes_1to5kb; hg38_genes_introns","107985535"
"cg24769830",0,-0.307385867917227,0,0,0.307385867917227,"chr3",108041508,"-","chr3",108322661,"cg24769830","HHLA2","5'UTR","OpenSea","HHLA2;HHLA2;HHLA2;HHLA2;HHLA2","5'UTR;5'UTR;5'UTR;5'UTR;5'UTR","hg38_cpg_inter; hg38_genes_introns","11148"
"cg10961323",0,-0.30622700488568,0,0,0.30622700488568,"chr1",24127976,"-","chr1",23801486,"cg10961323","GALE;GALE","TSS1500;TSS1500","S_Shore","GALE;GALE;GALE","TSS1500;TSS1500;TSS1500","hg38_cpg_shores; hg38_genes_1to5kb; hg38_genes_promoters","2582"
"cg18821972",0,0,0,0.306136148295619,0.306136148295619,"chr6",37660403,"-","chr6",37692627,"cg18821972","MDGA1","Body","N_Shelf","","","hg38_cpg_shelves; hg38_genes_introns","266727"
"cg08221781",-0.304524716178126,0,0,0,0.304524716178126,"chr11",66822904,"-","chr11",67055433,"cg08221781","RHOD","TSS1500","N_Shore","RHOD;RHOD;RHOD","TSS1500;TSS1500;TSS1500","hg38_cpg_shores; hg38_genes_1to5kb","29984"
"cg13457410",0,0,0,-0.302580286495635,0.302580286495635,"chr1",9762510,"-","chr1",9702452,"cg13457410","PIK3CD","5'UTR","OpenSea","PIK3CD;PIK3CD;PIK3CD","5'UTR;5'UTR;5'UTR","hg38_cpg_inter; hg38_genes_introns","5293"
"cg02332525",0,0,0.302349632039052,0,0.302349632039052,"chr3",6903153,"-","chr3",6861466,"cg02332525","GRM7;GRM7","1stExon;1stExon","Island","GRM7;GRM7;GRM7","1stExon;1stExon;1stExon","hg38_cpg_islands; hg38_genes_1to5kb; hg38_genes_exons; hg38_genes_introns","2917"
"cg19505546",0,0,0.301290463129149,0,0.301290463129149,"chr5",139017263,"+","chr5",139637678,"cg19505546","","","Island","","","hg38_cpg_islands; hg38_enhancers_fantom",""
"cg00589581",0,0,-0.30128274880531,0,0.30128274880531,"chr7",1883760,"-","chr7",1844124,"cg00589581","MAD1L1;MAD1L1;MAD1L1","Body;Body;Body","N_Shore","AC110781.3","TSS1500","hg38_cpg_shores; hg38_genes_1to5kb; hg38_genes_introns","100127955; 8379"
"cg08240917",0,0,0,-0.301242780472425,0.301242780472425,"chr2",169071559,"-","chr2",168215049,"cg08240917","STK39","Body","OpenSea","","","hg38_cpg_inter; hg38_genes_introns","27347"
"cg09918751",0,0,0,-0.300860193931443,0.300860193931443,"chr15",100517450,"+","chr15",99977245,"cg09918751","ADAMTS17","Body","OpenSea","CTD-3076O17.2","5'UTR","hg38_cpg_inter; hg38_genes_introns; hg38_genes_promoters","105371022; 170691"
"cg24996315",0.30034817156292,0,0,0,0.30034817156292,"chr11",134373284,"-","chr11",134503390,"cg24996315","","","OpenSea","RP11-627G23.1","5'UTR","hg38_cpg_inter; hg38_genes_exons; hg38_genes_introns","283177"
"cg08199953",0,0,0.300096293413727,0,0.300096293413727,"chr16",51183473,"-","chr16",51149562,"cg08199953","SALL1;SALL1","Body;5'UTR","N_Shore","AC009166.5;SALL1;SALL1;AC009166.5","1stExon;5'UTR;3'UTR;5'UTR","hg38_cpg_shores; hg38_genes_1to5kb; hg38_genes_exons; hg38_genes_introns","107984886; 6299"
"cg22777513",0,0,-0.299366300320732,0,0.299366300320732,"chr4",713393,"-","chr4",719604,"cg22777513","PCGF3","5'UTR","N_Shore","PCGF3;PCGF3;PCGF3;PCGF3","5'UTR;5'UTR;5'UTR;5'UTR","hg38_cpg_shores; hg38_genes_introns","10336"
"cg18931815",0,0,0,-0.299078798849311,0.299078798849311,"chr1",36565772,"+","chr1",36100171,"cg18931815","COL8A2","1stExon","OpenSea","COL8A2;COL8A2","5'UTR;1stExon","hg38_cpg_inter; hg38_genes_exons; hg38_genes_introns","1296"
"cg11204974",0,-0.298756559356643,0,0,0.298756559356643,"chr14",71022665,"-","chr14",70555948,"cg11204974","","","OpenSea","","","hg38_cpg_inter; hg38_genes_promoters",""
"cg00414077",0,0,0.298553112847615,0,0.298553112847615,"chr20",35504511,"+","chr20",36876108,"cg00414077","C20orf118","TSS200","OpenSea","C20orf118","TSS200","hg38_cpg_inter; hg38_genes_promoters","140711"
"cg06513375",0,0,-0.297343689782819,0,0.297343689782819,"chr8",145955988,"+","chr8",144730603,"cg06513375","ZNF251","Body","Island","ZNF251","3'UTR","hg38_cpg_islands; hg38_genes_introns","90987"
"cg14306058",-0.297294419818756,0,0,0,0.297294419818756,"chr9",112078580,"+","chr9",109316300,"cg14306058","EPB41L4B;EPB41L4B","Body;Body","N_Shelf","EPB41L4B","5'UTR","hg38_cpg_shelves; hg38_genes_introns","54566"
"cg19518672",0,0,0,0.297086254888062,0.297086254888062,"chr5",132113620,"+","chr5",132777928,"cg19518672","SEPT8;SEPT8;SEPT8;SEPT8","TSS200;TSS1500;TSS1500;TSS1500","Island","SEPT8;SEPT8;SEPT8;SEPT8;SEPT8;SEPT8;SEPT8;SEPT8","TSS1500;TSS1500;TSS1500;TSS1500;TSS1500;TSS1500;TSS200;5'UTR","hg38_cpg_islands; hg38_genes_1to5kb; hg38_genes_5UTRs; hg38_genes_exons; hg38_genes_introns; hg38_genes_promoters","23176"
"cg24881834",0,0,0.296929240386183,0,0.296929240386183,"chr6",84140997,"+","chr6",83431278,"cg24881834","ME1","TSS1500","Island","ME1;ME1;ME1","TSS1500;TSS1500;TSS1500","hg38_cpg_islands; hg38_genes_promoters","4199"
"cg26003909",0,0,0,-0.296594680111929,0.296594680111929,"chr8",143102224,"-","chr8",142020863,"cg26003909","","","OpenSea","","","hg38_cpg_inter",""
"cg09738193",0,0,0,-0.295421027217443,0.295421027217443,"chr16",67926317,"+","chr16",67892414,"cg09738193","PSKH1","TSS1500","N_Shore","PSKH1;PSKH1","TSS1500;TSS1500","hg38_cpg_shores; hg38_genes_promoters","5681"
"cg14126601",0.293912988243483,0,0,0,0.293912988243483,"chr2",37384708,"+","chr2",37157565,"cg14126601","EIF2AK2;EIF2AK2","TSS1500;TSS1500","S_Shore","EIF2AK2","TSS1500","hg38_cpg_shores; hg38_genes_promoters","5610"
"cg27346982",0,0,-0.293210740918667,0,0.293210740918667,"chr17",74209081,"-","chr17",76213000,"cg27346982","RNF157","Body","OpenSea","RNF157","5'UTR","hg38_cpg_inter; hg38_genes_introns","114804"
"cg18390683",0,-0.292896820750352,0,0,0.292896820750352,"chr2",175018992,"-","chr2",174154264,"cg18390683","OLA1;OLA1","5'UTR;Body","OpenSea","OLA1","5'UTR","hg38_cpg_inter; hg38_genes_introns","29789"
"cg07232577",0,0,0,-0.292156860142191,0.292156860142191,"chr6",170402031,"+","chr6",170086807,"cg07232577","","","Island","","","hg38_cpg_islands; hg38_genes_1to5kb",""
"cg23393637",-0.291708723768078,0,0,0,0.291708723768078,"chr14",95513095,"-","chr14",95046758,"cg23393637","","","OpenSea","RP11-991C1.2","TSS1500","hg38_cpg_inter; hg38_genes_promoters",""
"cg14242246",0,0,0.291700949743599,0,0.291700949743599,"chr2",27434262,"-","chr2",27211394,"cg14242246","C2orf28;C2orf28;SLC5A6;C2orf28;SLC5A6","TSS1500;TSS1500;5'UTR;TSS1500;Body","N_Shore","SLC5A6;SLC5A6;C2orf28;C2orf28","5'UTR;5'UTR;TSS1500;TSS1500","hg38_cpg_shores; hg38_genes_1to5kb; hg38_genes_introns; hg38_genes_promoters","51374; 8884"
"cg06204735",0,0.291330815341487,0,0,0.291330815341487,"chr14",74892986,"+","chr14",74426283,"cg06204735","TMEM90A","TSS200","Island","SYNDIG1L","TSS200","hg38_cpg_islands; hg38_genes_promoters","646658"
"cg08742262",0,0,0,0.29063693057686,0.29063693057686,"chr7",158342283,"-","chr7",158549591,"cg08742262","PTPRN2;PTPRN2;PTPRN2","Body;Body;Body","N_Shore","","","hg38_cpg_shores; hg38_genes_introns","5799"
"cg20709110",0,0,0,-0.290465088900338,0.290465088900338,"chr22",19946873,"-","chr22",19959350,"cg20709110","COMT;COMT;COMT","5'UTR;5'UTR;5'UTR","OpenSea","COMT;COMT;COMT;COMT;COMT","5'UTR;5'UTR;5'UTR;5'UTR;5'UTR","hg38_cpg_inter; hg38_enhancers_fantom; hg38_genes_1to5kb; hg38_genes_introns","100616414; 1312"
"cg26406407",0,0,0.289870882452046,0,0.289870882452046,"chr10",438229,"-","chr10",392289,"cg26406407","DIP2C","Body","OpenSea","","","hg38_cpg_inter; hg38_genes_1to5kb; hg38_genes_introns","22982"
"cg16677399",0,0,0.289384650087315,0,0.289384650087315,"chr6",28830902,"+","chr6",28863125,"cg16677399","","","N_Shore","XXbac-BPG308K3.6","3'UTR","hg38_cpg_shores; hg38_genes_introns","401242"
"cg22633036",0,0.28692313760046,0,0,0.28692313760046,"chr10",123355576,"-","chr10",121596062,"cg22633036","FGFR2;FGFR2;FGFR2;FGFR2;FGFR2;FGFR2","5'UTR;5'UTR;5'UTR;5'UTR;5'UTR;5'UTR","N_Shore","FGFR2;FGFR2;FGFR2;FGFR2;FGFR2;FGFR2;FGFR2","5'UTR;5'UTR;5'UTR;5'UTR;5'UTR;5'UTR;5'UTR","hg38_cpg_shores; hg38_genes_1to5kb; hg38_genes_5UTRs; hg38_genes_exons; hg38_genes_introns","2263"
"cg14380111",0,0,0.286372728487092,0,0.286372728487092,"chr15",81426360,"-","chr15",81134019,"cg14380111","C15orf26","TSS1500","N_Shore","C15orf26;C15orf26","TSS1500;TSS1500","hg38_cpg_shores; hg38_genes_introns; hg38_genes_promoters","161502"
"cg14132888",0,0,0,-0.285976657581666,0.285976657581666,"chr5",114514899,"+","chr5",115179202,"cg14132888","TRIM36;TRIM36;TRIM36","Body;Body;Body","Island","TRIM36","5'UTR","hg38_cpg_islands; hg38_genes_1to5kb; hg38_genes_introns","55521"
"cg24596472",0.283800678069943,0,0,0,0.283800678069943,"chr8",144417263,"+","chr8",143335093,"cg24596472","TOP1MT","TSS1500","S_Shore","TOP1MT;TOP1MT;TOP1MT;TOP1MT","TSS200;TSS1500;5'UTR;5'UTR","hg38_cpg_islands; hg38_genes_1to5kb; hg38_genes_introns; hg38_genes_promoters","116447"
"cg19635897",0,0,0,-0.283686473818594,0.283686473818594,"chr15",33360195,"+","chr15",33067994,"cg19635897","FMN1","TSS200","OpenSea","FMN1;FMN1;FMN1;FMN1;FMN1","1stExon;1stExon;TSS200;5'UTR;3'UTR","hg38_cpg_inter; hg38_genes_5UTRs; hg38_genes_exons; hg38_genes_introns; hg38_genes_promoters","342184"
"cg22475576",-0.283621708380661,0,0,0,0.283621708380661,"chr19",1252813,"-","chr19",1252814,"cg22475576","MIDN","Body","N_Shore","","","hg38_cpg_shores; hg38_genes_1to5kb; hg38_genes_introns; hg38_genes_promoters","102723811; 90007"
"cg00391668",0,0,0,0.28306951623467,0.28306951623467,"chr1",1404073,"-","chr1",1468693,"cg00391668","ATAD3C","3'UTR","N_Shelf","ATAD3C","3'UTR","hg38_cpg_shelves; hg38_genes_1to5kb; hg38_genes_3UTRs; hg38_genes_exons","219293; 83858"
"cg10832304",0,0,0,0.282877114829099,0.282877114829099,"chr19",39998018,"+","chr19",39507378,"cg10832304","DLL3;DLL3","Body;Body","Island","","","hg38_cpg_islands; hg38_genes_exons","10683"
"cg04899715",0,-0.282504439418407,0,0,0.282504439418407,"chr8",23609424,"-","chr8",23751911,"cg04899715","","","OpenSea","RP11-175E9.1","5'UTR","hg38_cpg_inter; hg38_genes_introns","107986930"
"cg09774917",0,0,0.282412646699805,0,0.282412646699805,"chr6",10417385,"-","chr6",10417152,"cg09774917","TFAP2A","Body","Island","TFAP2A","TSS1500","hg38_cpg_islands; hg38_genes_1to5kb; hg38_genes_exons; hg38_genes_introns; hg38_genes_promoters","7020"
"cg06475902",0,0,0.150128028415985,-0.282150215987219,0.282150215987219,"chr6",19754272,"+","chr6",19754041,"cg06475902","","","OpenSea","RP3-471C18.2","TSS1500","hg38_cpg_inter; hg38_genes_1to5kb; hg38_genes_introns; hg38_genes_promoters","100506885; 107986575"
"cg15882591",0,0,0,0.281412253867234,0.281412253867234,"chr13",21608557,"-","chr13",21034418,"cg15882591","LATS2","Body","OpenSea","","","hg38_cpg_inter; hg38_genes_introns","26524"
"cg16975599",0.281140734898996,0,0,0,0.281140734898996,"chr3",158962761,"+","chr3",159244972,"cg16975599","IQCJ;IQCJ","Body;Body","OpenSea","IQCJ;IQCJ-SCHIP1","5'UTR;5'UTR","hg38_cpg_inter; hg38_genes_introns","100505385; 654502"
"cg09725546",0,0,-0.280674000135263,0,0.280674000135263,"chr7",132261376,"-","chr7",132576617,"cg09725546","PLXNA4;PLXNA4;PLXNA4","TSS200;TSS200;5'UTR","Island","PLXNA4;PLXNA4;PLXNA4;PLXNA4;PLXNA4","1stExon;TSS200;TSS200;5'UTR;5'UTR","hg38_cpg_islands; hg38_genes_5UTRs; hg38_genes_exons; hg38_genes_introns; hg38_genes_promoters","91584"
"cg07455279",0,0,0.280654780083797,0,0.280654780083797,"chr19",54605703,"-","chr19",54102395,"cg07455279","NDUFA3","TSS1500","N_Shore","OSCAR;NDUFA3;NDUFA3;NDUFA3;NDUFA3","5'UTR;TSS1500;TSS1500;TSS1500;TSS1500","hg38_cpg_shores; hg38_genes_1to5kb; hg38_genes_introns; hg38_genes_promoters","126014; 4696"
"cg15721243",0,0,-0.280143376551246,0,0.280143376551246,"chr19",53361448,"-","chr19",52858195,"cg15721243","ZNF468;ZNF468","TSS1500;TSS1500","S_Shore","ZNF468","TSS1500","hg38_cpg_shores; hg38_genes_promoters","7576; 90333"
"cg26309498",0,0,0.279539314238401,0,0.279539314238401,"chr2",109607038,"+","chr2",108990582,"cg26309498","EDAR","TSS1500","OpenSea","EDAR;EDAR","TSS1500;TSS1500","hg38_cpg_inter; hg38_genes_1to5kb","10913"
"cg00666749",0,-0.278884896671759,0,0,0.278884896671759,"chr13",21637118,"+","chr13",21062979,"cg00666749","LATS2","TSS1500","S_Shore","LATS2;LATS2","TSS1500;TSS1500","hg38_cpg_shores; hg38_genes_1to5kb","26524"
"cg03994942",0,0,0.278533100333215,-0.255605046731172,0.278533100333215,"chr11",45943979,"-","chr11",45922428,"cg03994942","GYLTL1B","5'UTR","Island","GYLTL1B;GYLTL1B;GYLTL1B;GYLTL1B","TSS1500;TSS1500;5'UTR;5'UTR","hg38_cpg_islands; hg38_genes_1to5kb; hg38_genes_introns; hg38_genes_promoters","120071; 9409"
"cg12180191",0,0,-0.27765086669877,0,0.27765086669877,"chr8",41686706,"-","chr8",41829188,"cg12180191","ANK1","Body","S_Shore","RP11-930P14.2","1stExon","hg38_cpg_shores; hg38_genes_exons; hg38_genes_introns","286"
"cg13677741",-0.276932525498245,0,0,0,0.276932525498245,"chr1",236031096,"-","chr1",235867796,"cg13677741","LYST","TSS1500","S_Shore","LYST;LYST","TSS1500;5'UTR","hg38_cpg_shores; hg38_enhancers_fantom; hg38_genes_introns; hg38_genes_promoters","1130"
"cg20934520",-0.27690023972728,0,0,0,0.27690023972728,"chr17",34838488,"+","chr17",36482643,"cg20934520","","","N_Shore","","","hg38_cpg_shores; hg38_genes_1to5kb; hg38_genes_introns","105371749; 9326"
"cg09986316",0,0,0,0.276691675682477,0.276691675682477,"chr6",6001118,"-","chr6",6000885,"cg09986316","NRN1","Body","N_Shore","NRN1","3'UTR","hg38_cpg_shores; hg38_genes_introns","51299"
"cg27229823",0,0,0,-0.276170270783371,0.276170270783371,"chr2",105858015,"-","chr2",105241558,"cg27229823","GPR45","TSS200","N_Shore","GPR45","TSS200","hg38_cpg_shores; hg38_genes_promoters","11250"
"cg16594957",-0.275590167892821,0,0,0,0.275590167892821,"chr16",3776135,"-","chr16",3726134,"cg16594957","CREBBP;CREBBP","3'UTR;3'UTR","Island","CREBBP","3'UTR","hg38_cpg_islands; hg38_genes_3UTRs; hg38_genes_exons","1387"
"cg22732636",0,0,0,-0.275271682707751,0.275271682707751,"chr8",13373141,"-","chr8",13515632,"cg22732636","DLC1;DLC1","TSS1500;TSS1500","OpenSea","DLC1;DLC1;DLC1","TSS1500;TSS1500;TSS1500","hg38_cpg_inter; hg38_genes_exons; hg38_genes_introns; hg38_genes_promoters","10395"
"cg04667538",0,-0.273750767289415,0,0,0.273750767289415,"chr2",105372176,"-","chr2",104755718,"cg04667538","","","OpenSea","AC068057.2;AC068057.2;AC068057.2;AC068057.2","1stExon;TSS1500;3'UTR;3'UTR","hg38_cpg_inter; hg38_genes_exons; hg38_genes_introns; hg38_genes_promoters","284998"
"cg11815057",0,0,0,-0.273661197262197,0.273661197262197,"chr1",153670855,"-","chr1",153698379,"cg11815057","","","OpenSea","","","hg38_cpg_inter; hg38_enhancers_fantom",""
"cg26343563",0,0,0,0.27304277811852,0.27304277811852,"chr12",2031546,"-","chr12",1922380,"cg26343563","","","OpenSea","RP5-1096D14.3","5'UTR","hg38_cpg_inter; hg38_genes_1to5kb; hg38_genes_introns","93589"
"cg25772418",0.272886055672639,0,-0.00155424928464834,0,0.272886055672639,"chr12",131519998,"-","chr12",131035453,"cg25772418","GPR133","Body","S_Shelf","RP11-76C10.2;RP11-76C10.2","3'UTR;1stExon","hg38_cpg_shelves; hg38_genes_exons; hg38_genes_introns","283383"
"cg03605610",0,0,0,0.271883605376886,0.271883605376886,"chr6",41394765,"+","chr6",41427027,"cg03605610","","","N_Shore","","","hg38_cpg_shores",""
"cg05507459",0,0,0,-0.271850802237959,0.271850802237959,"chr9",91148748,"-","chr9",88533833,"cg05507459","NXNL2;NXNL2","TSS1500;TSS1500","N_Shore","NXNL2;NXNL2;NXNL2","TSS1500;TSS1500;TSS1500","hg38_cpg_shores; hg38_genes_1to5kb; hg38_genes_promoters","158046"
"cg21474104",0,0,0,-0.271158836768574,0.271158836768574,"chr3",181721674,"+","chr3",182003886,"cg21474104","","","OpenSea","RP11-416O18.1","5'UTR","hg38_cpg_inter; hg38_genes_exons; hg38_genes_introns","100996490"
"cg17368808",0,0,0.270145099396376,0,0.270145099396376,"chr20",9496892,"+","chr20",9516245,"cg17368808","C20orf103","Body","Island","RP5-1119D9.4;LAMP5","TSS1500;ExonBnd","hg38_cpg_islands; hg38_genes_1to5kb; hg38_genes_introns","101929329; 24141"
"cg10167378",0.270124961624852,0,0,0,0.270124961624852,"chr1",228756711,"-","chr1",228620964,"cg10167378","","","Island","","","hg38_cpg_islands; hg38_genes_1to5kb","100169755; 100169756"
"cg23391107",0,0,0,0.269960144695313,0.269960144695313,"chr17",45924227,"+","chr17",47846861,"cg23391107","SP6","3'UTR","N_Shore","SP6","3'UTR","hg38_cpg_shores; hg38_genes_3UTRs; hg38_genes_exons","80320"
"cg18268041",0.269149747916435,0,0,0,0.269149747916435,"chr14",105659225,"+","chr14",105192888,"cg18268041","","","Island","","","hg38_cpg_islands",""
"cg05251359",0,0,0.268487875440244,0,0.268487875440244,"chr8",144161874,"-","chr8",143080457,"cg05251359","","","OpenSea","RP11-520P18.5;RP11-520P18.5","1stExon;5'UTR","hg38_cpg_inter; hg38_genes_promoters","101928108"
"cg12569497",0,0,0,0.268402577010734,0.268402577010734,"chr6",56112696,"+","chr6",56247898,"cg12569497","COL21A1","TSS1500","S_Shore","COL21A1;COL21A1;COL21A1","TSS200;TSS1500;5'UTR","hg38_cpg_shores; hg38_genes_introns; hg38_genes_promoters","81578"
"cg21545248",0,0,0,0.268259687970398,0.268259687970398,"chr5",149402498,"+","chr5",150022935,"cg21545248","HMGXB3","Body","OpenSea","","","hg38_cpg_inter; hg38_genes_1to5kb; hg38_genes_introns","22993"
"cg16430428",0,0,-0.267873108738069,0.0971645741184561,0.267873108738069,"chr2",3642847,"+","chr2",3595257,"cg16430428","COLEC11;COLEC11","5'UTR;5'UTR","S_Shore","COLEC11;COLEC11;COLEC11;COLEC11","5'UTR;5'UTR;5'UTR;5'UTR","hg38_cpg_shores; hg38_genes_introns","78989"
"cg10722426",0,0,0,0.267802907098836,0.267802907098836,"chr19",40729157,"+","chr19",40223250,"cg10722426","CNTD2","Body","Island","","","hg38_cpg_islands; hg38_genes_1to5kb; hg38_genes_3UTRs; hg38_genes_exons","148014; 79935"
"cg04222917",-0.266934627070679,0,0,0,0.266934627070679,"chr6",112021676,"+","chr6",111700473,"cg04222917","FYN;FYN;FYN","Body;Body;Body","OpenSea","FYN","3'UTR","hg38_cpg_inter; hg38_genes_1to5kb; hg38_genes_introns","2534"
"cg11300147",0.266418944230277,0,0,0,0.266418944230277,"chr12",7596703,"-","chr12",7444107,"cg11300147","CD163L1","1stExon","S_Shelf","CD163L1;CD163L1;CD163L1","1stExon;1stExon;1stExon","hg38_cpg_shelves; hg38_genes_1to5kb; hg38_genes_exons; hg38_genes_introns","283316"
"cg22790973",0,0,0.266237299945366,0,0.266237299945366,"chr12",51566990,"-","chr12",51173207,"cg22790973","TFCP2","TSS1500","Island","TFCP2;TFCP2;TFCP2;TFCP2","TSS1500;TSS1500;TSS200;TSS200","hg38_cpg_islands; hg38_genes_promoters","7024"
"cg00632364",0,0,0,-0.266212432685512,0.266212432685512,"chr6",170401305,"-","chr6",170086081,"cg00632364","","","N_Shore","","","hg38_cpg_shores; hg38_genes_1to5kb",""
"cg11735853",0,0,0,0.264942090374785,0.264942090374785,"chr11",2019732,"+","chr11",1998502,"cg11735853","H19","TSS1500","Island","H19;H19;H19;H19;H19;H19;H19;H19","3'UTR;TSS1500;TSS1500;TSS1500;TSS1500;TSS1500;TSS1500;TSS1500","hg38_cpg_islands; hg38_genes_1to5kb; hg38_genes_introns; hg38_genes_promoters","100033819; 283120"
"cg23108931",0,0,0,0.262970550115514,0.262970550115514,"chr8",105342351,"+","chr8",104330123,"cg23108931","","","Island","","","hg38_cpg_islands",""
"cg07213780",0,0,0,0.262896217090601,0.262896217090601,"chr7",158342600,"+","chr7",158549908,"cg07213780","PTPRN2;PTPRN2;PTPRN2","Body;Body;Body","N_Shore","","","hg38_cpg_shores; hg38_genes_introns","5799"
"cg04495270",0.262821494544601,0,0,0,0.262821494544601,"chr17",17206295,"+","chr17",17302981,"cg04495270","NT5M","TSS1500","N_Shore","NT5M;NT5M","TSS1500;TSS1500","hg38_cpg_shores; hg38_genes_promoters","56953"
"cg03878190",-0.262452682120192,0,0,0.0876394077601989,0.262452682120192,"chr2",220047358,"-","chr2",219182636,"cg03878190","FAM134A","3'UTR","S_Shelf","FAM134A;FAM134A","3'UTR;3'UTR","hg38_cpg_inter; hg38_genes_1to5kb; hg38_genes_3UTRs; hg38_genes_exons","27013; 79137"
"cg08097417",-0.112139470445822,0,0.262122936622986,0,0.262122936622986,"chr7",130419133,"-","chr7",130734372,"cg08097417","KLF14","TSS1500","Island","KLF14","TSS1500","hg38_cpg_islands; hg38_genes_promoters","136259"
"cg12876533",-0.261737723231475,0,0,0,0.261737723231475,"chr5",1137928,"-","chr5",1137813,"cg12876533","","","OpenSea","","","hg38_cpg_inter",""
"cg13820391",0.261674867601077,0,0,0,0.261674867601077,"chr11",121835505,"+","chr11",121964797,"cg13820391","","","OpenSea","","","hg38_cpg_inter",""
"cg08137948",0.261426892934859,0,0,0,0.261426892934859,"chr1",236686804,"-","chr1",236523504,"cg08137948","LGALS8;LGALS8;LGALS8;LGALS8;LGALS8;LGALS8","5'UTR;1stExon;5'UTR;5'UTR;TSS1500;1stExon","N_Shore","LGALS8;LGALS8;LGALS8-AS1;LGALS8-AS1;LGALS8;LGALS8;LGALS8;LGALS8;LGALS8;LGALS8;LGALS8","TSS1500;TSS1500;1stExon;1stExon;TSS1500;TSS200;1stExon;5'UTR;5'UTR;5'UTR;5'UTR","hg38_cpg_shores; hg38_genes_1to5kb; hg38_genes_5UTRs; hg38_genes_exons; hg38_genes_introns; hg38_genes_promoters","100287902; 3964"
"cg01203153",-0.261120147428773,0,0,0,0.261120147428773,"chr5",180643432,"+","chr5",181216432,"cg01203153","","","N_Shore","","","hg38_cpg_shores; hg38_genes_introns",""
"cg18833140",0,0,0.261005726185416,0,0.261005726185416,"chr10",115312553,"-","chr10",113552794,"cg18833140","HABP2","TSS1500","OpenSea","HABP2;HABP2;HABP2;HABP2","TSS1500;TSS1500;TSS1500;5'UTR","hg38_cpg_inter; hg38_genes_introns; hg38_genes_promoters","3026"
"cg08558340",0,0,0,0.260669629347756,0.260669629347756,"chr7",100472263,"+","chr7",100874641,"cg08558340","SRRT;SRRT;SRRT;SRRT","TSS1500;TSS1500;TSS1500;TSS1500","N_Shore","SRRT;SRRT;SRRT","TSS1500;TSS1500;TSS1500","hg38_cpg_shores; hg38_genes_promoters","51593"
"cg08336641",-0.260123665416421,0,0,0,0.260123665416421,"chr18",6414602,"+","chr18",6414603,"cg08336641","L3MBTL4","5'UTR","Island","L3MBTL4","5'UTR","hg38_cpg_islands; hg38_genes_introns; hg38_genes_promoters","91133"
"cg07599136",0,-0.260115843309522,0,0,0.260115843309522,"chr5",415885,"-","chr5",415770,"cg07599136","AHRR","Body","OpenSea","AHRR","5'UTR","hg38_cpg_inter; hg38_genes_1to5kb; hg38_genes_introns","116412618; 57491"
"cg12755421",0.259289796426562,0,0,0,0.259289796426562,"chr11",6342214,"-","chr11",6320984,"cg12755421","PRKCDBP","TSS1500","S_Shore","PRKCDBP;PRKCDBP","TSS1500;TSS1500","hg38_cpg_shores; hg38_genes_1to5kb; hg38_genes_introns; hg38_genes_promoters","101927825; 112464"
"cg05369327",0,0,0,0.259224813640335,0.259224813640335,"chr14",95826853,"+","chr14",95360516,"cg05369327","","","Island","","","hg38_cpg_islands",""
"cg24860534",0,0,0,-0.25912235931724,0.25912235931724,"chr1",227506868,"-","chr1",227319167,"cg24860534","CDC42BPA;CDC42BPA","TSS1500;TSS1500","S_Shore","CDC42BPA;CDC42BPA;CDC42BPA","TSS1500;TSS1500;TSS1500","hg38_cpg_shores; hg38_genes_1to5kb; hg38_genes_promoters","8476"
"cg11503875",0.223580688516541,0,-0.259081992198011,0,0.259081992198011,"chr22",46285985,"+","chr22",45890105,"cg11503875","","","Island","","","hg38_cpg_islands; hg38_genes_1to5kb; hg38_genes_introns","107985535"
"cg15195495",0.258844887747627,0,-0.0294490950552417,0,0.258844887747627,"chr19",681420,"+","chr19",681420,"cg15195495","FSTL3","Body","Island","","","hg38_cpg_islands; hg38_genes_5UTRs; hg38_genes_exons","10272"
"cg27070162",0,0,-0.258679194220381,0,0.258679194220381,"chr5",179597526,"+","chr5",180170526,"cg27070162","RASGEF1C","5'UTR","OpenSea","RASGEF1C","5'UTR","hg38_cpg_inter; hg38_genes_introns","255426"
"cg11497526",0,0,0.258398699035602,0,0.258398699035602,"chr17",35902366,"-","chr17",37542264,"cg11497526","SYNRG;SYNRG;SYNRG;SYNRG;SYNRG;SYNRG;SYNRG","Body;Body;Body;Body;Body;Body;Body","OpenSea","SYNRG","3'UTR","hg38_cpg_inter; hg38_genes_1to5kb; hg38_genes_exons","11276"
"cg14877637",0,0,-0.257744833190954,0,0.257744833190954,"chr8",104032876,"-","chr8",103020648,"cg14877637","ATP6V1C1","TSS1500","N_Shore","ATP6V1C1;ATP6V1C1;ATP6V1C1;KB-1639H6.2","TSS1500;TSS1500;TSS1500;3'UTR","hg38_cpg_shores; hg38_genes_introns; hg38_genes_promoters","528"
"cg06764173",0.257509789212298,0,0,0,0.257509789212298,"chr16",89632174,"-","chr16",89565766,"cg06764173","","","N_Shore","","","hg38_cpg_shores",""
"cg06098276",0,0,-0.257414114084247,0,0.257414114084247,"chr17",76171208,"+","chr17",78175127,"cg06098276","TK1","Body","OpenSea","","","hg38_cpg_inter; hg38_genes_3UTRs; hg38_genes_exons","7083"
"cg03031959",0,0,0.256757741286337,0,0.256757741286337,"chr9",85677921,"-","chr9",83063006,"cg03031959","RASEF;RASEF","1stExon;5'UTR","Island","RASEF;RASEF;RASEF;RASEF","1stExon;1stExon;5'UTR;5'UTR","hg38_cpg_islands; hg38_genes_5UTRs; hg38_genes_exons; hg38_genes_promoters","158158"
"cg10883621",0,0,0,0.256551640542619,0.256551640542619,"chr2",26624604,"-","chr2",26401736,"cg10883621","C2orf39","TSS200","Island","CCDC164","TSS200","hg38_cpg_islands; hg38_genes_promoters","92749"
"cg06789517",0,0,0,0.256506299414729,0.256506299414729,"chr1",114631962,"+","chr1",114089340,"cg06789517","SYT6","3'UTR","OpenSea","SYT6","3'UTR","hg38_cpg_inter; hg38_genes_3UTRs; hg38_genes_exons","148281"
"cg25303540",0,0,0,0.256330999919684,0.256330999919684,"chr11",119206052,"+","chr11",119335342,"cg25303540","RNF26","1stExon","S_Shore","RNF26","1stExon","hg38_cpg_shores; hg38_genes_exons","79102"
"cg16896687",0,0,-0.255043260386234,0,0.255043260386234,"chr13",20966332,"+","chr13",20392193,"cg16896687","","","Island","","","hg38_cpg_islands",""
"cg03257608",0,0,0.254650023354381,0,0.254650023354381,"chr2",238707021,"-","chr2",237798378,"cg03257608","RBM44","TSS1500","Island","RBM44;RBM44;RBM44","TSS1500;TSS1500;TSS1500","hg38_cpg_islands; hg38_genes_introns; hg38_genes_promoters","375316; 9208"
"cg01439112",-0.0725133914080466,0,0.253904834096731,0,0.253904834096731,"chr3",37904034,"+","chr3",37862543,"cg01439112","CTDSPL;CTDSPL","Body;Body","Island","AC093415.2","TSS1500","hg38_cpg_islands; hg38_genes_1to5kb; hg38_genes_exons; hg38_genes_introns; hg38_genes_promoters","101928153; 10217"
"cg09338136",-0.253510591718624,0,0,0,0.253510591718624,"chr5",344057,"+","chr5",343942,"cg09338136","AHRR","Body","Island","AHRR","5'UTR","hg38_cpg_islands; hg38_genes_3UTRs; hg38_genes_5UTRs; hg38_genes_exons","116412618; 57491"
"cg18912855",0.253149125200256,0,0,0,0.253149125200256,"chr14",105830859,"-","chr14",105364522,"cg18912855","PACS2;PACS2","Body;Body","S_Shore","","","hg38_cpg_shores; hg38_genes_1to5kb; hg38_genes_introns","23241"
"cg10094358",0,0,0.252475808642176,0,0.252475808642176,"chr6",31127271,"-","chr6",31159494,"cg10094358","TCF19;TCF19;CCHCR1","Body;Body;TSS1500","S_Shore","CCHCR1;CCHCR1;CCHCR1;CCHCR1","TSS1500;TSS1500;TSS1500;TSS1500","hg38_cpg_shores; hg38_genes_1to5kb; hg38_genes_exons","54535; 6941"
"cg25433316",0,0,-0.251620987531205,0,0.251620987531205,"chr2",10197543,"-","chr2",10057416,"cg25433316","CYS1","3'UTR","OpenSea","CYS1","3'UTR","hg38_cpg_inter; hg38_genes_1to5kb; hg38_genes_3UTRs; hg38_genes_exons","192668"
"cg20652464",0,-0.251487303129997,0,0,0.251487303129997,"chr8",752313,"+","chr8",802313,"cg20652464","","","S_Shelf","","","hg38_cpg_shelves; hg38_genes_introns","9228"
"cg13435649",0,0,-0.0327885712265805,0.251295269900638,0.251295269900638,"chr2",182550065,"-","chr2",181685338,"cg13435649","","","S_Shore","AC013733.3","5'UTR","hg38_cpg_shores; hg38_genes_1to5kb; hg38_genes_exons","375298; 4760"
"cg15537850",0,0,0,-0.250928327732292,0.250928327732292,"chr8",144661051,"+","chr8",143578881,"cg15537850","NAPRT1","TSS1500","S_Shore","RP11-661A12.7;NAPRT1;NAPRT1;NAPRT1","TSS1500;TSS1500;TSS1500;TSS1500","hg38_cpg_shores; hg38_genes_1to5kb; hg38_genes_exons; hg38_genes_promoters","93100"
"cg22123784",0.250882486891583,0,0,0,0.250882486891583,"chr8",144437507,"+","chr8",143355337,"cg22123784","","","OpenSea","TOP1MT;TOP1MT;TOP1MT","5'UTR;5'UTR;3'UTR","hg38_cpg_inter; hg38_genes_exons; hg38_genes_introns","116447"
"cg27189341",-0.250763001602407,0,0,0,0.250763001602407,"chr16",80966703,"+","chr16",80932806,"cg27189341","","","S_Shore","","","hg38_cpg_shores; hg38_genes_introns","100996425"
"cg15812020",0,0,0,-0.249922086616891,0.249922086616891,"chr13",25506235,"-","chr13",24932097,"cg15812020","LOC646405","Body","Island","","","hg38_cpg_islands; hg38_genes_introns; hg38_genes_promoters","646405"
"cg06917450",-0.0342782301232497,0.249470870547862,0,0,0.249470870547862,"chr1",38156652,"+","chr1",37690980,"cg06917450","C1orf109","TSS1500","N_Shore","C1orf109;C1orf109;CDCA8;CDCA8","3'UTR;TSS1500;TSS1500;TSS1500","hg38_cpg_shores; hg38_genes_1to5kb; hg38_genes_introns; hg38_genes_promoters","54955; 55143"
"cg06630425",-0.179291209945361,0,0,0.248118404691851,0.248118404691851,"chr16",818451,"-","chr16",768451,"cg06630425","MSLN;MSLN","Body;Body","OpenSea","","","hg38_cpg_shores; hg38_genes_1to5kb; hg38_genes_exons","10232; 724032"
"cg18017482",0,0,-0.247202010716004,0,0.247202010716004,"chr1",47915599,"+","chr1",47449927,"cg18017482","","","N_Shore","","","hg38_cpg_shores",""
"cg22038738",-0.246728171081055,0,0,0,0.246728171081055,"chr8",42064673,"-","chr8",42207155,"cg22038738","PLAT;PLAT","5'UTR;5'UTR","OpenSea","PLAT;PLAT;PLAT","5'UTR;5'UTR;5'UTR","hg38_cpg_inter; hg38_genes_introns","5327"
"cg11715858",-0.246722684741447,0,0,0.151781975785151,0.246722684741447,"chr7",1267228,"-","chr7",1227592,"cg11715858","","","N_Shore","","","hg38_cpg_shores",""
"cg21052814",0,0,0.246617454466478,-0.176967521985378,0.246617454466478,"chr15",79328213,"+","chr15",79035871,"cg21052814","RASGRF1;RASGRF1","Body;Body","OpenSea","RASGRF1","3'UTR","hg38_cpg_inter; hg38_genes_introns","5923"
"cg19596297",0,0,0.245991105392096,0,0.245991105392096,"chr3",45021974,"+","chr3",44980482,"cg19596297","EXOSC7;EXOSC7","Body;Body","S_Shelf","EXOSC7","5'UTR","hg38_cpg_shelves; hg38_genes_1to5kb; hg38_genes_introns","23016; 51304; 7123"
"cg08687163",0,0,0,-0.245122663272875,0.245122663272875,"chr3",49940853,"-","chr3",49903420,"cg08687163","MST1R","1stExon","N_Shore","CTD-2330K9.3;MST1R;MST1R;CTD-2330K9.3;CTD-2330K9.2","TSS1500;1stExon;1stExon;TSS1500;5'UTR","hg38_cpg_shores; hg38_genes_exons; hg38_genes_introns; hg38_genes_promoters","4486"
"cg25446191",0,0,0,-0.244806852695738,0.244806852695738,"chr3",170077545,"+","chr3",170359757,"cg25446191","SKIL;SKIL;SKIL;SKIL","5'UTR;5'UTR;5'UTR;1stExon","S_Shore","SKIL;SKIL;SKIL;SKIL;SKIL","5'UTR;5'UTR;5'UTR;5'UTR;1stExon","hg38_cpg_shores; hg38_genes_1to5kb; hg38_genes_5UTRs; hg38_genes_exons","6498"
"cg15799353",0,0,0,-0.244522554141687,0.244522554141687,"chr20",363112,"+","chr20",382468,"cg15799353","TRIB3","5'UTR","S_Shore","TRIB3;TRIB3;TRIB3","5'UTR;5'UTR;5'UTR","hg38_cpg_shores; hg38_genes_5UTRs; hg38_genes_exons; hg38_genes_introns","57761"
"cg02697989",0,0,-0.243797012673302,0,0.243797012673302,"chr10",1234979,"-","chr10",1189039,"cg02697989","ADARB2","Body","S_Shelf","","","hg38_cpg_shelves; hg38_genes_1to5kb; hg38_genes_introns; hg38_genes_promoters","105; 399706"
"cg26771998",-0.0567703253395754,0,0.243039872278989,0,0.243039872278989,"chr10",75490334,"+","chr10",73730576,"cg26771998","BMS1P4","TSS200","Island","RP11-464F9.1;C10orf102;C10orf102","TSS200;1stExon;5'UTR","hg38_cpg_islands; hg38_genes_1to5kb; hg38_genes_exons; hg38_genes_promoters","113939925; 2749; 729096"
"cg22215678",0,0,-0.241216837325439,0,0.241216837325439,"chr18",19191718,"-","chr18",21611757,"cg22215678","SNRPD1","TSS1500","N_Shore","SNRPD1","TSS1500","hg38_cpg_shores; hg38_genes_promoters","6632"
"cg04057642",0,0,0,-0.241098408828211,0.241098408828211,"chr17",45730222,"+","chr17",47652856,"cg04057642","KPNB1","Body","S_Shelf","KPNB1;KPNB1;KPNB1","5'UTR;ExonBnd;5'UTR","hg38_cpg_shores; hg38_genes_1to5kb; hg38_genes_5UTRs; hg38_genes_exons","112268184; 3837"
"cg09135529",0,0,0.240950357483769,0,0.240950357483769,"chr11",62448703,"+","chr11",62681231,"cg09135529","","","S_Shelf","","","hg38_cpg_shelves; hg38_genes_1to5kb","51035"
"cg12342675",0,0,-0.240864597536966,0.0626662766084947,0.240864597536966,"chr10",60411127,"+","chr10",58651367,"cg12342675","BICC1","Body","OpenSea","","","hg38_cpg_inter; hg38_genes_introns","80114"
"cg08823113",0,0,-0.240680844778042,0,0.240680844778042,"chr5",1662606,"+","chr5",1662491,"cg08823113","","","N_Shore","","","hg38_cpg_shores",""
"cg01274643",0.24036239477384,0,0,0,0.24036239477384,"chr11",1283946,"-","chr11",1262716,"cg01274643","","","OpenSea","","","hg38_cpg_inter",""
"cg07363637",0,0,0.0540340737498292,-0.240348993989365,0.240348993989365,"chr6",31846996,"-","chr6",31879219,"cg07363637","SLC44A4","TSS200","OpenSea","SLC44A4;SLC44A4;SLC44A4","TSS200;TSS1500;TSS1500","hg38_cpg_inter; hg38_genes_1to5kb; hg38_genes_introns; hg38_genes_promoters","107986588; 80736"
"cg09258553",0.240315088760515,0,0,0,0.240315088760515,"chr2",241564827,"-","chr2",240625410,"cg09258553","","","S_Shore","GPR35;GPR35;GPR35;GPR35","1stExon;5'UTR;5'UTR;5'UTR","hg38_cpg_shores; hg38_genes_1to5kb; hg38_genes_introns; hg38_genes_promoters","2859"
"cg00425431",0,0,0,-0.239349995622081,0.239349995622081,"chr15",90792223,"+","chr15",90248991,"cg00425431","TTLL13","TSS1500","N_Shore","TTLL13;RP11-697E2.6","TSS1500;TSS1500","hg38_cpg_shores; hg38_genes_introns; hg38_genes_promoters","440307"
"cg17172683",0,0,0,-0.23894137416638,0.23894137416638,"chr2",133343618,"-","chr2",132586045,"cg17172683","GPR39","Body","S_Shore","","","hg38_cpg_shores; hg38_genes_introns","2863"
"cg27597505",0,-0.238862644091655,0,0,0.238862644091655,"chr12",54148217,"-","chr12",53754433,"cg27597505","","","S_Shelf","RP11-686F15.2;RP11-686F15.2","1stExon;5'UTR","hg38_cpg_shelves; hg38_genes_1to5kb; hg38_genes_exons; hg38_genes_introns","102216268; 105378250; 107984525"
"cg06541222",0.238515454787996,0,0,0,0.238515454787996,"chr8",74019754,"+","chr8",73107519,"cg06541222","","","OpenSea","C8orf84","3'UTR","hg38_cpg_inter; hg38_genes_introns","157869"
"cg26224664",0,-0.237828776389025,0,0,0.237828776389025,"chr14",101693935,"-","chr14",101227598,"cg26224664","","","OpenSea","","","hg38_cpg_shelves",""
"cg10312186",0,0,0,-0.23767308045528,0.23767308045528,"chr6",170403583,"+","chr6",170088359,"cg10312186","","","S_Shore","","","hg38_cpg_shores; hg38_genes_exons",""
"cg01614237",0.218465455969052,0,0,-0.237559795029665,0.237559795029665,"chr4",6660771,"-","chr4",6659044,"cg01614237","","","Island","","","hg38_cpg_islands; hg38_genes_1to5kb; hg38_genes_exons; hg38_genes_introns","105374366; 93622"
"cg04101015",0,0,0,-0.237539573161747,0.237539573161747,"chr1",159170275,"-","chr1",159200485,"cg04101015","CADM3;CADM3","Body;Body","OpenSea","CTA-134P22.2;CADM3","3'UTR;5'UTR","hg38_cpg_inter; hg38_genes_1to5kb; hg38_genes_introns","100131825; 2532; 57863"
"cg07195301",0,0,0.237504998575752,0,0.237504998575752,"chr5",121648993,"-","chr5",122313298,"cg07195301","SNCAIP","5'UTR","S_Shore","SNCAIP;SNCAIP;SNCAIP;SNCAIP;SNCAIP;SNCAIP;SNCAIP","5'UTR;5'UTR;5'UTR;5'UTR;5'UTR;5'UTR;5'UTR","hg38_cpg_shores; hg38_genes_1to5kb; hg38_genes_introns","9627"
"cg01603396",-0.236511058451747,0,0,0,0.236511058451747,"chr5",174154199,"+","chr5",174727196,"cg01603396","MSX2","Body","S_Shore","MSX2","3'UTR","hg38_cpg_shores; hg38_genes_introns","4488"
"cg27417997",0.166264100120843,0,-0.236433549636878,0,0.236433549636878,"chr4",77356416,"+","chr4",76435263,"cg27417997","SHROOM3;SHROOM3","1stExon;5'UTR","OpenSea","SHROOM3;SHROOM3","5'UTR;1stExon","hg38_cpg_inter; hg38_genes_5UTRs; hg38_genes_exons; hg38_genes_promoters","57619"
"cg18769074",0,0,0,-0.235488113581259,0.235488113581259,"chr3",133464867,"-","chr3",133746023,"cg18769074","TF","TSS200","N_Shore","TF;TF;TF;TF;TFP1","TSS1500;5'UTR;1stExon;TSS1500;5'UTR","hg38_cpg_shores; hg38_genes_1to5kb; hg38_genes_introns; hg38_genes_promoters","7018"
"cg15679892",-0.131519131491941,0,0,0.234390823404272,0.234390823404272,"chr7",1267057,"+","chr7",1227421,"cg15679892","","","S_Shore","","","hg38_cpg_shores",""
"cg00321850",0,0,0.23385603509257,0,0.23385603509257,"chr1",175162397,"+","chr1",175193261,"cg00321850","KIAA0040;KIAA0040;KIAA0040;KIAA0040","TSS200;TSS1500;TSS1500;TSS200","S_Shore","KIAA0040;KIAA0040;KIAA0040;KIAA0040;KIAA0040","TSS1500;TSS1500;TSS1500;TSS200;TSS1500","hg38_cpg_shores; hg38_genes_promoters","9674"
"cg05233774",-0.23242552758621,0,0,0,0.23242552758621,"chr12",66192970,"-","chr12",65799190,"cg05233774","RPSAP52","Body","OpenSea","RPSAP52","3'UTR","hg38_cpg_inter; hg38_genes_introns","204010"
"cg02592403",0,0.232284034359628,0,0,0.232284034359628,"chr19",51614910,"-","chr19",51111653,"cg02592403","","","S_Shelf","","","hg38_cpg_shelves; hg38_genes_1to5kb","90353"
"cg20648847",0,0,-0.23197564220887,0,0.23197564220887,"chr11",66326767,"-","chr11",66559296,"cg20648847","ACTN3","Body","Island","CTD-3074O7.2","3'UTR","hg38_cpg_islands; hg38_genes_exons; hg38_genes_introns","89"
"cg05295388",0.231927155849717,0,0,0,0.231927155849717,"chr2",118594304,"-","chr2",117836728,"cg05295388","","","S_Shore","AC009404.2;AC009404.2;AC009404.2","5'UTR;TSS1500;5'UTR","hg38_cpg_shores; hg38_genes_1to5kb; hg38_genes_exons; hg38_genes_introns","107985939"
"cg04386759",0,-0.231781792984563,0,0,0.231781792984563,"chr6",170554795,"+","chr6",170245707,"cg04386759","","","OpenSea","","","hg38_cpg_inter; hg38_genes_introns","154449"
"cg04069472",0,0,0.23171309663466,-0.0274831743181698,0.23171309663466,"chr17",55122988,"+","chr17",57045627,"cg04069472","RNF126P1","Body","Island","RNF126P1","5'UTR","hg38_cpg_islands; hg38_genes_exons","376412"
"cg11430259",0,0.231566845923396,0,0,0.231566845923396,"chr10",123355748,"-","chr10",121596234,"cg11430259","FGFR2;FGFR2;FGFR2;FGFR2;FGFR2;FGFR2","5'UTR;5'UTR;5'UTR;5'UTR;5'UTR;5'UTR","N_Shore","FGFR2;FGFR2;FGFR2;FGFR2;FGFR2;FGFR2;FGFR2","5'UTR;5'UTR;5'UTR;5'UTR;5'UTR;5'UTR;5'UTR","hg38_cpg_shores; hg38_genes_1to5kb; hg38_genes_5UTRs; hg38_genes_exons; hg38_genes_introns; hg38_genes_promoters","2263"
"cg27528695",0,0,0.23107814944004,0,0.23107814944004,"chr1",109643479,"+","chr1",109100857,"cg27528695","","","S_Shore","","","hg38_cpg_shores",""
"cg03178816",0,0,-0.231043656558126,0,0.231043656558126,"chr6",170478083,"-","chr6",170162859,"cg03178816","","","S_Shelf","RP11-302L19.1","5'UTR","hg38_cpg_shelves; hg38_genes_1to5kb; hg38_genes_exons","102724511; 105378153"
"cg13692134",0.230827243976217,0,0,-0.219313490823974,0.230827243976217,"chr5",74350132,"+","chr5",75054307,"cg13692134","","","Island","RP11-229C3.2","TSS1500","hg38_cpg_islands; hg38_genes_1to5kb","51301"
"cg19210306",0,0,0.230625175459434,0,0.230625175459434,"chr13",103425389,"+","chr13",102773039,"cg19210306","C13orf27","5'UTR","Island","TEX30;TEX30;TEX30;TEX30","3'UTR;5'UTR;5'UTR;5'UTR","hg38_cpg_islands; hg38_genes_1to5kb; hg38_genes_introns","93081"
"cg08815479",0,0,0.230514817461016,0,0.230514817461016,"chr1",15573596,"-","chr1",15247100,"cg08815479","FHAD1","TSS200","N_Shore","FHAD1","TSS200","hg38_cpg_shores; hg38_genes_1to5kb; hg38_genes_introns; hg38_genes_promoters","114827"
"cg09361469",0,0,-0.230252414716038,0,0.230252414716038,"chr10",5688620,"+","chr10",5646657,"cg09361469","ASB13;ASB13","Body;Body","OpenSea","ASB13","3'UTR","hg38_cpg_shores; hg38_genes_1to5kb; hg38_genes_introns","79754"
"cg14128973",0.0118710068062476,0,0,-0.230163622286803,0.230163622286803,"chr19",11649462,"+","chr19",11538647,"cg14128973","CNN1","TSS200","OpenSea","CNN1;CNN1;CNN1","TSS200;TSS1500;TSS1500","hg38_cpg_shelves; hg38_genes_1to5kb; hg38_genes_promoters","1264"
"cg08859206",0,0,0,0.229896816219724,0.229896816219724,"chr1",53392774,"+","chr1",52927102,"cg08859206","SCP2;SCP2","TSS200;TSS200","N_Shore","SCP2;SCP2;SCP2;ECHDC2","TSS1500;TSS200;TSS200;5'UTR","hg38_cpg_shores; hg38_genes_1to5kb; hg38_genes_introns; hg38_genes_promoters","55268; 6342"
"cg11344533",0.229779345618813,0,0,0,0.229779345618813,"chr11",111475393,"+","chr11",111604669,"cg11344533","SIK2","Body","S_Shore","","","hg38_cpg_shores; hg38_genes_introns","23235"
"cg07636225",0,-0.229666555897421,0.0474106229640141,0,0.229666555897421,"chr11",63466987,"-","chr11",63699515,"cg07636225","RTN3;RTN3;RTN3;RTN3","Body;Body;Body;Body","OpenSea","RTN3","5'UTR","hg38_cpg_inter; hg38_genes_introns; hg38_genes_promoters","10313"
"cg02495395",-0.229610553897822,0,0.186784200574468,0,0.229610553897822,"chr3",50383368,"-","chr3",50345937,"cg02495395","ZMYND10","TSS1500","S_Shore","ZMYND10;ZMYND10;ZMYND10","1stExon;5'UTR;TSS1500","hg38_cpg_shores; hg38_genes_1to5kb; hg38_genes_promoters","11068; 11186; 51364"
"cg20978937",0.229117132432137,0,-0.0342530080119397,0,0.229117132432137,"chr14",105399321,"-","chr14",104932984,"cg20978937","PLD4","3'UTR","Island","PLD4;PLD4;PLD4","3'UTR;3'UTR;3'UTR","hg38_cpg_islands; hg38_genes_3UTRs; hg38_genes_exons; hg38_genes_introns","122618"
"cg17760043",0,0,0,0.229018572232853,0.229018572232853,"chr4",126279846,"+","chr4",125358691,"cg17760043","FAT4","Body","OpenSea","","","hg38_cpg_inter; hg38_genes_1to5kb; hg38_genes_introns","79633"
"cg02466830",-0.228897777061445,0,0,0,0.228897777061445,"chr3",98376390,"-","chr3",98657546,"cg02466830","","","Island","","","hg38_cpg_islands; hg38_genes_promoters",""
"cg00935421",0,0,0,0.228681747931725,0.228681747931725,"chr16",87991419,"+","chr16",87957813,"cg00935421","BANP;BANP","5'UTR;5'UTR","Island","BANP;BANP;BANP","5'UTR;5'UTR;5'UTR","hg38_cpg_islands; hg38_genes_1to5kb; hg38_genes_introns","54971"
"cg23001415",0,0,0,-0.228533092445843,0.228533092445843,"chr22",21311401,"-","chr22",20957113,"cg23001415","","","Island","XXbac-B135H6.15;XXbac-B135H6.15","1stExon;5'UTR","hg38_cpg_islands; hg38_genes_exons","101928891"
"cg19205533",0,0,-0.228182455654045,0,0.228182455654045,"chr12",15373987,"-","chr12",15221053,"cg19205533","RERG","5'UTR","Island","RERG;RERG","5'UTR;5'UTR","hg38_cpg_islands; hg38_genes_1to5kb; hg38_genes_introns","105369673; 85004"
"cg15782153",0,0,0,0.228104705707313,0.228104705707313,"chr7",917662,"+","chr7",878025,"cg15782153","C7orf20","Body","Island","","","hg38_cpg_islands; hg38_genes_5UTRs; hg38_genes_exons; hg38_genes_introns","51608"
"cg03743982",0,0,-0.228062919180194,0.041636237459713,0.228062919180194,"chr16",75150833,"+","chr16",75116935,"cg03743982","LDHD;LDHD","TSS200;TSS200","S_Shore","LDHD;LDHD","TSS200;TSS200","hg38_cpg_shores; hg38_genes_1to5kb; hg38_genes_promoters","162239; 197257"
"cg05363903",0,0,0,-0.227469627251817,0.227469627251817,"chr2",237415899,"-","chr2",236507256,"cg05363903","IQCA1","1stExon","N_Shore","IQCA1;IQCA1;IQCA1;IQCA1","5'UTR;1stExon;1stExon;1stExon","hg38_cpg_shores; hg38_genes_1to5kb; hg38_genes_introns","79781"
"cg23464284",0,0,0,0.22718225522962,0.22718225522962,"chr6",166996837,"-","chr6",166583349,"cg23464284","RPS6KA2;RPS6KA2","Body;Body","OpenSea","RPS6KA2","5'UTR","hg38_cpg_inter; hg38_genes_3UTRs; hg38_genes_exons; hg38_genes_introns","353267; 6196"
"cg27635267",0,0,0,0.226797391953335,0.226797391953335,"chr11",35547519,"-","chr11",35525971,"cg27635267","PAMR1;PAMR1","TSS1500;TSS1500","S_Shore","PAMR1;PAMR1;PAMR1;PAMR1;PAMR1;PAMR1","1stExon;5'UTR;TSS1500;TSS1500;TSS1500;5'UTR","hg38_cpg_inter; hg38_genes_5UTRs; hg38_genes_exons; hg38_genes_introns; hg38_genes_promoters","25891"
"cg14266248",0,0,-0.225948127827393,0,0.225948127827393,"chr8",62606211,"-","chr8",61693652,"cg14266248","ASPH;ASPH;ASPH;ASPH;ASPH","Body;Body;Body;Body;Body","OpenSea","","","hg38_cpg_inter; hg38_genes_1to5kb; hg38_genes_introns","444"
"cg00984540",0,0,0.225795084027621,0,0.225795084027621,"chr7",155589293,"+","chr7",155796599,"cg00984540","","","Island","","","hg38_cpg_islands",""
"cg10218876",0.225657798564921,0,0,-0.0748048225056893,0.225657798564921,"chr19",55660625,"-","chr19",55149257,"cg10218876","TNNT1;TNNT1;TNNT1","TSS200;TSS200;TSS200","OpenSea","TNNT1;TNNT1","TSS200;TSS200","hg38_cpg_shelves; hg38_genes_1to5kb; hg38_genes_promoters","7138"
"cg03438417",0,0,-0.225567746001663,0.0781719460955289,0.225567746001663,"chr3",126007325,"-","chr3",126288482,"cg03438417","","","Island","RP11-71E19.1","5'UTR","hg38_cpg_islands; hg38_genes_exons; hg38_genes_introns","107986124; 28999"
"cg01419539",0,0,0,-0.225429818962353,0.225429818962353,"chr4",53010,"+","chr4",53116,"cg01419539","ZNF595;ZNF718","TSS1500;TSS1500","N_Shore","ZNF595;ZNF595;ZNF595","TSS200;TSS200;TSS200","hg38_cpg_shores; hg38_genes_1to5kb; hg38_genes_promoters","152687"
"cg16501323",0,0,0,-0.225366391218957,0.225366391218957,"chr21",45705618,"-","chr21",44285735,"cg16501323","AIRE","TSS200","Island","AIRE","TSS200","hg38_cpg_islands; hg38_genes_promoters","326"
"cg02903756",0,0,0,-0.224958164496401,0.224958164496401,"chr1",10750680,"+","chr1",10690623,"cg02903756","CASZ1;CASZ1","Body;Body","N_Shelf","","","hg38_cpg_shelves; hg38_genes_introns","54897"
"cg21220721",0,0,0.224787922235304,0,0.224787922235304,"chr1",6341230,"+","chr1",6281170,"cg21220721","ACOT7;ACOT7;ACOT7;ACOT7","Body;Body;Body;Body","Island","ACOT7","3'UTR","hg38_cpg_islands; hg38_genes_3UTRs; hg38_genes_exons","11332"
"cg07018107",0,0,0,0.223659391542204,0.223659391542204,"chr8",129162406,"-","chr8",128150160,"cg07018107","MIR1208","Body","OpenSea","MIR1208","5'UTR","hg38_cpg_inter; hg38_enhancers_fantom; hg38_genes_exons; hg38_genes_introns","100302281; 124902020; 5820"
"cg25423752",0,0,0.223554143475365,0,0.223554143475365,"chr5",178422415,"-","chr5",178995414,"cg25423752","GRM6","TSS1500","S_Shore","GRM6;GRM6;GRM6","3'UTR;TSS200;TSS1500","hg38_cpg_shores; hg38_genes_introns; hg38_genes_promoters","2916"
"cg14539658",0,0,0,0.222879733483779,0.222879733483779,"chr14",21495146,"-","chr14",21026987,"cg14539658","NDRG2;NDRG2;NDRG2;NDRG2","TSS1500;TSS1500;TSS1500;TSS1500","S_Shore","NDRG2;NDRG2;NDRG2;NDRG2;NDRG2;AL161668.5;AL161668.5","TSS1500;TSS1500;TSS1500;TSS1500;TSS1500;5'UTR;5'UTR","hg38_cpg_shores; hg38_genes_1to5kb; hg38_genes_introns","102465428; 122664; 57447"
"cg09928766",0,0,-0.222815527800124,0,0.222815527800124,"chr19",51815373,"-","chr19",51312119,"cg09928766","IGLON5","Body","Island","","","hg38_cpg_islands; hg38_genes_introns","402665"
"cg05592035",0,0,0,-0.222698836135419,0.222698836135419,"chr17",72462984,"+","chr17",74466845,"cg05592035","CD300A","Body","OpenSea","","","hg38_cpg_inter; hg38_genes_introns; hg38_genes_promoters","11314"
"cg02527881",0.222671645955183,0,0,0,0.222671645955183,"chr3",46936655,"+","chr3",46895165,"cg02527881","PTH1R","Body","N_Shelf","PTH1R","5'UTR","hg38_cpg_shelves; hg38_genes_introns","5745"
"cg03909863",0,0,-0.222273632570676,0,0.222273632570676,"chr11",638404,"+","chr11",638404,"cg03909863","DRD4","Body","Island","DRD4","TSS1500","hg38_cpg_islands; hg38_genes_introns; hg38_genes_promoters","1815"
"cg02030270",0,-0.221956207214568,0,0,0.221956207214568,"chr15",84215725,"-","chr15",83546973,"cg02030270","SH3GL3;SH3GL3","Body;Body","OpenSea","","","hg38_cpg_inter; hg38_genes_introns","6457"
"cg16072688",0,0,0,0.221770139296579,0.221770139296579,"chr8",57360711,"-","chr8",56448152,"cg16072688","PENK","TSS1500","Island","PENK;PENK;PENK;RP11-17A4.2","TSS1500;TSS1500;TSS1500;5'UTR","hg38_cpg_islands; hg38_enhancers_fantom; hg38_genes_1to5kb; hg38_genes_introns","101929415; 124901948; 5179"
"cg18405330",0,0,-0.221727769108105,0,0.221727769108105,"chr6",164171960,"+","chr6",163750928,"cg18405330","","","OpenSea","RP1-230L10.1","5'UTR","hg38_cpg_inter; hg38_genes_introns","124901499"
"cg24118521",0,0,0,0.22144779724397,0.22144779724397,"chr13",47472330,"+","chr13",46898195,"cg24118521","HTR2A;HTR2A","TSS1500;TSS1500","OpenSea","HTR2A","TSS1500","hg38_cpg_inter; hg38_genes_1to5kb","3356"
"cg13809095",0,0,0.221382277452336,0,0.221382277452336,"chr10",65647092,"-","chr10",63887332,"cg13809095","","","OpenSea","RP11-170M17.1","5'UTR","hg38_cpg_inter; hg38_genes_introns","124902438; 124902439"
"cg25185001",0.0344235627578022,0,-0.220871567416484,0,0.220871567416484,"chr7",150846128,"-","chr7",151149041,"cg25185001","GBX1","Body","OpenSea","","","hg38_cpg_inter; hg38_genes_exons","2636"
"cg25769590",0,0,-0.22081822780232,0,0.22081822780232,"chr7",158789503,"-","chr7",158996812,"cg25769590","","","Island","","","hg38_cpg_islands",""
"cg02792740",0.220557158405705,0,0,0,0.220557158405705,"chr6",2876395,"-","chr6",2876161,"cg02792740","","","S_Shore","RP11-420G6.4;RP11-420G6.4","3'UTR;3'UTR","hg38_cpg_shores; hg38_genes_introns; hg38_genes_promoters","221756"
"cg02228675",-0.22020026039492,0,0,0,0.22020026039492,"chr17",40259724,"-","chr17",42107706,"cg02228675","DHX58","Body","Island","","","hg38_cpg_islands; hg38_genes_1to5kb; hg38_genes_exons","79132"
"cg14963928",0.220055428608541,0,0,0,0.220055428608541,"chr1",40392088,"+","chr1",39926416,"cg14963928","","","OpenSea","","","hg38_cpg_inter",""
"cg06285241",0.21188445614916,-0.220007216372441,0,0,0.220007216372441,"chr14",105944655,"-","chr14",105478318,"cg06285241","CRIP2","Body","Island","CRIP2","5'UTR","hg38_cpg_islands; hg38_genes_exons; hg38_genes_introns; hg38_genes_promoters","1397"
"cg02289754",0,0.219817533228171,0,0,0.219817533228171,"chr1",47068636,"-","chr1",46602964,"cg02289754","MKNK1;MKNK1;MKNK1;MKNK1;MKNK1","Body;Body;5'UTR;5'UTR;5'UTR","N_Shore","MKNK1;MKNK1;MKNK1;MKNK1;MKNK1;MKNK1","5'UTR;5'UTR;5'UTR;5'UTR;5'UTR;3'UTR","hg38_cpg_shores; hg38_genes_introns","8569"
"cg01061553",0,0,0,0.219670678188759,0.219670678188759,"chr12",110891467,"+","chr12",110453662,"cg01061553","GPN3;GPN3;GPN3","Body;Body;Body","S_Shelf","","","hg38_cpg_shelves; hg38_genes_1to5kb; hg38_genes_introns","10094; 51184"
"cg13148921",0,0,0,0.219230719639212,0.219230719639212,"chr15",80853140,"-","chr15",80560799,"cg13148921","ARNT2","Body","OpenSea","RP11-379K22.2","3'UTR","hg38_cpg_inter; hg38_genes_introns","101929586; 9915"
"cg26195482",0,0,0,0.218901705516469,0.218901705516469,"chr14",104551553,"+","chr14",104085216,"cg26195482","ASPG","TSS1500","N_Shore","ASPG;ASPG;ASPG;ASPG","TSS1500;TSS1500;TSS1500;TSS1500","hg38_cpg_shores; hg38_genes_promoters","374569"
"cg05932042",0,0,0,0.218895304761803,0.218895304761803,"chr17",40822653,"-","chr17",42670635,"cg05932042","PLEKHH3","Body","Island","","","hg38_cpg_islands; hg38_genes_exons; hg38_genes_promoters","79990"
"cg09606495",0,0,0.218636618325362,0,0.218636618325362,"chr11",2181269,"+","chr11",2160039,"cg09606495","INS-IGF2;INS-IGF2;INS","Body;Body;Body","OpenSea","INS-IGF2;IGF2","TSS1500;5'UTR","hg38_cpg_inter; hg38_genes_1to5kb; hg38_genes_introns","3481; 3630; 723961"
"cg20011983",0,-0.218344659721548,0,0,0.218344659721548,"chr2",74347215,"-","chr2",74120088,"cg20011983","","","N_Shore","","","hg38_cpg_shores; hg38_genes_1to5kb; hg38_genes_promoters","200424"
"cg23075286",0,0,0.218212526191369,-0.212418634499302,0.218212526191369,"chr19",56687199,"+","chr19",56175830,"cg23075286","GALP;GALP","TSS200;TSS200","OpenSea","GALP","TSS200","hg38_cpg_inter; hg38_genes_1to5kb; hg38_genes_promoters","85569"
"cg22138327",0,0,0.136454558053476,-0.21782562812387,0.21782562812387,"chr13",27999177,"+","chr13",27425040,"cg22138327","GTF3A","Body","Island","GTF3A","TSS1500","hg38_cpg_islands; hg38_genes_1to5kb; hg38_genes_exons; hg38_genes_introns; hg38_genes_promoters","2971"
"cg01256539",0,0,0,-0.217658440536093,0.217658440536093,"chr5",119802022,"+","chr5",120466327,"cg01256539","PRR16","5'UTR","S_Shore","PRR16","5'UTR","hg38_cpg_shores; hg38_genes_introns","51334"
"cg12052203",0,0.21757095506447,0,0,0.21757095506447,"chr11",66115045,"-","chr11",66347574,"cg12052203","B3GNT1;B3GNT1","1stExon;5'UTR","Island","RP11-867G23.8;B3GNT1;B3GNT1;B3GNT1;B3GNT1","TSS1500;1stExon;5'UTR;1stExon;5'UTR","hg38_cpg_islands; hg38_genes_1to5kb; hg38_genes_5UTRs; hg38_genes_exons; hg38_genes_promoters","102724064; 11041; 25855"
"cg01098474",0,0,-0.217396139181087,0,0.217396139181087,"chr7",57508755,"-","chr7",57449049,"cg01098474","ZNF716","TSS1500","OpenSea","ZNF716","TSS1500","hg38_cpg_inter; hg38_genes_1to5kb","441234"
"cg04411044",0,0.00508031897593891,0,-0.217385691472768,0.217385691472768,"chr1",36191660,"-","chr1",35726059,"cg04411044","","","OpenSea","","","hg38_cpg_inter; hg38_genes_introns","63967"
"cg27370229",0,0.217135682335842,0,0,0.217135682335842,"chr16",89226999,"-","chr16",89160591,"cg27370229","C16orf81","Body","S_Shore","LINC00304","5'UTR","hg38_cpg_shores; hg38_genes_1to5kb; hg38_genes_exons; hg38_genes_introns","197322; 283860"
"cg24630195",0,0,0,0.21666859167864,0.21666859167864,"chr5",2748369,"-","chr5",2748255,"cg24630195","IRX2;IRX2","Body;Body","Island","","","hg38_cpg_islands; hg38_genes_1to5kb; hg38_genes_introns","153571; 153572"
"cg25984458",0,0,-0.216175514558253,0,0.216175514558253,"chr22",49800171,"-","chr22",49406522,"cg25984458","","","S_Shore","","","hg38_cpg_shores",""
"cg06935979",0.215984827746334,0,0,0,0.215984827746334,"chr1",232941706,"+","chr1",232805960,"cg06935979","KIAA1383","1stExon","Island","KIAA1383","1stExon","hg38_cpg_islands; hg38_genes_exons","54627"
"cg17380795",0,0,0,-0.215590545222837,0.215590545222837,"chr3",122379686,"+","chr3",122660839,"cg17380795","","","OpenSea","","","hg38_cpg_inter; hg38_enhancers_fantom; hg38_genes_exons",""
"cg12999941",0,0,0,-0.215482650477113,0.215482650477113,"chr3",50304930,"+","chr3",50267498,"cg12999941","SEMA3B;SEMA3B","TSS200;TSS200","OpenSea","U73167.7;SEMA3B","TSS200;TSS200","hg38_cpg_inter; hg38_genes_1to5kb; hg38_genes_exons; hg38_genes_promoters","101928931; 7869"
"cg14781394",-0.215424050297242,0,0,0,0.215424050297242,"chr19",16441457,"+","chr19",16330646,"cg14781394","","","S_Shelf","","","hg38_cpg_shelves; hg38_enhancers_fantom",""
"cg23077575",0,0,0,0.215341654256882,0.215341654256882,"chr5",132113608,"+","chr5",132777916,"cg23077575","SEPT8;SEPT8;SEPT8;SEPT8","TSS200;TSS1500;TSS1500;TSS1500","Island","SEPT8;SEPT8;SEPT8;SEPT8;SEPT8;SEPT8;SEPT8;SEPT8","TSS1500;TSS1500;TSS1500;TSS1500;TSS1500;TSS1500;TSS200;5'UTR","hg38_cpg_islands; hg38_genes_1to5kb; hg38_genes_5UTRs; hg38_genes_exons; hg38_genes_introns; hg38_genes_promoters","23176"
"cg12856392",0,0,0,-0.21512608632508,0.21512608632508,"chr7",64126140,"+","chr7",64665762,"cg12856392","ZNF107;ZNF107","TSS1500;TSS1500","N_Shore","ZNF107;ZNF107","TSS1500;TSS1500","hg38_cpg_shores; hg38_genes_promoters","51427"
"cg01116059",0,0,0.214791686280331,0,0.214791686280331,"chr5",121647630,"-","chr5",122311935,"cg01116059","SNCAIP","TSS200","Island","SNCAIP;SNCAIP;SNCAIP;SNCAIP;SNCAIP;SNCAIP","TSS1500;TSS1500;TSS1500;TSS200;TSS200;5'UTR","hg38_cpg_islands; hg38_genes_introns; hg38_genes_promoters","9627"
"cg08661007",0,0,0.214609735492218,0,0.214609735492218,"chr3",79817232,"-","chr3",79768082,"cg08661007","ROBO1","TSS200","S_Shore","ROBO1","TSS1500","hg38_cpg_shores; hg38_genes_promoters","6091"
"cg13586425",0.176145875229405,0,-0.214562709780742,0,0.214562709780742,"chr12",131519906,"+","chr12",131035361,"cg13586425","GPR133","Body","S_Shelf","RP11-76C10.2;RP11-76C10.2","3'UTR;1stExon","hg38_cpg_shelves; hg38_genes_exons; hg38_genes_introns","283383"
"cg27369431",0,0,0,-0.214174193358964,0.214174193358964,"chr6",30901148,"+","chr6",30933371,"cg27369431","SFTA2","TSS1500","OpenSea","Y_RNA;SFTA2","TSS1500;TSS1500","hg38_cpg_inter; hg38_genes_1to5kb; hg38_genes_introns; hg38_genes_promoters","135656; 389376"
"cg22708112",0,0,0,-0.213641475800758,0.213641475800758,"chr15",57883392,"-","chr15",57591194,"cg22708112","GCOM1;GCOM1;GCOM1;GCOM1","TSS1500;TSS1500;TSS1500;TSS1500","N_Shore","GCOM1;GCOM1;GCOM1;GCOM1","TSS1500;TSS1500;TSS1500;TSS1500","hg38_cpg_shores; hg38_genes_promoters","100820829; 145781"
"cg00288598",-0.21360313786,0,0,0,0.21360313786,"chr8",141555295,"+","chr8",140545196,"cg00288598","EIF2C2;EIF2C2","Body;Body","N_Shelf","","","hg38_cpg_shelves; hg38_enhancers_fantom; hg38_genes_1to5kb; hg38_genes_introns","27161"
"cg11722376",0.213504516732443,0,0,0,0.213504516732443,"chr2",130691882,"+","chr2",129934309,"cg11722376","LOC389033","Body","Island","AC079776.2;AC079776.2;AC079776.3","3'UTR;1stExon;5'UTR","hg38_cpg_islands; hg38_genes_exons; hg38_genes_introns","101927924; 389033"
"cg26034375",0,-0.213076919188191,0,0,0.213076919188191,"chr1",31907354,"-","chr1",31434507,"cg26034375","SERINC2","3'UTR","OpenSea","SERINC2;SERINC2;SERINC2;SERINC2;SERINC2","3'UTR;3'UTR;3'UTR;3'UTR;5'UTR","hg38_cpg_inter; hg38_genes_3UTRs; hg38_genes_exons","347735"
"cg05626664",0,0,-0.212775751366344,0,0.212775751366344,"chr1",208394231,"-","chr1",208220886,"cg05626664","PLXNA2","5'UTR","OpenSea","PLXNA2","5'UTR","hg38_cpg_inter; hg38_genes_1to5kb; hg38_genes_introns","5362"
"cg24722577",0,0,0.212771173877122,0,0.212771173877122,"chr5",76034887,"-","chr5",76739062,"cg24722577","","","OpenSea","","","hg38_cpg_inter; hg38_enhancers_fantom",""
"cg14973995",0,0,-0.212746932177687,0,0.212746932177687,"chr4",2935692,"-","chr4",2933965,"cg14973995","MFSD10;MFSD10;MFSD10","5'UTR;1stExon;5'UTR","Island","MFSD10;MFSD10;MFSD10;MFSD10;MFSD10;MFSD10","1stExon;5'UTR;5'UTR;5'UTR;5'UTR;TSS200","hg38_cpg_islands; hg38_genes_1to5kb; hg38_genes_5UTRs; hg38_genes_exons; hg38_genes_introns; hg38_genes_promoters","10227; 317648"
"cg04221606",0.2123884707096,0,0,0,0.2123884707096,"chr6",151646552,"-","chr6",151325417,"cg04221606","AKAP12;AKAP12","TSS200;Body","N_Shore","AKAP12","TSS1500","hg38_cpg_shores; hg38_genes_introns; hg38_genes_promoters","9590"
"cg20702390",0.212184601799877,0,0,0,0.212184601799877,"chr2",18766018,"+","chr2",18584752,"cg20702390","NT5C1B;NT5C1B","Body;Body","Island","U6","TSS1500","hg38_cpg_islands; hg38_genes_1to5kb; hg38_genes_exons; hg38_genes_promoters","100526794; 93034"
"cg19145607",-0.212053891242071,0,0,0,0.212053891242071,"chr3",45983792,"-","chr3",45942300,"cg19145607","CXCR6;FYCO1","TSS1500;Body","OpenSea","CXCR6;CXCR6;FYCO1","5'UTR;TSS1500;5'UTR","hg38_cpg_inter; hg38_genes_1to5kb; hg38_genes_introns","10663; 79443"
"cg16365842",0,0,0,-0.211841077988058,0.211841077988058,"chr6",170191057,"-","chr6",169790961,"cg16365842","C6orf122;C6orf208","Body;Body","S_Shore","LINC00242;LINC00574","3'UTR;5'UTR","hg38_cpg_shores; hg38_genes_exons; hg38_genes_introns","401288; 80069"
"cg03339458",0,0,0,-0.211343721782631,0.211343721782631,"chr1",151300581,"-","chr1",151328105,"cg03339458","","","Island","PI4KB;PI4KB;PI4KB;PI4KB","TSS1500;TSS1500;TSS1500;TSS1500","hg38_cpg_islands; hg38_genes_exons; hg38_genes_promoters","5298"
"cg19860717",0,0,0.210902966339918,-0.172076029995056,0.210902966339918,"chr1",214551360,"+","chr1",214378017,"cg19860717","PTPN14","Body","OpenSea","PTPN14","3'UTR","hg38_cpg_inter; hg38_genes_1to5kb; hg38_genes_3UTRs; hg38_genes_exons","5784"
"cg06789856",0,0,0,-0.210524789631995,0.210524789631995,"chr17",77133777,"+","chr17",79137695,"cg06789856","HRNBP3","5'UTR","N_Shore","RBFOX3;RBFOX3","5'UTR;5'UTR","hg38_cpg_shores; hg38_genes_introns","146713"
"cg02203922",0,0,0,-0.21050809191959,0.21050809191959,"chr6",657011,"-","chr6",657011,"cg02203922","HUS1B;EXOC2","TSS200;5'UTR","Island","HUS1B;EXOC2;EXOC2","TSS200;5'UTR;5'UTR","hg38_cpg_islands; hg38_genes_5UTRs; hg38_genes_exons; hg38_genes_introns","135458; 55770"
"cg04857395",0,0.210503131882664,0,0,0.210503131882664,"chr4",3516637,"-","chr4",3514910,"cg04857395","LRPAP1","Body","Island","LRPAP1;LRPAP1","ExonBnd;3'UTR","hg38_cpg_islands; hg38_genes_3UTRs; hg38_genes_exons","4043"
"cg00174901",0.104628912687591,0,0,-0.210285729563461,0.210285729563461,"chr19",709889,"-","chr19",709889,"cg00174901","PALM;PALM","Body;Body","Island","","","hg38_cpg_islands; hg38_genes_introns","5064"
"cg05044414",0,0,0,-0.209952113497463,0.209952113497463,"chr3",183734942,"+","chr3",184017154,"cg05044414","ABCC5;ABCC5","5'UTR;5'UTR","N_Shore","ABCC5;ABCC5;ABCC5;ABCC5;ABCC5","5'UTR;5'UTR;5'UTR;5'UTR;5'UTR","hg38_cpg_shores; hg38_genes_introns","10057"
"cg11671265",0,0,0.0747902897852289,-0.209312084747696,0.209312084747696,"chr4",78722517,"-","chr4",77801363,"cg11671265","CNOT6L","Body","OpenSea","CNOT6L","3'UTR","hg38_cpg_inter; hg38_genes_introns","246175"
"cg18127410",0,0,0,-0.207965549014369,0.207965549014369,"chr11",9113184,"+","chr11",9091637,"cg18127410","SCUBE2;SCUBE2","TSS200;TSS200","Island","SCUBE2;SCUBE2;SCUBE2;SCUBE2;SCUBE2","TSS200;TSS200;TSS200;TSS200;3'UTR","hg38_cpg_islands; hg38_genes_1to5kb; hg38_genes_introns; hg38_genes_promoters","100847015; 283102; 57758"
"cg08185661",0,0,0.207745780883089,0,0.207745780883089,"chr11",7273498,"+","chr11",7252267,"cg08185661","SYT9","1stExon","Island","SYT9;SYT9","1stExon;5'UTR","hg38_cpg_islands; hg38_genes_exons; hg38_genes_introns","143425"
"cg26476820",0,0,0.207569324595681,-0.0217756415297965,0.207569324595681,"chr2",85637851,"+","chr2",85410728,"cg26476820","CAPG","TSS200","N_Shelf","CAPG;CAPG;CAPG;CAPG;CAPG","TSS200;TSS1500;5'UTR;5'UTR;5'UTR","hg38_cpg_shelves; hg38_genes_1to5kb; hg38_genes_introns; hg38_genes_promoters","822"
"cg03430597",0,0,0.206910254851835,0,0.206910254851835,"chr9",137660514,"-","chr9",134768668,"cg03430597","COL5A1","Body","Island","","","hg38_cpg_islands; hg38_genes_introns","1289"
"cg09623377",0,0,0,-0.206621323476719,0.206621323476719,"chr10",82296191,"+","chr10",80536435,"cg09623377","SH2D4B","TSS1500","Island","RP11-137H2.4;SH2D4B","TSS1500;TSS1500","hg38_cpg_islands; hg38_genes_1to5kb; hg38_genes_promoters","101929574; 387694"
"cg04999036",0,0,0.206560558889886,0,0.206560558889886,"chr15",42566375,"-","chr15",42274177,"cg04999036","TMEM87A;GANC;GANC;TMEM87A","TSS1500;5'UTR;1stExon;TSS1500","Island","TMEM87A;TMEM87A;GANC;TMEM87A;GANC;GANC;TMEM87A;TMEM87A","TSS1500;TSS1500;5'UTR;TSS1500;TSS200;ExonBnd;TSS1500;TSS1500","hg38_cpg_islands; hg38_genes_1to5kb; hg38_genes_5UTRs; hg38_genes_exons; hg38_genes_promoters","2595; 25963"
"cg26326372",0.206432772346137,0,0,0,0.206432772346137,"chr14",105946393,"+","chr14",105480056,"cg26326372","CRIP2","3'UTR","S_Shore","CRIP2;CRIP2","5'UTR;3'UTR","hg38_cpg_shores; hg38_genes_3UTRs; hg38_genes_exons","1397"
"cg12616177",0.206417886472269,0,0,0,0.206417886472269,"chr7",100434510,"+","chr7",100836888,"cg12616177","","","N_Shore","","","hg38_cpg_shores; hg38_enhancers_fantom; hg38_genes_introns","56996"
"cg06949812",-0.20611039594354,0,0,0,0.20611039594354,"chr17",38517993,"+","chr17",40361741,"cg06949812","GJD3;GJD3","1stExon;3'UTR","N_Shore","","","hg38_cpg_shores; hg38_genes_3UTRs; hg38_genes_exons; hg38_genes_introns","125111"
"cg16511229",0,0,0,-0.205960104671612,0.205960104671612,"chr7",130126153,"+","chr7",130486312,"cg16511229","MEST;MEST","1stExon;5'UTR","Island","MEST;MEST;MEST","TSS200;1stExon;5'UTR","hg38_cpg_islands; hg38_genes_1to5kb; hg38_genes_5UTRs; hg38_genes_exons; hg38_genes_promoters","317751; 4232"
"cg11964308",0,0,-0.205947310553016,0,0.205947310553016,"chr12",54535018,"+","chr12",54141234,"cg11964308","","","OpenSea","","","hg38_cpg_inter; hg38_genes_1to5kb; hg38_genes_introns","105369776; 23583; 400043"
"cg13164537",-0.205946301402425,0,0,0,0.205946301402425,"chr18",67624071,"-","chr18",69956835,"cg13164537","CD226;CD226","5'UTR;1stExon","OpenSea","CD226;CD226","1stExon;5'UTR","hg38_cpg_inter; hg38_genes_5UTRs; hg38_genes_exons; hg38_genes_introns; hg38_genes_promoters","10666"
"cg03623401",0,0.0566179433253064,-0.205907912680107,0,0.205907912680107,"chr16",12043656,"+","chr16",11949799,"cg03623401","","","OpenSea","RP11-166B2.1","3'UTR","hg38_cpg_inter; hg38_genes_introns","729978"
"cg07350977",-0.205431437777978,0,0,0,0.205431437777978,"chr5",27038836,"-","chr5",27038729,"cg07350977","CDH9","TSS200","OpenSea","CDH9","TSS200","hg38_cpg_inter; hg38_genes_introns; hg38_genes_promoters","1007"
"cg25843003",0,0,0,0.205193178859995,0.205193178859995,"chr6",31431312,"+","chr6",31463535,"cg25843003","HCP5","3'UTR","OpenSea","HCP5","5'UTR","hg38_cpg_inter; hg38_genes_exons; hg38_genes_introns; hg38_genes_promoters","10866"
"cg22258713",0,0,0,-0.204205953105571,0.204205953105571,"chr8",144267518,"-","chr8",143186101,"cg22258713","","","Island","","","hg38_cpg_islands",""
"cg27384070",0,0,0.20373043066778,0,0.20373043066778,"chr7",811698,"-","chr7",772061,"cg27384070","HEATR2","Body","N_Shore","","","hg38_cpg_shores; hg38_genes_exons; hg38_genes_introns","54919"
"cg12301347",0.203502421847157,0,0,0,0.203502421847157,"chr22",46285638,"-","chr22",45889758,"cg12301347","","","Island","","","hg38_cpg_islands; hg38_enhancers_fantom; hg38_genes_1to5kb; hg38_genes_introns","107985535"
"cg08210681",0,0,0.203037915963008,0,0.203037915963008,"chr11",130026698,"-","chr11",130156803,"cg08210681","","","N_Shelf","","","hg38_cpg_shelves; hg38_genes_1to5kb","6768"
"cg09162537",0,0,-0.202826305516159,0,0.202826305516159,"chr11",976950,"-","chr11",976950,"cg09162537","AP2A2","Body","Island","","","hg38_cpg_islands; hg38_genes_introns","161"
"cg14394264",0,0,0,0.202490297878243,0.202490297878243,"chr11",46121221,"-","chr11",46099670,"cg14394264","PHF21A;PHF21A","5'UTR;5'UTR","OpenSea","PHF21A;PHF21A;PHF21A","5'UTR;5'UTR;5'UTR","hg38_cpg_inter; hg38_genes_introns","51317"
"cg10528482",0,0,0,0.202326111972458,0.202326111972458,"chr5",525771,"+","chr5",525656,"cg10528482","SLC9A3","TSS1500","S_Shore","SLC9A3;SLC9A3;RP11-310P5.2","TSS1500;TSS1500;5'UTR","hg38_cpg_shores; hg38_genes_1to5kb; hg38_genes_introns","107986395; 6550"
"cg09002919",0,0,-0.20214304978034,0,0.20214304978034,"chr12",50339186,"-","chr12",49945403,"cg09002919","","","OpenSea","","","hg38_cpg_inter",""
"cg25204955",0,0.202027393809717,0,0,0.202027393809717,"chr10",72254314,"+","chr10",70494558,"cg25204955","KIAA1274","5'UTR","OpenSea","KIAA1274;KIAA1274","5'UTR;5'UTR","hg38_cpg_inter; hg38_genes_introns","27143"
"cg03339817",0,0,0.201983282240324,0,0.201983282240324,"chr2",128458281,"-","chr2",127700707,"cg03339817","SFT2D3","TSS1500","N_Shore","SFT2D3","TSS1500","hg38_cpg_shores; hg38_genes_promoters","84826"
"cg09584650",0.201474225111729,-0.0184033832609482,0,0,0.201474225111729,"chr8",2002012,"-","chr8",2053894,"cg09584650","MYOM2","Body","N_Shore","MYOM2","5'UTR","hg38_cpg_shores; hg38_genes_introns","9172"
"cg16496269",0,0,0,0.20128840584892,0.20128840584892,"chr16",84541118,"+","chr16",84507512,"cg16496269","","","S_Shelf","","","hg38_cpg_shelves; hg38_genes_1to5kb; hg38_genes_introns","57707"
"cg06980654",0,0,0,-0.201112013643252,0.201112013643252,"chr5",170171246,"-","chr5",170744242,"cg06980654","","","Island","","","hg38_cpg_shores",""
"cg20200200",0,0,0,0.20102030303662,0.20102030303662,"chr1",18807388,"+","chr1",18480894,"cg20200200","KLHDC7A","TSS200","N_Shore","KLHDC7A;KLHDC7A","TSS1500;TSS200","hg38_cpg_shores; hg38_genes_promoters","127707"
"cg03441770",0,0,-0.200999407528822,0,0.200999407528822,"chr4",81128845,"+","chr4",80207691,"cg03441770","","","S_Shore","","","hg38_cpg_shores",""
"cg06954761",0,0,0.200248716866138,0,0.200248716866138,"chr6",33601863,"-","chr6",33634086,"cg06954761","ITPR3","Body","S_Shore","","","hg38_cpg_shores; hg38_genes_introns","3710"
"cg24847625",0,0,0.200103552450035,0,0.200103552450035,"chr15",40660063,"+","chr15",40367862,"cg24847625","DISP2","Body","Island","","","hg38_cpg_islands; hg38_genes_1to5kb; hg38_genes_exons","85455"
"cg25926515",0.199832596431278,0,0,0,0.199832596431278,"chr10",70321889,"-","chr10",68562132,"cg25926515","TET1","5'UTR","S_Shore","TET1","5'UTR","hg38_cpg_shores; hg38_genes_introns","80312"
"cg23312431",-0.199273148007616,0,0,0,0.199273148007616,"chr21",45773997,"+","chr21",44354114,"cg23312431","TRPM2","Body","OpenSea","","","hg38_cpg_shelves; hg38_genes_introns","7226"
"cg20769177",0,0,0,-0.199024067974844,0.199024067974844,"chr17",44928516,"-","chr17",46851150,"cg20769177","WNT9B","TSS1500","Island","WNT9B","TSS1500","hg38_cpg_islands; hg38_genes_introns; hg38_genes_promoters","7484"
"cg01678309",0.199021476839382,0,0,0,0.199021476839382,"chr15",68930255,"-","chr15",68637916,"cg01678309","CORO2B","Body","OpenSea","CORO2B;CORO2B;CORO2B","5'UTR;5'UTR;5'UTR","hg38_cpg_inter; hg38_genes_introns","10391"
"cg26987645",0,0,0,-0.198918622863977,0.198918622863977,"chr1",203320386,"-","chr1",203351258,"cg26987645","FMOD","TSS200","OpenSea","FMOD;FMOD;FMOD","5'UTR;1stExon;TSS200","hg38_cpg_inter; hg38_genes_introns; hg38_genes_promoters","2331"
"cg19487717",0,0,0.198880464854243,0,0.198880464854243,"chr11",70263216,"-","chr11",70417110,"cg19487717","CTTN;CTTN","Body;Body","OpenSea","CTTN","ExonBnd","hg38_cpg_inter; hg38_genes_1to5kb; hg38_genes_exons","2017"
"cg07254032",0,0,0.19876849169463,0,0.19876849169463,"chr5",45695839,"-","chr5",45695737,"cg07254032","HCN1","1stExon","Island","HCN1","1stExon","hg38_cpg_islands; hg38_genes_exons; hg38_genes_promoters","348980"
"cg26561082",-0.19870394178405,0,0,0,0.19870394178405,"chr10",410363,"+","chr10",364423,"cg26561082","DIP2C","Body","S_Shore","DIP2C","3'UTR","hg38_cpg_shores; hg38_genes_exons","22982"
"cg16577567",0,0,0,-0.198630499044193,0.198630499044193,"chr11",104966249,"+","chr11",105095522,"cg16577567","CASP1;CASP1;CASP1;CASP1;CARD17;CASP1","Body;Body;Body;Body;3'UTR;Body","OpenSea","CARD17","3'UTR","hg38_cpg_inter; hg38_genes_exons; hg38_genes_introns","114769; 440068"
"cg07566700",0,0,0,-0.198340967721196,0.198340967721196,"chr1",234349253,"-","chr1",234213507,"cg07566700","SLC35F3","Body","N_Shore","RP4-799P18.2;SLC35F3","3'UTR;TSS1500","hg38_cpg_shores; hg38_genes_exons; hg38_genes_introns; hg38_genes_promoters","124904553; 148641"
"cg02143404",0,0,-0.0674898802368478,0.198229469648203,0.198229469648203,"chr16",85607651,"-","chr16",85574045,"cg02143404","","","OpenSea","","","hg38_cpg_inter; hg38_genes_introns","23199"
"cg10400707",0,0,0.19766067926546,0,0.19766067926546,"chr1",160369840,"+","chr1",160400050,"cg10400707","VANGL2","TSS1500","N_Shore","VANGL2","TSS1500","hg38_cpg_shores; hg38_genes_promoters","57216"
"cg10070864",-0.197652949684667,0,0,0,0.197652949684667,"chr15",57664490,"-","chr15",57372292,"cg10070864","","","N_Shelf","","","hg38_cpg_shelves; hg38_genes_1to5kb","84952"
"cg19781462",0,0,0,-0.197426241118803,0.197426241118803,"chr12",124744261,"-","chr12",124259715,"cg19781462","","","OpenSea","RP11-522N14.1","5'UTR","hg38_cpg_inter; hg38_genes_introns","100533183"
"cg01786048",0,0,0,0.197350327150086,0.197350327150086,"chr2",239035964,"-","chr2",238127323,"cg01786048","ESPNL","Body","N_Shore","ESPNL","TSS200","hg38_cpg_shores; hg38_genes_1to5kb; hg38_genes_introns; hg38_genes_promoters","339768"
"cg03342032",0,0,-0.197105952786139,0,0.197105952786139,"chr13",94725495,"-","chr13",94073241,"cg03342032","GPC6","Body","OpenSea","","","hg38_cpg_inter; hg38_genes_introns","10082"
"cg10130564",0,-0.0035786346722614,0,0.19710587485588,0.19710587485588,"chr11",117069849,"+","chr11",117199133,"cg10130564","TAGLN;TAGLN","TSS200;TSS200","OpenSea","TAGLN;TAGLN;TAGLN;TAGLN","TSS1500;TSS1500;TSS1500;TSS200","hg38_cpg_inter; hg38_genes_1to5kb; hg38_genes_promoters","6876"
"cg24735210",0,0,-0.196528478621486,0,0.196528478621486,"chr7",38351468,"+","chr7",38311867,"cg24735210","","","S_Shore","","","hg38_cpg_shores",""
"cg20594809",-0.196480301910305,0,0,0,0.196480301910305,"chr1",75594531,"+","chr1",75128846,"cg20594809","LHX8","5'UTR","N_Shore","RP11-510C10.2;LHX8","3'UTR;5'UTR","hg38_cpg_shores; hg38_genes_1to5kb; hg38_genes_introns","431707"
"cg11666770",0,0,0,0.196337786608721,0.196337786608721,"chr19",42430910,"+","chr19",41926758,"cg11666770","","","N_Shore","","","hg38_cpg_shores; hg38_enhancers_fantom; hg38_genes_1to5kb; hg38_genes_introns","390937; 9138"
"cg10631544",0,0,0,-0.196143871983008,0.196143871983008,"chr4",187109237,"-","chr4",186188083,"cg10631544","","","N_Shelf","","","hg38_cpg_shelves; hg38_genes_1to5kb","285440"
"cg13480937",0.195557597068758,0,0,-0.0760006465850024,0.195557597068758,"chr1",177112230,"+","chr1",177143094,"cg13480937","ASTN1;ASTN1","Body;Body","OpenSea","ASTN1","3'UTR","hg38_cpg_inter; hg38_genes_introns","460"
"cg12934366",0,0,0,0.19539953797105,0.19539953797105,"chr8",1960466,"-","chr8",2012300,"cg12934366","","","S_Shelf","","","hg38_cpg_shelves",""
"cg06106484",0,0,-0.195238445080628,0,0.195238445080628,"chr8",32985289,"+","chr8",33127771,"cg06106484","","","OpenSea","","","hg38_cpg_inter",""
"cg02959866",0,0,0.194878549966489,0,0.194878549966489,"chr2",26364971,"-","chr2",26142102,"cg02959866","","","OpenSea","","","hg38_cpg_inter; hg38_genes_promoters",""
"cg04831656",0.194766064741462,0,0,0,0.194766064741462,"chr3",42054195,"-","chr3",42012703,"cg04831656","","","N_Shore","TRAK1","TSS1500","hg38_cpg_shores; hg38_genes_1to5kb","22906"
"cg22705746",0,0,0,-0.194675363573466,0.194675363573466,"chr1",203320506,"-","chr1",203351378,"cg22705746","FMOD","TSS1500","OpenSea","FMOD;FMOD;FMOD","5'UTR;1stExon;TSS1500","hg38_cpg_inter; hg38_genes_introns; hg38_genes_promoters","2331"
"cg04352272",0,0.0094943108057247,0,-0.194479755340745,0.194479755340745,"chr17",3289798,"-","chr17",3386504,"cg04352272","","","Island","RP11-64J4.2","TSS1500","hg38_cpg_islands; hg38_enhancers_fantom; hg38_genes_exons; hg38_genes_promoters","4995; 9596"
"cg07275979",0,0,0,-0.194453267908656,0.194453267908656,"chr8",124084365,"+","chr8",123072125,"cg07275979","WDR67;WDR67","TSS1500;TSS1500","N_Shore","WDR67;WDR67;WDR67;WDR67","TSS1500;TSS1500;TSS1500;TSS1500","hg38_cpg_shores; hg38_genes_1to5kb; hg38_genes_introns; hg38_genes_promoters","93594"
"cg26401028",0,0.19414693397133,0,0,0.19414693397133,"chr4",3516534,"+","chr4",3514807,"cg26401028","LRPAP1","Body","Island","LRPAP1","3'UTR","hg38_cpg_islands; hg38_genes_exons","4043"
"cg07839105",0,0,0,-0.194041791338127,0.194041791338127,"chr19",694837,"-","chr19",694837,"cg07839105","PRSSL1","Body","S_Shelf","","","hg38_cpg_shelves; hg38_genes_exons","400668"
"cg23316060",0,0,0,-0.194033452452609,0.194033452452609,"chr19",33761225,"+","chr19",33270319,"cg23316060","","","N_Shelf","","","hg38_cpg_inter",""
"cg11975397",0,0,0,0.193961223857964,0.193961223857964,"chr1",159439981,"-","chr1",159470191,"cg11975397","","","OpenSea","RP11-550P17.5;RP11-180D21.3","TSS1500;5'UTR","hg38_cpg_inter; hg38_genes_1to5kb; hg38_genes_introns","105371462; 124904433"
"cg01735398",0,0,0.193817623709966,0,0.193817623709966,"chr17",18907305,"+","chr17",19003992,"cg01735398","SLC5A10;FAM83G;SLC5A10","Body;Body;Body","Island","FAM83G","1stExon","hg38_cpg_islands; hg38_genes_exons; hg38_genes_introns; hg38_genes_promoters","125206; 644815"
"cg00117018",0,0,-0.193784823202018,0,0.193784823202018,"chr8",145955983,"+","chr8",144730598,"cg00117018","ZNF251","Body","Island","ZNF251","3'UTR","hg38_cpg_islands; hg38_genes_introns","90987"
"cg15488009",0.193500466242587,0,0,0,0.193500466242587,"chr19",681445,"+","chr19",681445,"cg15488009","FSTL3","Body","Island","","","hg38_cpg_islands; hg38_genes_5UTRs; hg38_genes_exons","10272"
"cg17277001",-0.193036146922813,0,0,0,0.193036146922813,"chr5",1244503,"-","chr5",1244388,"cg17277001","SLC6A18","Body","N_Shore","SLC6A18","ExonBnd","hg38_cpg_shores; hg38_genes_introns","348932"
"cg09692492",-0.165867593575117,0,0.191998317773175,0,0.191998317773175,"chr22",23744717,"+","chr22",23402530,"cg09692492","ZDHHC8P","Body","OpenSea","ZDHHC8P1;ZDHHC8P1","1stExon;3'UTR","hg38_cpg_islands; hg38_genes_1to5kb; hg38_genes_exons; hg38_genes_promoters","150244"
"cg14418226",0,0,0.0682438573625222,-0.191787919084297,0.191787919084297,"chr6",40996092,"+","chr6",41028353,"cg14418226","UNC5CL","3'UTR","Island","UNC5CL","3'UTR","hg38_cpg_islands; hg38_genes_3UTRs; hg38_genes_exons","222643"
"cg00096810",0,0,0.191241131012857,0,0.191241131012857,"chr5",178753432,"-","chr5",179326431,"cg00096810","ADAMTS2;ADAMTS2","Body;Body","OpenSea","","","hg38_cpg_inter; hg38_genes_introns","9509"
"cg20748132",-0.0431071801774924,0,0,0.190867715587212,0.190867715587212,"chr12",125217707,"-","chr12",124733161,"cg20748132","","","OpenSea","","","hg38_cpg_inter",""
"cg19622714",0.190252073526735,0,0,0,0.190252073526735,"chr16",30572912,"-","chr16",30561591,"cg19622714","","","Island","","","hg38_cpg_islands; hg38_genes_1to5kb","92595"
"cg03522107",-0.190228515174624,0,0,0,0.190228515174624,"chr1",16553329,"+","chr1",16226834,"cg03522107","","","Island","","","hg38_cpg_islands; hg38_enhancers_fantom; hg38_genes_introns","101927546"
"cg13709487",0.190195587770323,0,0,0,0.190195587770323,"chr3",100322493,"+","chr3",100603649,"cg13709487","","","OpenSea","","","hg38_cpg_inter",""
"cg20401567",0.190077204862774,0,0,0,0.190077204862774,"chr17",46619555,"+","chr17",48542193,"cg20401567","","","N_Shore","HOXB2","3'UTR","hg38_cpg_shores; hg38_genes_1to5kb; hg38_genes_introns","100874362"
"cg22108175",0.189739085179171,0,0,0,0.189739085179171,"chr8",19796591,"-","chr8",19939080,"cg22108175","LPL;LPL","5'UTR;1stExon","N_Shore","LPL;LPL;LPL;LPL;LPL;LPL","TSS1500;5'UTR;1stExon;TSS200;1stExon;5'UTR","hg38_cpg_shores; hg38_genes_introns; hg38_genes_promoters","4023"
"cg18854424",0,0,0,-0.189336493014847,0.189336493014847,"chr1",2615690,"+","chr1",2684251,"cg18854424","","","OpenSea","","","hg38_cpg_inter; hg38_genes_introns","100287898"
"cg24129115",0,0,0,-0.188583001268094,0.188583001268094,"chr14",23352488,"+","chr14",22883279,"cg24129115","REM2;REM2","1stExon;5'UTR","N_Shelf","REM2;REM2;REM2;REM2","5'UTR;1stExon;5'UTR;1stExon","hg38_cpg_shelves; hg38_genes_5UTRs; hg38_genes_exons","161253"
"cg14724265",0,0,0,0.188563983666627,0.188563983666627,"chr4",76823661,"+","chr4",75902508,"cg14724265","PPEF2;PPEF2","1stExon;5'UTR","OpenSea","PPEF2;PPEF2;PPEF2;PPEF2","3'UTR;5'UTR;1stExon;1stExon","hg38_cpg_inter; hg38_genes_exons; hg38_genes_promoters","5470"
"cg06812836",0,0.188547394871655,0,0,0.188547394871655,"chr11",1455362,"+","chr11",1434132,"cg06812836","BRSK2","Body","OpenSea","BRSK2","5'UTR","hg38_cpg_shores; hg38_genes_introns","9024"
"cg09967633",0,0,0.188539684752643,0,0.188539684752643,"chr16",84918794,"+","chr16",84885188,"cg09967633","CRISPLD2","Body","OpenSea","","","hg38_cpg_inter; hg38_genes_1to5kb; hg38_genes_introns","83716"
"cg19084031",0,0.188175295642727,0,0,0.188175295642727,"chr15",38361362,"-","chr15",38069161,"cg19084031","","","N_Shelf","","","hg38_cpg_shelves; hg38_genes_exons","107984773"
"cg07234876",0,0,-0.0346433633279308,0.188130368825219,0.188130368825219,"chr8",600039,"+","chr8",650039,"cg07234876","","","Island","","","hg38_cpg_islands; hg38_genes_introns","157697"
"cg20888995",0,0,0.188012177655626,0,0.188012177655626,"chr3",56822059,"+","chr3",56788031,"cg20888995","ARHGEF3;ARHGEF3","Body;Body","OpenSea","ARHGEF3","3'UTR","hg38_cpg_inter; hg38_enhancers_fantom; hg38_genes_introns","50650"
"cg24235518",0,0,0,0.187609545883084,0.187609545883084,"chr20",61371425,"-","chr20",62740073,"cg24235518","NTSR1","Body","OpenSea","","","hg38_cpg_inter; hg38_genes_1to5kb; hg38_genes_introns","4923"
"cg01577029",0,0,-0.187362475032712,0,0.187362475032712,"chr12",133000830,"+","chr12",132424244,"cg01577029","","","S_Shore","","","hg38_cpg_inter",""
"cg15534755",0,0,0,0.187143906371284,0.187143906371284,"chr11",117069859,"+","chr11",117199143,"cg15534755","TAGLN;TAGLN","TSS200;TSS200","OpenSea","TAGLN;TAGLN;TAGLN;TAGLN","TSS1500;TSS1500;TSS1500;TSS200","hg38_cpg_inter; hg38_genes_1to5kb; hg38_genes_promoters","6876"
"cg16003102",0,0,0,-0.185821705204433,0.185821705204433,"chr1",241587783,"+","chr1",241424483,"cg16003102","","","Island","RP11-527D7.1;RP11-527D7.1;RP11-527D7.1;RP11-527D7.1","1stExon;5'UTR;1stExon;5'UTR","hg38_cpg_islands; hg38_genes_exons; hg38_genes_introns; hg38_genes_promoters",""
"cg13045555",0,0,0,0.1854256459791,0.1854256459791,"chr8",105342365,"+","chr8",104330137,"cg13045555","","","Island","","","hg38_cpg_islands",""
"cg21133433",-0.185375475909153,0,0,0,0.185375475909153,"chr4",169991796,"-","chr4",169070645,"cg21133433","","","OpenSea","","","hg38_cpg_inter",""
"cg15202848",0,0,0.0561400892229507,-0.185065055258074,0.185065055258074,"chr11",64618819,"+","chr11",64851347,"cg15202848","","","N_Shelf","","","hg38_cpg_shelves",""
"cg23666844",-0.0249337762906928,0,0,0.184674783838278,0.184674783838278,"chr7",151137882,"+","chr7",151440796,"cg23666844","CRYGN","TSS1500","S_Shore","CRYGN;CRYGN;CRYGN","TSS1500;1stExon;3'UTR","hg38_cpg_shores; hg38_genes_1to5kb; hg38_genes_exons; hg38_genes_promoters","155051"
"cg02130905",0,0,-0.184629658727415,0,0.184629658727415,"chr8",27116213,"+","chr8",27258696,"cg02130905","STMN4","TSS1500","OpenSea","STMN4;STMN4;STMN4;STMN4;STMN4","TSS1500;TSS1500;TSS1500;TSS1500;TSS1500","hg38_cpg_inter; hg38_genes_promoters","81551"
"cg10879992",-0.184546155032552,0,0,0,0.184546155032552,"chr4",7657481,"-","chr4",7655754,"cg10879992","SORCS2","Body","OpenSea","SORCS2","5'UTR","hg38_cpg_inter; hg38_genes_introns","57537"
"cg14266348",0,0,-0.184011689096908,0,0.184011689096908,"chr19",49947726,"+","chr19",49444469,"cg14266348","","","S_Shore","","","hg38_cpg_shores; hg38_genes_1to5kb","57030"
"cg24382249",0.1839066340962,0,0,0,0.1839066340962,"chr15",66947171,"+","chr15",66654833,"cg24382249","","","N_Shore","","","hg38_cpg_islands; hg38_genes_introns","102723165"
"cg15491432",0.18354986481012,0,0,-0.115519027737827,0.18354986481012,"chr4",26585218,"+","chr4",26583596,"cg15491432","TBC1D19","TSS1500","N_Shore","TBC1D19;TBC1D19;TBC1D19","TSS1500;TSS1500;TSS1500","hg38_cpg_shores; hg38_genes_1to5kb; hg38_genes_introns; hg38_genes_promoters","55296"
"cg24706124",0,0,0,0.183013296579877,0.183013296579877,"chr1",154173755,"+","chr1",154201279,"cg24706124","C1orf189","Body","OpenSea","","","hg38_cpg_inter; hg38_genes_introns","388701"
"cg03334052",0,0.136578772161258,0,-0.182994425951249,0.182994425951249,"chr1",168888044,"-","chr1",168918806,"cg03334052","","","OpenSea","RP11-375F2.2","3'UTR","hg38_cpg_inter; hg38_genes_introns","101978719; 1805"
"cg23656322",0.18291425975037,0,0,0,0.18291425975037,"chr1",153533922,"+","chr1",153561446,"cg23656322","S100A2","Body","OpenSea","S100A2","3'UTR","hg38_cpg_inter; hg38_genes_3UTRs; hg38_genes_exons","6273"
"cg17857094",0,0,0,0.182637112018906,0.182637112018906,"chr6",30907280,"+","chr6",30939503,"cg17857094","DPCR1","TSS1500","OpenSea","DPCR1;DPCR1","TSS1500;TSS1500","hg38_cpg_inter; hg38_genes_1to5kb; hg38_genes_introns","135656; 389376"
"cg22163199",0,0,-0.182441959353352,0,0.182441959353352,"chr1",228297864,"+","chr1",228110163,"cg22163199","MRPL55;MRPL55;MRPL55;MRPL55;MRPL55;MRPL55;MRPL55;MRPL55","TSS1500;TSS1500;TSS1500;TSS1500;TSS1500;TSS1500;TSS1500;TSS1500","S_Shore","MRPL55;MRPL55;MRPL55;MRPL55;MRPL55;MRPL55;MRPL55;MRPL55;MRPL55;MRPL55;MRPL55;MRPL55","TSS1500;TSS1500;TSS1500;TSS1500;TSS1500;TSS1500;TSS1500;TSS1500;TSS1500;TSS1500;TSS1500;TSS1500","hg38_cpg_shores; hg38_genes_1to5kb; hg38_genes_promoters","128308; 79169"
"cg08415977",-0.182366937460555,0,0,0,0.182366937460555,"chr4",7463138,"-","chr4",7461411,"cg08415977","SORCS2","Body","OpenSea","SORCS2","5'UTR","hg38_cpg_inter; hg38_genes_introns","57537"
"cg15191021",0,0,0,0.181455494300461,0.181455494300461,"chr17",41321218,"-","chr17",43169201,"cg15191021","NBR1;NBR1","TSS1500;TSS1500","N_Shore","NBR1;BRCA1","TSS1500;5'UTR","hg38_cpg_shores; hg38_genes_1to5kb; hg38_genes_introns; hg38_genes_promoters","101929767; 124900391; 4077; 672"
"cg23771949",0,-0.0371124152593812,0.181027883210794,0,0.181027883210794,"chr10",134165390,"-","chr10",132351886,"cg23771949","LRRC27;LRRC27;LRRC27;LRRC27;LRRC27","3'UTR;Body;Body;Body;Body","Island","LRRC27;LRRC27;LRRC27","3'UTR;5'UTR;3'UTR","hg38_cpg_islands; hg38_genes_introns","80313"
"cg10840412",0,0,-0.180955965783554,0,0.180955965783554,"chr1",235813424,"+","chr1",235650124,"cg10840412","GNG4;GNG4;GNG4","TSS200;5'UTR;5'UTR","Island","GNG4;GNG4","TSS200;5'UTR","hg38_cpg_islands; hg38_genes_introns; hg38_genes_promoters","2786"
"cg25082361",0,0,0,-0.180619358868476,0.180619358868476,"chr13",114111864,"-","chr13",113457549,"cg25082361","DCUN1D2","3'UTR","OpenSea","DCUN1D2;DCUN1D2;DCUN1D2-AS1","3'UTR;3'UTR;5'UTR","hg38_cpg_inter; hg38_genes_1to5kb; hg38_genes_3UTRs; hg38_genes_exons","113622; 55208"
"cg09180566",0,0,0.179809925747254,0,0.179809925747254,"chr13",24736095,"-","chr13",24161956,"cg09180566","SPATA13;MIR2276;SPATA13","5'UTR;TSS1500;5'UTR","S_Shore","MIR2276;SPATA13;SPATA13;SPATA13","TSS1500;5'UTR;5'UTR;5'UTR","hg38_cpg_shores; hg38_genes_introns; hg38_genes_promoters","100313842; 221178"
"cg10581754",0,0,0.179607494869403,-0.0246928032764976,0.179607494869403,"chr11",7715991,"+","chr11",7694760,"cg10581754","OVCH2","Body","OpenSea","OVCH2","3'UTR","hg38_cpg_inter; hg38_genes_introns","341277"
"cg03391684",-0.179469947058064,0,0.152797927219094,0,0.179469947058064,"chr1",14925524,"-","chr1",14599028,"cg03391684","KIAA1026;KIAA1026","1stExon;1stExon","Island","KAZN;KAZN","1stExon;1stExon","hg38_cpg_islands; hg38_genes_exons","23254"
"cg04711324",0.179137992875322,0,0,0,0.179137992875322,"chr18",40695633,"-","chr18",43115668,"cg04711324","RIT2;RIT2","5'UTR;1stExon","OpenSea","RIT2;RIT2;RIT2;RIT2","1stExon;1stExon;5'UTR;5'UTR","hg38_cpg_inter; hg38_genes_5UTRs; hg38_genes_exons; hg38_genes_promoters","6014"
"cg03249590",0.0716132994528124,0,0,-0.178842934461679,0.178842934461679,"chr12",57040199,"+","chr12",56646415,"cg03249590","SNORD59A;ATP5B","TSS1500;TSS1500","S_Shore","SNORD59A;ATP5B;ATP5B","TSS1500;TSS1500;TSS1500","hg38_cpg_shores; hg38_genes_1to5kb; hg38_genes_promoters","26789; 506"
"cg14005211",0.112169176903037,0,0,-0.178804322244828,0.178804322244828,"chr2",171676925,"+","chr2",170820415,"cg14005211","GAD1;GAD1","Body;Body","Island","GAD1","5'UTR","hg38_cpg_islands; hg38_genes_1to5kb; hg38_genes_introns","2571"
"cg10337500",0,0,-0.17874682342959,0.0235312206381388,0.17874682342959,"chr16",30902745,"+","chr16",30891424,"cg10337500","BCL7C","Body","N_Shelf","MIR4519;MIR4519;AC106782.20;MIR4519","5'UTR;5'UTR;3'UTR;5'UTR","hg38_cpg_shelves; hg38_genes_1to5kb; hg38_genes_introns","100313837; 101928736; 9274"
"cg07422042",0,0.178683240930818,0,0,0.178683240930818,"chr22",20194554,"-","chr22",20207031,"cg07422042","LOC150197","Body","OpenSea","AC007663.1","1stExon","hg38_cpg_inter; hg38_genes_1to5kb; hg38_genes_exons","150197; 284865"
"cg24624629",0,0,0,-0.178666733032282,0.178666733032282,"chr17",39203621,"+","chr17",41047369,"cg24624629","KRTAP2-1","TSS200","OpenSea","KRTAP2-1;KRTAP2-1","TSS200;TSS200","hg38_cpg_inter; hg38_genes_promoters","81872"
"cg08926642",0,0,0.17866024564261,0,0.17866024564261,"chr1",7887455,"+","chr1",7827395,"cg08926642","PER3","Body","Island","RP3-467L1.4","TSS200","hg38_cpg_islands; hg38_genes_exons; hg38_genes_promoters","124903833; 8863"
"cg04851639",0,0,0,0.17838305763085,0.17838305763085,"chr8",1020857,"-","chr8",1070857,"cg04851639","","","OpenSea","","","hg38_cpg_inter; hg38_genes_introns","9228"
"cg06456717",0,0,0,0.178244194977476,0.178244194977476,"chr18",12092942,"-","chr18",12092943,"cg06456717","","","N_Shore","ANKRD62","TSS1500","hg38_cpg_shores; hg38_genes_exons; hg38_genes_promoters","342850"
"cg11362935",0,0,0.177812610438555,0,0.177812610438555,"chr11",111250201,"-","chr11",111379476,"cg11362935","POU2AF1","TSS200","OpenSea","POU2AF1;POU2AF1","1stExon;5'UTR","hg38_cpg_inter; hg38_genes_1to5kb; hg38_genes_introns; hg38_genes_promoters","5450"
"cg08474748",0.08426553252814,0,0,-0.17725728014087,0.17725728014087,"chr5",74350214,"+","chr5",75054389,"cg08474748","","","Island","","","hg38_cpg_islands; hg38_genes_1to5kb","51301"
"cg15168577",0,0,-0.177188761737413,0,0.177188761737413,"chr5",139138880,"-","chr5",139759295,"cg15168577","","","Island","","","hg38_cpg_islands",""
"cg18346412",0,0,-0.177059084549349,0,0.177059084549349,"chr1",111929363,"+","chr1",111386741,"cg18346412","LOC441897","Body","OpenSea","PGCP1","3'UTR","hg38_cpg_inter; hg38_genes_exons","441897"
"cg00223593",0,0,0.177041791856554,0,0.177041791856554,"chr12",34371784,"+","chr12",34218849,"cg00223593","","","Island","RP11-313F23.4;RP11-313F23.4","1stExon;3'UTR","hg38_cpg_islands; hg38_genes_exons; hg38_genes_introns","124903068"
"cg24904863",0,0,0.176973305955539,0,0.176973305955539,"chr8",142950462,"+","chr8",141869101,"cg24904863","","","OpenSea","","","hg38_cpg_inter",""
"cg12630461",0,0,0.176682888605247,0,0.176682888605247,"chr15",91500009,"-","chr15",90956779,"cg12630461","RCCD1;RCCD1","Body;Body","Island","RCCD1","5'UTR","hg38_cpg_islands; hg38_genes_1to5kb; hg38_genes_exons; hg38_genes_introns","116435297; 91433"
"cg08872313",0,0,0,0.17648416428308,0.17648416428308,"chr3",69292290,"+","chr3",69243139,"cg08872313","FRMD4B","Body","OpenSea","","","hg38_cpg_inter; hg38_genes_introns","23150"
"cg25755851",0,0,0,0.176482002094677,0.176482002094677,"chr1",9335794,"+","chr1",9275735,"cg25755851","","","OpenSea","","","hg38_cpg_inter; hg38_enhancers_fantom",""
"cg25838818",0,-0.00380682745497487,0,0.176381879013363,0.176381879013363,"chr2",108905173,"+","chr2",108288717,"cg25838818","SULT1C2;SULT1C2;SULT1C2;SULT1C2","5'UTR;1stExon;1stExon;5'UTR","OpenSea","SULT1C2;SULT1C2;SULT1C2","1stExon;5'UTR;TSS200","hg38_cpg_inter; hg38_genes_1to5kb; hg38_genes_5UTRs; hg38_genes_exons; hg38_genes_promoters","6819"
"cg06195293",0,0,0,-0.176367657913465,0.176367657913465,"chr6",30104885,"+","chr6",30137108,"cg06195293","TRIM40","1stExon","OpenSea","TRIM40;TRIM40;TRIM40","5'UTR;1stExon;1stExon","hg38_cpg_inter; hg38_genes_1to5kb; hg38_genes_exons","124900227; 135644"
"cg17242362",0,0,0,0.17593958248242,0.17593958248242,"chr7",105457070,"+","chr7",105816624,"cg17242362","ATXN7L1;ATXN7L1","Body;Body","OpenSea","","","hg38_cpg_inter; hg38_genes_1to5kb; hg38_genes_introns","222255"
"cg10342016",0,0,0.175813539615082,0,0.175813539615082,"chr8",57802622,"+","chr8",56890063,"cg10342016","","","OpenSea","","","hg38_cpg_inter",""
"cg11370814",0,0,0,-0.175724744362348,0.175724744362348,"chr2",242927418,"-","chr2",241985267,"cg11370814","","","N_Shore","","","hg38_cpg_shores; hg38_genes_introns","101927289"
"cg13890379",0,0,-0.175469658948619,0.00353949091349592,0.175469658948619,"chr18",67070324,"-","chr18",69403088,"cg13890379","DOK6","Body","S_Shore","","","hg38_cpg_shores; hg38_genes_1to5kb; hg38_genes_introns","220164"
"cg19451698",0,0,0.174844460247038,0,0.174844460247038,"chr2",227700467,"+","chr2",226835751,"cg19451698","RHBDD1;RHBDD1","TSS1500;TSS1500","Island","RHBDD1;RHBDD1","TSS1500;TSS200","hg38_cpg_islands; hg38_genes_1to5kb; hg38_genes_exons; hg38_genes_introns; hg38_genes_promoters","84236"
"cg05280698",0,0,0.174593022334745,0,0.174593022334745,"chr19",37825388,"-","chr19",37334486,"cg05280698","HKR1","TSS200","Island","HKR1;HKR1;HKR1;HKR1;HKR1","TSS200;TSS200;TSS200;TSS200;5'UTR","hg38_cpg_islands; hg38_genes_1to5kb; hg38_genes_introns; hg38_genes_promoters","284459"
"cg13217994",0,0,0,-0.174220449141463,0.174220449141463,"chr18",77496887,"-","chr18",79736887,"cg13217994","CTDP1;CTDP1","Body;Body","Island","","","hg38_cpg_islands; hg38_genes_introns","9150"
"cg21934190",-0.174048907549093,0,0,0,0.174048907549093,"chr8",142363160,"-","chr8",141353060,"cg21934190","","","N_Shelf","","","hg38_cpg_shelves",""
"cg00933603",0,0,0,-0.173544583643887,0.173544583643887,"chr6",30883001,"-","chr6",30915224,"cg00933603","VARS2;VARS2;VARS2","Body;5'UTR;Body","S_Shore","VARS2;VARS2","5'UTR;ExonBnd","hg38_cpg_shores; hg38_genes_1to5kb; hg38_genes_5UTRs; hg38_genes_exons","57176"
"cg14054283",0,0,-0.17311042960972,0,0.17311042960972,"chr2",75292272,"-","chr2",75065145,"cg14054283","TACR1;TACR1","Body;Body","OpenSea","","","hg38_cpg_inter; hg38_genes_introns","6869"
"cg24055178",0.173072480927268,0,0,0,0.173072480927268,"chr10",134263487,"+","chr10",132449983,"cg24055178","","","N_Shelf","","","hg38_cpg_shelves",""
"cg23958373",0,0,-0.0212656726947586,0.172926591761634,0.172926591761634,"chr8",599963,"+","chr8",649963,"cg23958373","","","Island","","","hg38_cpg_islands; hg38_genes_introns","157697"
"cg16906346",0,0,0,0.1728769208049,0.1728769208049,"chr6",24646782,"-","chr6",24646554,"cg16906346","KIAA0319;KIAA0319;KIAA0319;KIAA0319;KIAA0319","TSS1500;TSS1500;TSS1500;TSS1500;TSS1500","S_Shore","KIAA0319;KIAA0319;KIAA0319","TSS1500;TSS1500;TSS1500","hg38_cpg_shores; hg38_genes_promoters","9856"
"cg00445548",0.172728315546911,0,-0.0440856868793881,0,0.172728315546911,"chr18",77207209,"-","chr18",79447209,"cg00445548","NFATC1;NFATC1;NFATC1;NFATC1;NFATC1","Body;5'UTR;Body;Body;Body","Island","NFATC1;NFATC1","5'UTR;5'UTR","hg38_cpg_islands; hg38_genes_1to5kb; hg38_genes_introns","4772"
"cg07898899",0,0,0,-0.172634768037613,0.172634768037613,"chr1",153600156,"+","chr1",153627680,"cg07898899","S100A13;S100A13;S100A13;S100A1;S100A13;S100A13","TSS1500;5'UTR;TSS200;TSS1500;5'UTR;TSS1500","OpenSea","S100A13;S100A1;S100A13;S100A13;S100A13;S100A1;S100A1;S100A1;S100A13;S100A13;S100A13","3'UTR;TSS1500;5'UTR;5'UTR;5'UTR;TSS1500;TSS1500;TSS1500;TSS1500;TSS1500;3'UTR","hg38_cpg_inter; hg38_genes_introns; hg38_genes_promoters","6271; 6284"
"cg09236163",0,0,0.172501915702285,0,0.172501915702285,"chr15",81426669,"-","chr15",81134328,"cg09236163","C15orf26;C15orf26","1stExon;5'UTR","Island","C15orf26;C15orf26;C15orf26;C15orf26","5'UTR;1stExon;1stExon;5'UTR","hg38_cpg_islands; hg38_genes_5UTRs; hg38_genes_exons; hg38_genes_introns","161502"
"cg21943599",0,0,0,0.172374064596246,0.172374064596246,"chr1",179333589,"+","chr1",179364454,"cg21943599","C1orf125","TSS1500","N_Shore","AXDND1;AXDND1","TSS1500;TSS1500","hg38_cpg_shores; hg38_genes_1to5kb","126859"
"cg15837531",0.172367892830164,0,-0.088311100154801,0,0.172367892830164,"chr17",9162271,"-","chr17",9258954,"cg15837531","STX8","Body","OpenSea","STX8","3'UTR","hg38_cpg_inter; hg38_genes_introns","9482"
"cg17682432",0,0,0.172244348077721,0,0.172244348077721,"chr11",368614,"+","chr11",368614,"cg17682432","B4GALNT4","TSS1500","OpenSea","B4GALNT4","TSS1500","hg38_cpg_shores; hg38_enhancers_fantom; hg38_genes_1to5kb; hg38_genes_promoters","338707"
"cg03297163",0.172201208605602,0,0,-0.0919501263192053,0.172201208605602,"chr7",2548137,"+","chr7",2508503,"cg03297163","","","OpenSea","","","hg38_cpg_inter; hg38_enhancers_fantom; hg38_genes_1to5kb","3955"
"cg12064373",0,0.0427846196108269,-0.172177439165657,0,0.172177439165657,"chr11",1457153,"+","chr11",1435923,"cg12064373","BRSK2","Body","OpenSea","BRSK2","5'UTR","hg38_cpg_shores; hg38_genes_1to5kb; hg38_genes_introns","9024"
"cg18236982",0,-0.172051948788318,0,0,0.172051948788318,"chr1",236065291,"-","chr1",235901991,"cg18236982","","","OpenSea","","","hg38_cpg_inter",""
"cg24049888",0,0,0.171963571133111,0,0.171963571133111,"chr11",111250129,"+","chr11",111379404,"cg24049888","POU2AF1;POU2AF1","1stExon;5'UTR","OpenSea","POU2AF1;POU2AF1","1stExon;5'UTR","hg38_cpg_inter; hg38_genes_1to5kb; hg38_genes_introns; hg38_genes_promoters","5450"
"cg20784693",0,0,0.171844313510317,0,0.171844313510317,"chr2",239984030,"+","chr2",239062334,"cg20784693","HDAC4","Body","OpenSea","","","hg38_cpg_inter; hg38_genes_introns","9759"
"cg00612905",0,0,0.171561481619617,0,0.171561481619617,"chr16",87700595,"+","chr16",87666989,"cg00612905","JPH3","Body","N_Shore","JPH3","5'UTR","hg38_cpg_shores; hg38_genes_introns","57338"
"cg17339202",0,0,0.0999658433795242,-0.171418086547104,0.171418086547104,"chr1",33160900,"+","chr1",32695299,"cg17339202","SYNC;SYNC","Body;Body","OpenSea","","","hg38_cpg_inter; hg38_genes_exons","81493"
"cg10193870",0,0,0.170803871484607,0,0.170803871484607,"chr14",73138006,"-","chr14",72671298,"cg10193870","DPF3","Body","OpenSea","DPF3","3'UTR","hg38_cpg_inter; hg38_genes_exons; hg38_genes_introns","8110"
"cg23779626",0,0,0,-0.170056330138901,0.170056330138901,"chr6",33864747,"+","chr6",33896970,"cg23779626","","","OpenSea","RP3-468B3.3;RP3-468B3.3;RP3-468B3.2","TSS200;TSS200;5'UTR","hg38_cpg_inter; hg38_genes_1to5kb; hg38_genes_introns; hg38_genes_promoters","100507584; 102466816; 105375026; 124901307"
"cg24804144",0,0,-0.169594019261769,0.0721469590780938,0.169594019261769,"chr15",101203595,"+","chr15",100663390,"cg24804144","","","OpenSea","","","hg38_cpg_inter",""
"cg15288329",0,0,0,-0.169168058640051,0.169168058640051,"chr6",170268691,"+","chr6",169868595,"cg15288329","","","OpenSea","","","hg38_cpg_inter",""
"cg09674468",0,0,0,0.169084351877141,0.169084351877141,"chr1",234300299,"+","chr1",234164553,"cg09674468","SLC35F3","Body","OpenSea","","","hg38_cpg_inter; hg38_genes_introns","148641"
"cg09249404",-0.168977593364462,0,0,0,0.168977593364462,"chr3",185001026,"+","chr3",185283238,"cg09249404","","","S_Shore","MAP3K13;MAP3K13;MAP3K13;MAP3K13","5'UTR;5'UTR;5'UTR;5'UTR","hg38_cpg_shores; hg38_genes_1to5kb; hg38_genes_introns","124900548; 9175"
"cg03416085",0,0,0.168497717252763,0,0.168497717252763,"chr5",6583103,"+","chr5",6582990,"cg03416085","LOC255167;LOC255167","Body;TSS1500","Island","CTD-2195M18.1","5'UTR","hg38_cpg_islands; hg38_genes_1to5kb; hg38_genes_introns; hg38_genes_promoters","255167"
"cg11321181",0,0.168447078803354,0,0,0.168447078803354,"chr19",17721489,"+","chr19",17610680,"cg11321181","UNC13A","Body","S_Shelf","","","hg38_cpg_shelves; hg38_genes_1to5kb; hg38_genes_introns","23025"
"cg04050315",0,0,0.168198277137183,0,0.168198277137183,"chr12",127212034,"+","chr12",126727488,"cg04050315","","","N_Shore","RP11-173C20.1;RP11-173C20.1;RP11-173C20.1","5'UTR;5'UTR;5'UTR","hg38_cpg_shores; hg38_genes_introns","100507206"
"cg10185424",0,0,0,-0.168166553442532,0.168166553442532,"chr5",66478491,"+","chr5",67182663,"cg10185424","CD180","3'UTR","OpenSea","CD180","3'UTR","hg38_cpg_inter; hg38_genes_3UTRs; hg38_genes_exons","4064"
"cg09791621",0,0,0,-0.16781466764488,0.16781466764488,"chr16",1078722,"-","chr16",1028722,"cg09791621","","","Island","","","hg38_cpg_islands",""
"cg07626033",0,0,0,-0.167655286327729,0.167655286327729,"chr3",11036898,"-","chr3",10995212,"cg07626033","SLC6A1","5'UTR","S_Shore","SLC6A1;SLC6A1","5'UTR;5'UTR","hg38_cpg_shores; hg38_genes_introns","6529"
"cg05707655",0,0,0,0.166759594338003,0.166759594338003,"chr17",908690,"-","chr17",1005450,"cg05707655","ABR;ABR;ABR","3'UTR;3'UTR;3'UTR","N_Shore","ABR;ABR","3'UTR;3'UTR","hg38_cpg_shores; hg38_genes_3UTRs; hg38_genes_exons; hg38_genes_introns","29"
"cg06436854",0,0,0.165457131835621,0,0.165457131835621,"chr16",89043527,"-","chr16",88977119,"cg06436854","CBFA2T3","TSS200","OpenSea","CBFA2T3;CBFA2T3;CBFA2T3","1stExon;5'UTR;TSS200","hg38_cpg_inter; hg38_genes_5UTRs; hg38_genes_exons; hg38_genes_promoters","863"
"cg22822867",0.165250816051981,0,0,0,0.165250816051981,"chr8",145004144,"+","chr8",143929976,"cg22822867","PLEC1;PLEC1;PLEC1;PLEC1;PLEC1;PLEC1;PLEC1;PLEC1","Body;Body;Body;Body;Body;Body;Body;Body","Island","","","hg38_cpg_islands; hg38_genes_exons","5339"
"cg17011799",0,0,0,-0.165230845554685,0.165230845554685,"chr14",23751452,"-","chr14",23282243,"cg17011799","HOMEZ","Body","N_Shelf","","","hg38_cpg_shelves; hg38_genes_introns","57594"
"cg23924526",0.165140577904386,0,0,0,0.165140577904386,"chr2",45998548,"-","chr2",45771409,"cg23924526","PRKCE","Body","OpenSea","PRKCE","5'UTR","hg38_cpg_inter; hg38_genes_introns","5581"
"cg25828445",-0.00106385491808348,0,-0.0325304441345749,0.165071192891243,0.165071192891243,"chr12",7781288,"-","chr12",7628692,"cg25828445","","","S_Shore","","","hg38_cpg_shores",""
"cg21841239",-0.164417252695255,0,0,0,0.164417252695255,"chr1",86622737,"-","chr1",86157054,"cg21841239","COL24A1","TSS1500","Island","COL24A1;COL24A1;COL24A1","TSS1500;TSS1500;TSS1500","hg38_cpg_islands; hg38_genes_promoters","255631"
"cg18302629",0,0,-0.164210627426753,0,0.164210627426753,"chr7",1921576,"+","chr7",1881940,"cg18302629","MAD1L1;MAD1L1;MAD1L1","Body;Body;Body","OpenSea","","","hg38_cpg_inter; hg38_genes_introns","8379"
"cg09822192",0,0,0,0.163400912184368,0.163400912184368,"chr14",24801191,"-","chr14",24331985,"cg09822192","ADCY4","Body","N_Shore","ADCY4","5'UTR","hg38_cpg_shores; hg38_genes_1to5kb; hg38_genes_exons; hg38_genes_introns","196883"
"cg05884394",0,0.163149566570243,0,0,0.163149566570243,"chr7",89748671,"-","chr7",90119357,"cg05884394","DPY19L2P4","TSS200","Island","DPY19L2P4;RP5-1121E10.2;STEAP2-AS1","TSS200;3'UTR;3'UTR","hg38_cpg_islands; hg38_genes_exons; hg38_genes_introns; hg38_genes_promoters","100874100; 442523"
"cg16277725",0.162495808548983,0,0,0,0.162495808548983,"chr8",10786308,"+","chr8",10928798,"cg16277725","XKR6","Body","OpenSea","XKR6","5'UTR","hg38_cpg_inter; hg38_genes_introns","286046"
"cg07357827",0,0,-0.162391630759622,0,0.162391630759622,"chr3",12200835,"+","chr3",12159335,"cg07357827","SYN2;TIMP4;SYN2","Body;TSS200;Body","S_Shore","TIMP4;TIMP4","1stExon;5'UTR","hg38_cpg_shores; hg38_genes_1to5kb; hg38_genes_introns; hg38_genes_promoters","6854; 7079"
"cg01494348",0,0,0,-0.162153814953237,0.162153814953237,"chr8",144660395,"+","chr8",143578225,"cg01494348","NAPRT1","1stExon","Island","NAPRT1;NAPRT1;NAPRT1;RP11-661A12.7","1stExon;1stExon;1stExon;TSS1500","hg38_cpg_islands; hg38_genes_1to5kb; hg38_genes_exons; hg38_genes_introns; hg38_genes_promoters","93100"
"cg00886669",-0.161948451191245,0,0,0,0.161948451191245,"chr2",11529264,"-","chr2",11389138,"cg00886669","","","OpenSea","AC099344.3","3'UTR","hg38_cpg_inter; hg38_genes_1to5kb; hg38_genes_exons; hg38_genes_introns","100874055"
"cg18329931",0,0,0,0.161740625262909,0.161740625262909,"chr19",17858255,"-","chr19",17747446,"cg18329931","FCHO1;FCHO1","TSS1500;TSS1500","N_Shore","FCHO1","TSS1500","hg38_cpg_shores; hg38_genes_1to5kb; hg38_genes_promoters","23149"
"cg05342835",0,0,0.161379968729949,-0.11365374589824,0.161379968729949,"chr1",33160791,"-","chr1",32695190,"cg05342835","SYNC;SYNC","Body;Body","OpenSea","","","hg38_cpg_inter; hg38_genes_exons","81493"
"cg19388776",0,0,0,-0.161310154161636,0.161310154161636,"chr3",71835112,"+","chr3",71785961,"cg19388776","PROK2;PROK2","TSS1500;TSS1500","S_Shore","PROK2;PROK2","TSS1500;TSS1500","hg38_cpg_shores; hg38_genes_exons; hg38_genes_promoters","105377156; 60675"
"cg14866167",-0.161282873740466,0,0,0.0649264966700351,0.161282873740466,"chr8",130089463,"-","chr8",129077217,"cg14866167","","","OpenSea","","","hg38_cpg_inter; hg38_genes_introns","124902021; 137196; 728724"
"cg07993743",0,0.161255641416095,0,0,0.161255641416095,"chr17",44928288,"-","chr17",46850922,"cg07993743","WNT9B","TSS1500","Island","WNT9B","TSS1500","hg38_cpg_islands; hg38_genes_introns; hg38_genes_promoters","7484"
"cg03661817",0,0,-0.161221538271991,0,0.161221538271991,"chr16",57831745,"-","chr16",57797833,"cg03661817","KIFC3;KIFC3;KIFC3;KIFC3","Body;Body;1stExon;5'UTR","OpenSea","CTD-2600O9.1;KIFC3;KIFC3;KIFC3;KIFC3;KIFC3;KIFC3","TSS1500;1stExon;1stExon;TSS200;TSS200;5'UTR;3'UTR","hg38_cpg_inter; hg38_genes_5UTRs; hg38_genes_exons; hg38_genes_introns; hg38_genes_promoters","3801; 388282"
"cg03734133",-0.160813426593096,0,0,0,0.160813426593096,"chr10",2964678,"-","chr10",2922486,"cg03734133","","","OpenSea","","","hg38_cpg_inter",""
"cg06207778",0,0,0.160734717133424,0,0.160734717133424,"chr1",15672633,"+","chr1",15346137,"cg06207778","FHAD1","Body","OpenSea","FHAD1","5'UTR","hg38_cpg_inter; hg38_genes_1to5kb; hg38_genes_introns","101927417; 114827"
"cg18065981",0,0,0,-0.160646504301525,0.160646504301525,"chr2",242570529,"+","chr2",241631114,"cg18065981","THAP4","Body","N_Shore","","","hg38_cpg_shores; hg38_genes_introns","51078"
"cg06860422",0,0,0,0.160627968182644,0.160627968182644,"chr16",788079,"+","chr16",738079,"cg06860422","NARFL","Body","S_Shore","NARFL;MSLN;NARFL","TSS200;5'UTR;5'UTR","hg38_cpg_shores; hg38_genes_1to5kb; hg38_genes_exons; hg38_genes_introns; hg38_genes_promoters","64428"
"cg20616108",0,0,0,0.16000743086718,0.16000743086718,"chr1",26547234,"+","chr1",26220743,"cg20616108","","","OpenSea","","","hg38_cpg_inter; hg38_genes_1to5kb; hg38_genes_introns; hg38_genes_promoters","101928303"
"cg11878016",0,0,0,-0.159425160172334,0.159425160172334,"chr7",84816843,"+","chr7",85187527,"cg11878016","","","S_Shore","SEMA3D","TSS1500","hg38_cpg_shores; hg38_genes_promoters","223117"
"cg07161061",0,0,0,0.159274190177048,0.159274190177048,"chr12",133057193,"+","chr12",132480607,"cg07161061","","","S_Shore","","","hg38_cpg_shores",""
"cg07257824",0,-0.15820023511471,0,0,0.15820023511471,"chr6",170732353,"-","chr6",170423265,"cg07257824","","","Island","","","hg38_cpg_islands",""
"cg18327056",0,0,0,0.157899938755155,0.157899938755155,"chr2",26915355,"-","chr2",26692487,"cg18327056","KCNK3","TSS1500","N_Shore","KCNK3;KCNK3","TSS1500;TSS1500","hg38_cpg_shores; hg38_genes_promoters","3777"
"cg24579218",0,0,-0.0630295355971332,0.157866296395795,0.157866296395795,"chr15",68104479,"+","chr15",67812141,"cg24579218","","","OpenSea","","","hg38_cpg_inter",""
"cg08296037",0,0,-0.112411585625047,0.15784962362275,0.15784962362275,"chr16",1584118,"+","chr16",1534117,"cg08296037","IFT140;TMEM204","Body;TSS200","Island","TMEM204;TMEM204;TMEM204;IFT140","5'UTR;5'UTR;1stExon;TSS1500","hg38_cpg_islands; hg38_genes_5UTRs; hg38_genes_exons; hg38_genes_introns; hg38_genes_promoters","79652; 9742"
"cg16127683",0,0,-0.157517606132979,0.0880164825135294,0.157517606132979,"chr15",40268777,"-","chr15",39976576,"cg16127683","EIF2AK4","Body","Island","","","hg38_cpg_islands; hg38_genes_exons; hg38_genes_promoters","440275"
"cg18494902",-0.122265812727716,0,0.157235031701197,0,0.157235031701197,"chr15",40398565,"+","chr15",40106364,"cg18494902","BMF;BMF;BMF;BMF;BMF","TSS1500;5'UTR;TSS1500;5'UTR;1stExon","N_Shelf","BMF;BMF;BMF;BMF;BMF;BMF;BMF;BMF;BMF","5'UTR;5'UTR;5'UTR;5'UTR;5'UTR;5'UTR;TSS1500;1stExon;1stExon","hg38_cpg_shelves; hg38_genes_5UTRs; hg38_genes_exons; hg38_genes_introns; hg38_genes_promoters","90427"
"cg13402217",0,0,0,-0.15716698818795,0.15716698818795,"chr1",151584375,"+","chr1",151611899,"cg13402217","SNX27","TSS1500","Island","RP11-404E16.1;SNX27","TSS200;TSS200","hg38_cpg_islands; hg38_genes_1to5kb; hg38_genes_promoters","81609"
"cg03989567",0.157013550076614,0,0,0,0.157013550076614,"chr1",236686012,"-","chr1",236522712,"cg03989567","LGALS8;LGALS8;LGALS8;LGALS8","TSS1500;5'UTR;TSS1500;TSS1500","N_Shore","LGALS8;LGALS8;LGALS8;LGALS8;LGALS8;LGALS8;LGALS8","TSS1500;TSS1500;TSS1500;TSS1500;5'UTR;5'UTR;5'UTR","hg38_cpg_shores; hg38_genes_1to5kb; hg38_genes_introns; hg38_genes_promoters","3964"
"cg10296410",0,0,0.156878987144345,0,0.156878987144345,"chr22",42095368,"+","chr22",41699364,"cg10296410","MEI1","TSS200","N_Shore","MEI1;MEI1","TSS200;TSS200","hg38_cpg_shores; hg38_genes_promoters","150365"
"cg16356856",-0.156811872090696,0,0,0,0.156811872090696,"chr1",74663583,"+","chr1",74197899,"cg16356856","LRRIQ3;TNNI3K;FPGT","5'UTR;TSS1500;TSS1500","N_Shore","FPGT;FPGT;FPGT;FPGT;FPGT-TNNI3K;FPGT-TNNI3K;FPGT;FPGT-TNNI3K;LRRIQ3;LRRIQ3;LRRIQ3;LRRIQ3","TSS1500;TSS1500;TSS1500;TSS1500;TSS1500;TSS1500;TSS1500;TSS1500;5'UTR;5'UTR;5'UTR;5'UTR","hg38_cpg_shores; hg38_genes_introns; hg38_genes_promoters","100526835; 127255; 8790"
"cg04515001",0,0,0.156566466234036,0,0.156566466234036,"chr6",24358236,"+","chr6",24358008,"cg04515001","KAAG1;DCDC2;KAAG1;DCDC2","1stExon;1stExon;3'UTR;5'UTR","Island","KAAG1;DCDC2;DCDC2;KAAG1","1stExon;1stExon;5'UTR;3'UTR","hg38_cpg_islands; hg38_genes_5UTRs; hg38_genes_exons; hg38_genes_promoters","353219; 51473"
"cg13331200",0,0,0.156457463080929,0,0.156457463080929,"chr3",85008587,"-","chr3",84959436,"cg13331200","CADM2;CADM2;CADM2;CADM2","5'UTR;1stExon;5'UTR;1stExon","Island","CADM2;CADM2;CADM2;CADM2;CADM2","5'UTR;1stExon;1stExon;5'UTR;TSS200","hg38_cpg_islands; hg38_genes_5UTRs; hg38_genes_exons; hg38_genes_promoters","253559"
"cg26391674",0,0,0.155975196381717,0,0.155975196381717,"chr20",3148934,"+","chr20",3168288,"cg26391674","ProSAPiP1;ProSAPiP1","1stExon;5'UTR","Island","RP5-1187M17.10;RP5-1187M17.10;RP5-1187M17.10","1stExon;5'UTR;5'UTR","hg38_cpg_islands; hg38_genes_5UTRs; hg38_genes_exons; hg38_genes_introns","9762"
"cg14137286",0,0,0,-0.155967170725723,0.155967170725723,"chr10",31288997,"-","chr10",31000068,"cg14137286","ZNF438;ZNF438;ZNF438;ZNF438;ZNF438;ZNF438;ZNF438;ZNF438","5'UTR;5'UTR;5'UTR;5'UTR;5'UTR;TSS1500;5'UTR;Body","OpenSea","ZNF438;ZNF438;ZNF438;ZNF438;ZNF438","TSS1500;5'UTR;5'UTR;5'UTR;5'UTR","hg38_cpg_inter; hg38_genes_introns; hg38_genes_promoters","220929"
"cg12228919",0,-0.155940585468358,0,0,0.155940585468358,"chr15",44955936,"+","chr15",44663738,"cg12228919","SPG11;SPG11","TSS200;TSS200","Island","SPG11;SPG11;SPG11;SPG11;SPG11","TSS200;TSS200;TSS200;TSS200;TSS200","hg38_cpg_islands; hg38_genes_promoters","80208"
"cg13931725",0,0,0,0.155927456046688,0.155927456046688,"chr9",133538248,"+","chr9",130662861,"cg13931725","","","Island","","","hg38_cpg_islands; hg38_genes_1to5kb","59335"
"cg14906510",0,0,-0.0949813087673549,0.155768322522694,0.155768322522694,"chr12",7781169,"-","chr12",7628573,"cg14906510","","","Island","","","hg38_cpg_islands",""
"cg19504245",0.155765922172419,0,0,0,0.155765922172419,"chr19",55660620,"-","chr19",55149252,"cg19504245","TNNT1;TNNT1;TNNT1","TSS200;TSS200;TSS200","OpenSea","TNNT1;TNNT1","TSS200;TSS200","hg38_cpg_shelves; hg38_genes_1to5kb; hg38_genes_promoters","7138"
"cg06407434",0,0,-0.155471563795533,0,0.155471563795533,"chr22",34046529,"-","chr22",33650543,"cg06407434","LARGE;LARGE","Body;Body","Island","LARGE","3'UTR","hg38_cpg_islands; hg38_genes_exons","9215"
"cg01483119",0,0,-0.155355689305247,0,0.155355689305247,"chr17",80551543,"-","chr17",82593667,"cg01483119","FOXK2","Body","N_Shelf","FOXK2;FOXK2","1stExon;5'UTR","hg38_cpg_shelves; hg38_genes_exons; hg38_genes_introns","3607"
"cg20443778",0,0,0.154882619398482,0,0.154882619398482,"chr2",142887886,"+","chr2",142130317,"cg20443778","LRP1B","Body","Island","","","hg38_cpg_islands; hg38_genes_introns","53353"
"cg18888403",0,0,0,-0.154801359020391,0.154801359020391,"chr1",24152774,"+","chr1",23826284,"cg18888403","HMGCL;HMGCL","TSS1500;TSS1500","OpenSea","HMGCL;HMGCL;HMGCL;HMGCL;HMGCL","TSS1500;TSS1500;TSS1500;TSS1500;5'UTR","hg38_cpg_inter; hg38_genes_introns; hg38_genes_promoters","3155"
"cg10726517",0,0,0,-0.154722071488027,0.154722071488027,"chr11",368712,"+","chr11",368712,"cg10726517","B4GALNT4","TSS1500","OpenSea","B4GALNT4","TSS1500","hg38_cpg_shores; hg38_enhancers_fantom; hg38_genes_1to5kb; hg38_genes_promoters","338707"
"cg18129178",0,0,0,0.154616625561579,0.154616625561579,"chr5",148520854,"-","chr5",149141291,"cg18129178","ABLIM3","TSS200","N_Shore","ABLIM3;ABLIM3;ABLIM3;ABLIM3;ABLIM3;ABLIM3","TSS1500;TSS1500;TSS1500;TSS1500;TSS200;TSS200","hg38_cpg_shores; hg38_genes_promoters","22885"
"cg01894498",0,0,0,0.154598945678629,0.154598945678629,"chr14",61655848,"-","chr14",61189130,"cg01894498","","","OpenSea","","","hg38_cpg_inter; hg38_genes_introns","5583"
"cg00356811",0,0,0.154331104480427,0,0.154331104480427,"chr19",4639239,"+","chr19",4639227,"cg00356811","TNFAIP8L1;TNFAIP8L1","TSS1500;TSS1500","Island","TNFAIP8L1;TNFAIP8L1","TSS1500;TSS1500","hg38_cpg_islands; hg38_genes_promoters","126282"
"cg04121631",-0.153997766999081,0,0,0,0.153997766999081,"chr1",875345,"+","chr1",939965,"cg04121631","SAMD11","Body","N_Shore","SAMD11","TSS1500","hg38_cpg_shores; hg38_genes_1to5kb; hg38_genes_introns; hg38_genes_promoters","148398"
"cg18416503",0,0,-0.153709324294443,0,0.153709324294443,"chr14",93475974,"+","chr14",93009629,"cg18416503","ITPK1;ITPK1;ITPK1","Body;Body;Body","OpenSea","ITPK1;ITPK1","5'UTR;3'UTR","hg38_cpg_inter; hg38_enhancers_fantom; hg38_genes_introns","3705"
"cg26214742",0,0,0,-0.15331781087865,0.15331781087865,"chr5",134735914,"+","chr5",135400224,"cg26214742","H2AFY;H2AFY;H2AFY;H2AFY","TSS1500;TSS1500;TSS1500;TSS1500","S_Shore","H2AFY;H2AFY;H2AFY;H2AFY;H2AFY","TSS1500;TSS1500;TSS1500;TSS1500;TSS1500","hg38_cpg_shores; hg38_genes_1to5kb; hg38_genes_exons; hg38_genes_promoters","9555"
"cg14594459",0,0.153306872356444,0,0,0.153306872356444,"chr8",110374675,"-","chr8",109362446,"cg14594459","PKHD1L1","TSS200","Island","PKHD1L1","TSS200","hg38_cpg_islands; hg38_genes_promoters","93035"
"cg03061435",0,0.153103577704923,0,0,0.153103577704923,"chr1",205537833,"-","chr1",205568705,"cg03061435","MFSD4","TSS1500","Island","MFSD4;MFSD4;MFSD4","TSS1500;TSS1500;TSS1500","hg38_cpg_islands; hg38_genes_promoters","148808"
"cg25251562",-0.152777527825512,0,0,0,0.152777527825512,"chr2",3704773,"-","chr2",3657183,"cg25251562","ALLC","TSS1500","OpenSea","ALLC","TSS1500","hg38_cpg_inter; hg38_genes_1to5kb","55821"
"cg04255230",0,0.152776341804039,0,0,0.152776341804039,"chr2",74727010,"+","chr2",74499883,"cg04255230","LBX2","Body","Island","LBX2;LBX2;AC005041.17","TSS200;3'UTR;TSS1500","hg38_cpg_islands; hg38_genes_1to5kb; hg38_genes_introns; hg38_genes_promoters","151534; 85474"
"cg24527560",0,0,0.152663886985026,0,0.152663886985026,"chr10",42863508,"+","chr10",42368060,"cg24527560","LOC441666","TSS200","S_Shore","","","hg38_cpg_shores; hg38_genes_promoters","441666"
"cg14504497",0.152411765412639,0,0,0,0.152411765412639,"chr11",129912407,"+","chr11",130042512,"cg14504497","","","S_Shore","","","hg38_cpg_shores",""
"cg24287110",0,0,0,0.152133503880073,0.152133503880073,"chr10",3824687,"-","chr10",3782495,"cg24287110","KLF6;KLF6;KLF6;KLF6","Body;Body;Body;Body","S_Shore","KLF6","TSS1500","hg38_cpg_shores; hg38_genes_1to5kb; hg38_genes_introns; hg38_genes_promoters","1316"
"cg23527974",0,0,0,-0.152005807958976,0.152005807958976,"chr15",26328941,"+","chr15",26083794,"cg23527974","","","S_Shore","","","hg38_cpg_shores",""
"cg22728385",0,0,0,0.15193656526096,0.15193656526096,"chr8",145939129,"+","chr8",144713744,"cg22728385","","","Island","","","hg38_cpg_islands; hg38_genes_promoters",""
"cg11296937",-0.15176678291821,0,0,0,0.15176678291821,"chr11",64084966,"+","chr11",64317494,"cg11296937","PRDX5;PRDX5;TRMT112;PRDX5","TSS1500;TSS1500;1stExon;TSS1500","Island","PRDX5;PRDX5;TRMT112;TRMT112;TRMT112;TRMT112;TRMT112;TRMT112","TSS1500;TSS1500;1stExon;1stExon;1stExon;1stExon;TSS200;5'UTR","hg38_cpg_islands; hg38_genes_exons; hg38_genes_promoters","25824; 51504"
"cg18449964",0,0,0.151346681147066,-0.105601641099532,0.151346681147066,"chr18",72917101,"+","chr18",75205146,"cg18449964","ZADH2","Body","Island","ZADH2","5'UTR","hg38_cpg_islands; hg38_genes_introns","284273"
"cg23217680",0,0,0,0.151326138769949,0.151326138769949,"chr8",9029456,"+","chr8",9171946,"cg23217680","","","OpenSea","","","hg38_cpg_inter; hg38_genes_introns","101929128; 102724880"
"cg20591407",0,0,0.151152177221186,0,0.151152177221186,"chr12",1642663,"+","chr12",1533497,"cg20591407","","","S_Shore","","","hg38_cpg_shores; hg38_enhancers_fantom; hg38_genes_introns","81029"
"cg01992590",0,0,0,0.150890476504817,0.150890476504817,"chr17",48277042,"+","chr17",50199681,"cg01992590","COL1A1","Body","Island","","","hg38_cpg_islands; hg38_genes_1to5kb; hg38_genes_introns; hg38_genes_promoters","101927230; 1277"
"cg04135110",0,0.150654971370008,0,0,0.150654971370008,"chr5",346695,"-","chr5",346580,"cg04135110","AHRR","Body","S_Shelf","AHRR","5'UTR","hg38_cpg_shelves; hg38_genes_introns","116412618; 57491"
"cg01741372",0,0,0.150590714527879,0,0.150590714527879,"chr11",783889,"+","chr11",783889,"cg01741372","","","OpenSea","AP006621.5","5'UTR","hg38_cpg_inter; hg38_genes_exons; hg38_genes_introns","171391"
"cg08237401",0.150574111304086,0,0,0,0.150574111304086,"chr1",94057789,"-","chr1",93592232,"cg08237401","BCAR3","Body","OpenSea","RP5-1033H22.2;RP5-1033H22.2;RP5-1033H22.2","TSS200;1stExon;5'UTR","hg38_cpg_inter; hg38_genes_1to5kb; hg38_genes_exons; hg38_genes_introns","100129046; 8412"
"cg23229984",0,0,0,-0.150323057048368,0.150323057048368,"chr5",148520753,"+","chr5",149141190,"cg23229984","ABLIM3","TSS1500","N_Shore","ABLIM3;ABLIM3;ABLIM3;ABLIM3;ABLIM3;ABLIM3","TSS1500;TSS1500;TSS1500;TSS1500;TSS1500;TSS1500","hg38_cpg_shores; hg38_genes_promoters","22885"
"cg03096954",0,0,0,0.150320152371232,0.150320152371232,"chr16",85347426,"-","chr16",85313820,"cg03096954","","","OpenSea","","","hg38_cpg_inter; hg38_genes_introns","23199"
"cg08352115",0,0,0,-0.150066515519563,0.150066515519563,"chr17",66356057,"+","chr17",68359916,"cg08352115","ARSG","Body","OpenSea","","","hg38_cpg_inter; hg38_genes_introns","22901"
"cg12331932",0,0,0.0811498983832339,-0.150030149913869,0.150030149913869,"chr17",72462635,"+","chr17",74466496,"cg12331932","CD300A;CD300A","5'UTR;1stExon","OpenSea","CD300A;CD300A;CD300A;CD300A;CD300A;CD300A","5'UTR;1stExon;5'UTR;1stExon;TSS200;TSS200","hg38_cpg_inter; hg38_genes_5UTRs; hg38_genes_exons; hg38_genes_promoters","11314"
"cg05772218",0,0,0,-0.150007444822602,0.150007444822602,"chr17",3658684,"-","chr17",3755390,"cg05772218","ITGAE","Body","Island","","","hg38_cpg_islands; hg38_genes_introns; hg38_genes_promoters","3682"
"cg18026197",0,0,0,-0.149910061009527,0.149910061009527,"chr3",126422536,"+","chr3",126703693,"cg18026197","CHCHD6","TSS1500","N_Shore","CHCHD6;CHCHD6","TSS1500;TSS1500","hg38_cpg_shores; hg38_genes_promoters","84303"
"cg21330207",0.149908605876046,0,0,-0.108769004124341,0.149908605876046,"chr18",72916311,"-","chr18",75204356,"cg21330207","ZADH2","Body","Island","ZADH2","5'UTR","hg38_cpg_islands; hg38_enhancers_fantom; hg38_genes_introns","284273"
"cg16307778",0,0,0,-0.149870058061095,0.149870058061095,"chr6",168066888,"-","chr6",167666208,"cg16307778","","","S_Shelf","","","hg38_cpg_shelves",""
"cg02331830",0,0,0,-0.149808027401425,0.149808027401425,"chr8",145008288,"+","chr8",143934120,"cg02331830","PLEC1;PLEC1;PLEC1;PLEC1;PLEC1;PLEC1;PLEC1;PLEC1","Body;Body;Body;Body;Body;Body;Body;Body","N_Shore","","","hg38_cpg_shores; hg38_genes_introns","5339"
"cg11256186",0,0,-0.149661099842684,0,0.149661099842684,"chr1",42288825,"-","chr1",41823154,"cg11256186","HIVEP3;HIVEP3","5'UTR;5'UTR","OpenSea","HIVEP3;HIVEP3","5'UTR;5'UTR","hg38_cpg_inter; hg38_genes_introns","59269"
"cg07138399",0,0,0,-0.149555518414136,0.149555518414136,"chr1",200272215,"+","chr1",200303087,"cg07138399","","","S_Shore","","","hg38_cpg_shores; hg38_genes_introns","554279"
"cg05131940",0,0,-0.149422049910053,0,0.149422049910053,"chr10",53004308,"-","chr10",51244548,"cg05131940","PRKG1;PRKG1","Body;Body","OpenSea","","","hg38_cpg_inter; hg38_genes_introns","5592"
"cg17920936",0,0,-0.149198414088457,0.0596709501815929,0.149198414088457,"chr9",94710553,"-","chr9",91948271,"cg17920936","ROR2","Body","N_Shore","ROR2","5'UTR","hg38_cpg_shores; hg38_genes_introns","4920"
"cg04255391",0,0,0,-0.148908797357469,0.148908797357469,"chr8",145008397,"-","chr8",143934229,"cg04255391","PLEC1;PLEC1;PLEC1;PLEC1;PLEC1;PLEC1;PLEC1;PLEC1","Body;Body;Body;Body;Body;Body;Body;Body","N_Shore","","","hg38_cpg_shores; hg38_genes_introns","5339"
"cg21222426",0,0,0,-0.148784501616,0.148784501616,"chr9",20339790,"-","chr9",20339792,"cg21222426","","","OpenSea","","","hg38_cpg_inter",""
"cg27429195",0,0,0,-0.148651418516629,0.148651418516629,"chr10",1602108,"+","chr10",1559913,"cg27429195","ADARB2","Body","OpenSea","","","hg38_cpg_inter; hg38_genes_introns","105"
"cg18634211",0,0.148620300972539,0,0,0.148620300972539,"chr1",26737262,"-","chr1",26410771,"cg18634211","LIN28","TSS200","Island","LIN28A;LIN28A","TSS200;TSS200","hg38_cpg_shores; hg38_genes_promoters","79727"
"cg20792062",0,0,0.148586334283376,0,0.148586334283376,"chr12",5153288,"+","chr12",5044122,"cg20792062","KCNA5;KCNA5","5'UTR;1stExon","Island","KCNA5;KCNA5","5'UTR;1stExon","hg38_cpg_islands; hg38_genes_5UTRs; hg38_genes_exons","3741"
"cg14399122",-0.148566103945191,0,0,0,0.148566103945191,"chr9",137660670,"+","chr9",134768824,"cg14399122","COL5A1","Body","Island","","","hg38_cpg_islands; hg38_genes_introns","1289"
"cg19925512",0,-0.148338403128418,0,0,0.148338403128418,"chr22",32750881,"+","chr22",32354894,"cg19925512","RFPL3;RFPL3","5'UTR;1stExon","OpenSea","RFPL3;RFPL3","1stExon;5'UTR","hg38_cpg_inter; hg38_genes_1to5kb; hg38_genes_5UTRs; hg38_genes_exons","10738; 6527"
"cg07890839",0,0.102923033575756,-0.148311059557699,0,0.148311059557699,"chr15",67359525,"-","chr15",67067187,"cg07890839","SMAD3","Body","S_Shore","","","hg38_cpg_shores; hg38_genes_1to5kb; hg38_genes_introns; hg38_genes_promoters","102723493; 4088"
"cg13595143",0,-0.148270086142844,0,0,0.148270086142844,"chr9",472966,"+","chr9",472966,"cg13595143","","","S_Shelf","KANK1","5'UTR","hg38_cpg_shelves; hg38_genes_1to5kb; hg38_genes_introns","124902108; 23189"
"cg04615859",0,0,0,-0.147825492701787,0.147825492701787,"chr17",7762123,"+","chr17",7858805,"cg04615859","CYB5D1;LSMD1","Body;TSS1500","S_Shore","LSMD1;LSMD1;CYB5D1;LSMD1;LSMD1;LSMD1;CYB5D1;LSMD1;LSMD1","TSS1500;TSS1500;5'UTR;TSS1500;TSS1500;TSS1500;ExonBnd;5'UTR;3'UTR","hg38_cpg_shores; hg38_genes_1to5kb; hg38_genes_3UTRs; hg38_genes_exons; hg38_genes_introns; hg38_genes_promoters","124637; 84316"
"cg23467713",0,0,0,-0.147697978586373,0.147697978586373,"chr14",94291414,"+","chr14",93825068,"cg23467713","","","OpenSea","","","hg38_cpg_inter",""
"cg13968390",0,-0.147643171589476,0,0,0.147643171589476,"chr2",108904812,"-","chr2",108288356,"cg13968390","SULT1C2;SULT1C2","TSS1500;TSS1500","OpenSea","SULT1C2;SULT1C2","TSS1500;TSS1500","hg38_cpg_inter; hg38_genes_promoters","6819"
"cg23995459",0,0,0,0.147067551759171,0.147067551759171,"chr1",53191787,"+","chr1",52726115,"cg23995459","ZYG11B","TSS1500","N_Shore","ZYG11B;ZYG11B;ZYG11B","TSS1500;TSS1500;TSS1500","hg38_cpg_shores; hg38_genes_promoters","79699"
"cg16289210",0,0,0,-0.146859650183632,0.146859650183632,"chr1",203320396,"-","chr1",203351268,"cg16289210","FMOD","TSS200","OpenSea","FMOD;FMOD;FMOD","5'UTR;1stExon;TSS200","hg38_cpg_inter; hg38_genes_introns; hg38_genes_promoters","2331"
"cg18079499",0,0,0,0.146705332779341,0.146705332779341,"chr14",90868646,"-","chr14",90402302,"cg18079499","CALM1;CALM1","Body;Body","S_Shelf","","","hg38_cpg_shelves; hg38_genes_1to5kb; hg38_genes_introns","801"
"cg15803221",0,0,0,-0.146400663722931,0.146400663722931,"chr17",38473166,"+","chr17",40316914,"cg15803221","RARA;RARA;RARA","TSS1500;5'UTR;TSS1500","Island","RARA;RARA;RARA","TSS1500;TSS1500;5'UTR","hg38_cpg_islands; hg38_genes_1to5kb; hg38_genes_introns","5914"
"cg09896999",-0.146079738000394,0,0,0,0.146079738000394,"chr7",6746977,"-","chr7",6707346,"cg09896999","ZNF12;ZNF12","TSS1500;TSS1500","S_Shore","ZNF12;ZNF12;ZNF12;ZNF12;AC073343.13","TSS1500;TSS1500;TSS1500;TSS1500;5'UTR","hg38_cpg_shores; hg38_genes_1to5kb; hg38_genes_introns; hg38_genes_promoters","124901583; 441194; 7559"
"cg05349624",0.145713236385455,0,0,0,0.145713236385455,"chr21",46856438,"+","chr21",45436524,"cg05349624","COL18A1","Body","N_Shelf","","","hg38_cpg_shelves; hg38_genes_introns","80781"
"cg11568697",0.0724466540331275,0,0,-0.145603825925913,0.145603825925913,"chr18",72916393,"+","chr18",75204438,"cg11568697","ZADH2","Body","Island","ZADH2","5'UTR","hg38_cpg_islands; hg38_enhancers_fantom; hg38_genes_introns","284273"
"cg10365886",0,0,0,-0.145306098599244,0.145306098599244,"chr6",32063874,"+","chr6",32096097,"cg10365886","TNXB","Body","Island","","","hg38_cpg_islands; hg38_genes_exons","7148"
"cg14620660",0,0,0.14526738839781,0,0.14526738839781,"chr5",4101491,"+","chr5",4101378,"cg14620660","","","OpenSea","","","hg38_cpg_inter",""
"cg03923277",0,0,0.0225841745544548,-0.144932841526008,0.144932841526008,"chr12",104359732,"-","chr12",103965954,"cg03923277","TDG;TDG","1stExon;5'UTR","Island","TDG;TDG;TDG;C12orf73;C12orf73;TDG;TDG","5'UTR;1stExon;1stExon;TSS1500;TSS1500;5'UTR;5'UTR","hg38_cpg_islands; hg38_genes_5UTRs; hg38_genes_exons; hg38_genes_promoters","6996; 728568"
"cg13686615",0,0,0,0.144925633396368,0.144925633396368,"chr2",71503742,"-","chr2",71276612,"cg13686615","","","Island","ZNF638;ZNF638;ZNF638;ZNF638;ZNF638","TSS200;1stExon;5'UTR;1stExon;5'UTR","hg38_cpg_islands; hg38_genes_5UTRs; hg38_genes_exons; hg38_genes_promoters","27332"
"cg19045731",0,0,0,-0.144686559486686,0.144686559486686,"chr2",239037533,"-","chr2",238128892,"cg19045731","ESPNL","Body","Island","ESPNL;ESPNL","TSS200;ExonBnd","hg38_cpg_islands; hg38_genes_5UTRs; hg38_genes_exons; hg38_genes_promoters","339768"
"cg05926586",0,0,0,0.144543414154276,0.144543414154276,"chr15",74592786,"-","chr15",74300445,"cg05926586","CCDC33","Body","OpenSea","CCDC33","5'UTR","hg38_cpg_inter; hg38_genes_1to5kb; hg38_genes_exons; hg38_genes_introns","80125"
"cg21442626",0,0,-0.144400038510166,0,0.144400038510166,"chr8",104032819,"-","chr8",103020591,"cg21442626","ATP6V1C1","TSS1500","N_Shore","ATP6V1C1;ATP6V1C1;ATP6V1C1;KB-1639H6.2","TSS1500;TSS1500;TSS1500;3'UTR","hg38_cpg_shores; hg38_genes_introns; hg38_genes_promoters","528"
"cg26180843",0,-0.143902329123928,0,0,0.143902329123928,"chr6",170557102,"+","chr6",170248014,"cg26180843","","","OpenSea","","","hg38_cpg_inter; hg38_genes_introns","154449"
"cg10233744",0,0,0,-0.143773285573968,0.143773285573968,"chr13",74557243,"-","chr13",73983106,"cg10233744","KLF12","Body","OpenSea","KLF12","3'UTR","hg38_cpg_inter; hg38_genes_introns","11278"
"cg19761110",0,0,0.143635433991116,0,0.143635433991116,"chr2",236774071,"+","chr2",235865427,"cg19761110","AGAP1;AGAP1","Body;Body","Island","","","hg38_cpg_islands; hg38_genes_introns","116987"
"cg03610228",0,0,0.143540261594546,0,0.143540261594546,"chr10",21799395,"-","chr10",21510466,"cg03610228","","","S_Shore","","","hg38_cpg_shores; hg38_enhancers_fantom",""
"cg12603173",0.0310668243262407,0,-0.143365254030931,0,0.143365254030931,"chr11",64508421,"+","chr11",64740949,"cg12603173","RASGRP2;RASGRP2;RASGRP2","Body;Body;Body","N_Shore","RASGRP2;RASGRP2;RASGRP2","3'UTR;ExonBnd;ExonBnd","hg38_cpg_shores; hg38_genes_1to5kb; hg38_genes_3UTRs; hg38_genes_exons; hg38_genes_promoters","10235"
"cg02183564",0,0,0.143099177697427,0,0.143099177697427,"chr7",76874892,"+","chr7",77245575,"cg02183564","CCDC146","Body","OpenSea","CCDC146","5'UTR","hg38_cpg_inter; hg38_enhancers_fantom; hg38_genes_introns","57639"
"cg00600477",0,-0.143046654309737,0.0824864105459275,0,0.143046654309737,"chr8",144715010,"-","chr8",143632840,"cg00600477","","","N_Shelf","RP11-661A12.12","3'UTR","hg38_cpg_shelves; hg38_genes_1to5kb; hg38_genes_introns; hg38_genes_promoters","105375798; 9831"
"cg26846943",0.10247275594206,0,0,-0.142701736919264,0.142701736919264,"chr6",112165062,"-","chr6",111843859,"cg26846943","FYN","5'UTR","OpenSea","FYN;FYN;FYN;FYN","5'UTR;5'UTR;5'UTR;5'UTR","hg38_cpg_inter; hg38_genes_introns","2534"
"cg20822818",0,0.142371238178217,0,0,0.142371238178217,"chr11",119235062,"+","chr11",119364352,"cg20822818","USP2;USP2","TSS200;Body","Island","USP2","TSS200","hg38_cpg_islands; hg38_genes_1to5kb; hg38_genes_exons; hg38_genes_introns; hg38_genes_promoters","100499227; 9099"
"cg14839386",0,0,0,-0.14214149304792,0.14214149304792,"chr14",102481497,"-","chr14",102015160,"cg14839386","DYNC1H1","Body","N_Shore","","","hg38_cpg_shores; hg38_genes_3UTRs; hg38_genes_exons","1778"
"cg16060330",0,0,0,-0.142120434749708,0.142120434749708,"chr2",173369204,"-","chr2",172504476,"cg16060330","ITGA6;ITGA6","3'UTR;3'UTR","OpenSea","ITGA6;ITGA6;ITGA6;ITGA6;ITGA6;AC093818.1;AC093818.1","3'UTR;3'UTR;3'UTR;3'UTR;3'UTR;3'UTR;3'UTR","hg38_cpg_inter; hg38_genes_3UTRs; hg38_genes_exons; hg38_genes_introns","124900513; 3655"
"cg13404038",0,0,0,-0.142050969983115,0.142050969983115,"chr9",126123344,"+","chr9",123361065,"cg13404038","CRB2","Body","OpenSea","","","hg38_cpg_inter; hg38_genes_introns","286204"
"cg27206026",0,0,0.141883970800418,0,0.141883970800418,"chr16",57907171,"+","chr16",57873267,"cg27206026","","","OpenSea","","","hg38_cpg_inter",""
"cg02978505",-0.141750116584752,0,0,0,0.141750116584752,"chr16",85292322,"-","chr16",85258716,"cg02978505","","","OpenSea","","","hg38_cpg_inter; hg38_genes_introns","107984830; 23199"
"cg18929511",0,0,0,-0.141532462555293,0.141532462555293,"chr8",17942993,"+","chr8",18085484,"cg18929511","ASAH1;ASAH1;ASAH1","TSS1500;TSS1500;TSS1500","S_Shore","ASAH1;ASAH1;CTD-2547L16.1;ASAH1;ASAH1;ASAH1","TSS1500;TSS1500;5'UTR;TSS1500;TSS1500;TSS1500","hg38_cpg_shores; hg38_genes_1to5kb; hg38_genes_exons; hg38_genes_introns; hg38_genes_promoters","101929066; 427"
"cg02812142",0,0,0,-0.141243370464563,0.141243370464563,"chr2",135595323,"-","chr2",134837753,"cg02812142","ACMSD","TSS1500","OpenSea","ACMSD;ACMSD;ACMSD;AC016725.4","TSS1500;TSS1500;TSS1500;3'UTR","hg38_cpg_inter; hg38_genes_introns; hg38_genes_promoters","100129961; 130013"
"cg10441379",-0.140691257903507,0,0,0,0.140691257903507,"chr5",72793693,"-","chr5",73497868,"cg10441379","BTF3;BTF3","TSS1500;TSS1500","N_Shore","BTF3;BTF3;BTF3","TSS1500;TSS1500;TSS1500","hg38_cpg_shores; hg38_genes_1to5kb; hg38_genes_exons; hg38_genes_promoters","689"
"cg17227257",0,0,-0.140188889331648,0,0.140188889331648,"chr4",1202694,"+","chr4",1208906,"cg17227257","LOC100130872-SPON2;LOC100130872","TSS200;Body","N_Shore","SPON2;SPON2","1stExon;3'UTR","hg38_cpg_shores; hg38_genes_1to5kb; hg38_genes_5UTRs; hg38_genes_exons; hg38_genes_promoters","100130872; 10417; 285463"
"cg08933284",0,0,0,-0.140060726265177,0.140060726265177,"chr1",1111095,"-","chr1",1175715,"cg08933284","TTLL10","5'UTR","S_Shore","TTLL10-AS1;TTLL10;TTLL10","3'UTR;5'UTR;5'UTR","hg38_cpg_shores; hg38_genes_1to5kb; hg38_genes_exons; hg38_genes_introns","100506376; 254173"
"cg00876757",0,0,0,-0.13997960259812,0.13997960259812,"chr16",33483591,"-","chr16",33681124,"cg00876757","","","S_Shore","","","hg38_cpg_islands",""
"cg03636183",-0.139750113050785,0,0,0,0.139750113050785,"chr19",17000585,"-","chr19",16889774,"cg03636183","F2RL3","Body","N_Shore","","","hg38_cpg_shores; hg38_genes_exons","9002"
"cg27170260",0,0.139608599073255,0,0,0.139608599073255,"chr1",38156575,"-","chr1",37690903,"cg27170260","C1orf109","TSS1500","N_Shore","C1orf109;C1orf109","3'UTR;TSS1500","hg38_cpg_shores; hg38_genes_1to5kb; hg38_genes_introns; hg38_genes_promoters","54955; 55143"
"cg23304165",0.139511189475811,0,-0.0174672513390389,0,0.139511189475811,"chr7",63498798,"-","chr7",64038420,"cg23304165","","","S_Shore","","","hg38_cpg_shores; hg38_genes_promoters","105375317"
"cg23929682",-0.139477722338626,0,0,0,0.139477722338626,"chr11",2321842,"+","chr11",2300612,"cg23929682","C11orf21;TSPAN32;C11orf21","Body;TSS1500;Body","OpenSea","C11orf21;TSPAN32;C11orf21","3'UTR;TSS1500;ExonBnd","hg38_cpg_inter; hg38_genes_1to5kb; hg38_genes_exons; hg38_genes_introns","10077; 29125"
"cg02939781",0,0,0,0.139455096800268,0.139455096800268,"chr3",183208857,"-","chr3",183491069,"cg02939781","KLHL6","3'UTR","N_Shore","KLHL6","3'UTR","hg38_cpg_shores; hg38_genes_3UTRs; hg38_genes_exons; hg38_genes_introns","89857"
"cg00031896",0,0,-0.139372162114121,0,0.139372162114121,"chr12",122020205,"-","chr12",121582300,"cg00031896","KDM2B","TSS1500","S_Shore","KDM2B;KDM2B;KDM2B;RP13-941N14.1","TSS1500;TSS1500;TSS1500;5'UTR","hg38_cpg_shores; hg38_enhancers_fantom; hg38_genes_1to5kb; hg38_genes_introns","101928346; 84678"
"cg23982607",0.0249558890846945,0,0,-0.139350921184228,0.139350921184228,"chr1",1823379,"-","chr1",1891940,"cg23982607","GNB1","TSS1500","S_Shore","GNB1;GNB1;GNB1;RP1-140A9.1","TSS1500;TSS1500;TSS1500;5'UTR","hg38_cpg_shores; hg38_genes_1to5kb; hg38_genes_exons; hg38_genes_introns; hg38_genes_promoters","105378949; 2782"
"cg24775327",0,0,0,-0.139238893092203,0.139238893092203,"chr10",72311997,"-","chr10",70552241,"cg24775327","KIAA1274","Body","OpenSea","RP11-710A11.2","5'UTR","hg38_cpg_inter; hg38_enhancers_fantom; hg38_genes_introns","27143"
"cg27574595",0,0,0,0.139159114641197,0.139159114641197,"chr3",25583274,"-","chr3",25541783,"cg27574595","RARB;RARB","Body;Body","OpenSea","RARB","5'UTR","hg38_cpg_inter; hg38_genes_introns","5915"
"cg09033006",0,-0.139121556974381,0,0,0.139121556974381,"chr1",244517177,"-","chr1",244353875,"cg09033006","C1orf100","5'UTR","OpenSea","C1orf100","5'UTR","hg38_cpg_inter; hg38_enhancers_fantom; hg38_genes_introns","200159"
"cg24911891",0,0,0.138972832306875,0,0.138972832306875,"chr8",142405051,"-","chr8",141394951,"cg24911891","","","S_Shelf","PTP4A3;PTP4A3","5'UTR;5'UTR","hg38_cpg_shelves; hg38_genes_1to5kb; hg38_genes_introns","105375790; 11156"
"cg10129944",0,0,0,-0.138910380831036,0.138910380831036,"chr6",12718408,"+","chr6",12718176,"cg10129944","PHACTR1","5'UTR","OpenSea","PHACTR1;PHACTR1;PHACTR1","TSS1500;5'UTR;TSS200","hg38_cpg_inter; hg38_genes_introns; hg38_genes_promoters","221692"
"cg11324538",0,0,-0.138860004022117,0,0.138860004022117,"chr19",47778804,"-","chr19",47275547,"cg11324538","PRR24;PRR24","3'UTR;1stExon","S_Shore","PRR24;PRR24","1stExon;3'UTR","hg38_cpg_shores; hg38_genes_3UTRs; hg38_genes_exons","255783"
"cg12031962",0,0,0.00447955032011744,-0.138568364112118,0.138568364112118,"chr15",58353849,"+","chr15",58061651,"cg12031962","ALDH1A2;ALDH1A2","Body;Body","N_Shelf","ALDH1A2","5'UTR","hg38_cpg_shelves; hg38_genes_1to5kb; hg38_genes_introns","283665; 8854"
"cg26922917",0,-0.138501101077695,0,0,0.138501101077695,"chr12",131622584,"+","chr12",131138039,"cg26922917","GPR133","Body","N_Shore","GPR133","5'UTR","hg38_cpg_shores; hg38_genes_3UTRs; hg38_genes_exons; hg38_genes_introns","283383"
"cg13204432",0,0,0.138292577687005,0,0.138292577687005,"chr2",51074939,"-","chr2",50847801,"cg13204432","NRXN1;NRXN1","Body;Body","OpenSea","","","hg38_cpg_inter; hg38_genes_introns","9378"
"cg12052658",0,0,0,-0.138153235899007,0.138153235899007,"chr17",14212064,"-","chr17",14308747,"cg12052658","HS3ST3B1","Body","N_Shore","","","hg38_cpg_shores; hg38_genes_introns","9953"
"cg01485177",0,0,0.138009692411578,0,0.138009692411578,"chr10",42863594,"+","chr10",42368146,"cg01485177","LOC441666","TSS200","S_Shore","","","hg38_cpg_shores; hg38_genes_promoters","441666"
"cg16609021",0,0.137917784006561,0,0,0.137917784006561,"chr7",157754648,"+","chr7",157961956,"cg16609021","PTPRN2;PTPRN2;PTPRN2","Body;Body;Body","OpenSea","","","hg38_cpg_inter; hg38_genes_introns","5799"
"cg02470959",0,0,0.137896017378655,-0.103731036566849,0.137896017378655,"chr12",132196036,"+","chr12",131711491,"cg02470959","SFRS8","Body","Island","","","hg38_cpg_islands; hg38_genes_exons; hg38_genes_introns","6433"
"cg20181426",0,0,0.137750756774027,0,0.137750756774027,"chr8",10469310,"-","chr8",10611800,"cg20181426","RP1L1","Body","N_Shore","","","hg38_cpg_shores; hg38_genes_exons","94137"
"cg04398451",0,0,0,0.137655395433831,0.137655395433831,"chr17",18023971,"-","chr17",18120657,"cg04398451","MYO15A","Body","Island","","","hg38_cpg_islands; hg38_genes_1to5kb; hg38_genes_exons","51168"
"cg06651563",0,0,0,-0.137632580303828,0.137632580303828,"chr21",15309846,"+","chr21",13937525,"cg06651563","","","Island","","","hg38_cpg_islands; hg38_genes_1to5kb; hg38_genes_introns; hg38_genes_promoters","110091776"
"cg15331834",0,0,-0.137435656658517,0,0.137435656658517,"chr10",45360969,"-","chr10",44865521,"cg15331834","","","S_Shore","TMEM72-AS1","3'UTR","hg38_cpg_shores; hg38_genes_introns","220980"
"cg05785753",0,0,0,-0.137353692946435,0.137353692946435,"chr11",71189490,"+","chr11",71478444,"cg05785753","NADSYN1","Body","OpenSea","NADSYN1","TSS1500","hg38_cpg_inter; hg38_genes_1to5kb; hg38_genes_3UTRs; hg38_genes_5UTRs; hg38_genes_exons; hg38_genes_promoters","55191"
"cg12549411",0.137287103282612,0,-0.0515708251230793,0,0.137287103282612,"chr21",41032864,"+","chr21",39660937,"cg12549411","B3GALT5;B3GALT5;B3GALT5;B3GALT5;B3GALT5","Body;Body;Body;Body;Body","OpenSea","AF064860.5","5'UTR","hg38_cpg_inter; hg38_genes_exons; hg38_genes_introns","10317; 150084"
"cg16338365",0,0,0.0654732574678455,-0.137107349891373,0.137107349891373,"chr6",167559913,"+","chr6",167146425,"cg16338365","","","OpenSea","","","hg38_cpg_inter; hg38_genes_1to5kb; hg38_genes_exons","401285"
"cg13944099",0,0,0.137065723927643,0,0.137065723927643,"chr19",40723232,"-","chr19",40217325,"cg13944099","TTC9B","Body","Island","","","hg38_cpg_islands; hg38_genes_exons","148014"
"cg09298147",0,0,0,-0.13697859711908,0.13697859711908,"chr6",29550134,"+","chr6",29582357,"cg09298147","","","OpenSea","GABBR1","3'UTR","hg38_cpg_inter; hg38_genes_1to5kb; hg38_genes_introns; hg38_genes_promoters","2550; 7932"
"cg11799650",0,0,0,-0.136846849644148,0.136846849644148,"chr1",15573621,"-","chr1",15247125,"cg11799650","FHAD1","TSS200","Island","FHAD1","TSS200","hg38_cpg_islands; hg38_genes_1to5kb; hg38_genes_introns; hg38_genes_promoters","114827"
"cg00668937",0,0,0.136559093956412,0,0.136559093956412,"chr10",134699597,"+","chr10",132886093,"cg00668937","","","S_Shore","","","hg38_cpg_shores; hg38_genes_introns","54777"
"cg17852224",0,0,-0.136355021981379,0,0.136355021981379,"chr22",51042761,"+","chr22",50604333,"cg17852224","MAPK8IP2;MAPK8IP2","Body;Body","Island","","","hg38_cpg_islands; hg38_genes_1to5kb; hg38_genes_exons","1120; 23542"
"cg27387030",0.0641213829869691,0,0,-0.136285637228595,0.136285637228595,"chr1",203320541,"+","chr1",203351413,"cg27387030","FMOD","TSS1500","OpenSea","FMOD;FMOD;FMOD","5'UTR;1stExon;TSS1500","hg38_cpg_inter; hg38_genes_introns; hg38_genes_promoters","2331"
"cg22609277",0,0,0,-0.136204023972842,0.136204023972842,"chr1",111746873,"+","chr1",111204251,"cg22609277","","","Island","CHI3L2","5'UTR","hg38_cpg_islands; hg38_genes_1to5kb; hg38_genes_exons; hg38_genes_introns","1117; 79961"
"cg14433983",0,0,0,0.136097078179063,0.136097078179063,"chr11",636460,"-","chr11",636460,"cg14433983","DRD4","TSS1500","Island","DRD4","TSS1500","hg38_cpg_islands; hg38_genes_1to5kb; hg38_genes_promoters","1815"
"cg06039747",0.135973414067909,0,0,0,0.135973414067909,"chr16",89632638,"-","chr16",89566230,"cg06039747","","","Island","","","hg38_cpg_islands",""
"cg20979921",0,-0.135863810788938,0,0,0.135863810788938,"chr22",37584018,"-","chr22",37187978,"cg20979921","C1QTNF6;C1QTNF6","Body;Body","OpenSea","C1QTNF6","3'UTR","hg38_cpg_inter; hg38_genes_1to5kb; hg38_genes_introns","114904"
"cg22855933",0,0,-0.135424605419381,0,0.135424605419381,"chr2",157179512,"+","chr2",156323000,"cg22855933","","","S_Shelf","","","hg38_cpg_shelves; hg38_genes_1to5kb",""
"cg04946916",0,0,0,-0.135066869664586,0.135066869664586,"chr6",656890,"+","chr6",656890,"cg04946916","HUS1B;EXOC2","1stExon;5'UTR","Island","HUS1B;EXOC2;EXOC2","1stExon;5'UTR;5'UTR","hg38_cpg_islands; hg38_genes_exons; hg38_genes_introns","135458; 55770"
"cg09115116",0,0,0.1347428292681,0,0.1347428292681,"chr11",72982950,"+","chr11",73271905,"cg09115116","P2RY6;P2RY6;P2RY6;P2RY6","5'UTR;TSS1500;5'UTR;5'UTR","OpenSea","P2RY6;P2RY6;P2RY6;P2RY6;P2RY6;P2RY6;P2RY6;P2RY6","TSS1500;1stExon;5'UTR;5'UTR;5'UTR;5'UTR;5'UTR;5'UTR","hg38_cpg_inter; hg38_genes_introns; hg38_genes_promoters","5031"
"cg03958308",-0.134414608123584,0,0,0,0.134414608123584,"chr8",145014989,"+","chr8",143940821,"cg03958308","PLEC1;PLEC1;PLEC1;PLEC1;PLEC1;PLEC1;PLEC1;PLEC1","Body;Body;Body;Body;TSS1500;Body;Body;Body","N_Shore","PLEC","TSS1500","hg38_cpg_shores; hg38_genes_1to5kb; hg38_genes_introns","5339"
"cg17061244",0,0,0.134358919029959,0,0.134358919029959,"chr12",81331469,"-","chr12",80937690,"cg17061244","LIN7A","1stExon","Island","LIN7A","1stExon","hg38_cpg_islands; hg38_genes_1to5kb; hg38_genes_exons; hg38_genes_promoters","693203; 79611; 8825"
"cg18217622",0,-0.134305778507039,0,0,0.134305778507039,"chr6",170732253,"-","chr6",170423165,"cg18217622","","","Island","","","hg38_cpg_islands",""
"cg25763306",0,0,0,0.133825681395707,0.133825681395707,"chr1",7741216,"+","chr1",7681156,"cg25763306","CAMTA1","Body","S_Shore","CAMTA1","5'UTR","hg38_cpg_shores; hg38_genes_introns","23261"
"cg00362680",0,0,-0.133703291741001,0,0.133703291741001,"chr7",42008023,"+","chr7",41968424,"cg00362680","GLI3","Body","S_Shore","GLI3","3'UTR","hg38_cpg_shores; hg38_genes_introns","2737"
"cg22947322",-0.133521251450539,0.0736519531649265,0,0,0.133521251450539,"chr17",47091978,"+","chr17",49014616,"cg22947322","IGF2BP1;IGF2BP1","Body;Body","Island","RP11-501C14.6;IGF2BP1","TSS1500;5'UTR","hg38_cpg_islands; hg38_genes_introns; hg38_genes_promoters","10642; 124904020"
"cg26549831",0,0,0,-0.133491882494108,0.133491882494108,"chr12",773616,"-","chr12",664450,"cg26549831","NINJ2","TSS1500","OpenSea","NINJ2","TSS1500","hg38_cpg_inter; hg38_genes_1to5kb; hg38_genes_promoters","4815"
"cg26944245",0.133451609881693,0,0,0,0.133451609881693,"chr16",421049,"+","chr16",371049,"cg26944245","TMEM8A;MRPL28","3'UTR;TSS1500","S_Shore","MRPL28;MRPL28;MRPL28;MRPL28;MRPL28;TMEM8A","TSS1500;TSS1500;TSS1500;TSS1500;TSS1500;3'UTR","hg38_cpg_shores; hg38_genes_3UTRs; hg38_genes_exons; hg38_genes_introns; hg38_genes_promoters","10573; 58986"
"cg08125436",-0.0152145166811278,0,0.133412483263944,0,0.133412483263944,"chr16",7855305,"+","chr16",7805303,"cg08125436","","","OpenSea","","","hg38_cpg_inter",""
"cg07833467",0,0,0,-0.133281824853006,0.133281824853006,"chr22",50986511,"+","chr22",50548082,"cg07833467","KLHDC7B;KLHDC7B","5'UTR;1stExon","Island","KLHDC7B;KLHDC7B","5'UTR;1stExon","hg38_cpg_islands; hg38_genes_5UTRs; hg38_genes_exons","113730"
"cg13105522",0,0,0,-0.133270825081976,0.133270825081976,"chr17",80790085,"-","chr17",82832209,"cg13105522","TBCD;ZNF750","Body;Body","N_Shore","ZNF750;ZNF750;ZNF750;TBCD","3'UTR;5'UTR;5'UTR;3'UTR","hg38_cpg_shores; hg38_genes_exons; hg38_genes_introns","6904; 79755"
"cg21028142",0,0,0,-0.13323289444706,0.13323289444706,"chr17",79581711,"+","chr17",81614685,"cg21028142","NPLOC4","Body","OpenSea","NPLOC4","5'UTR","hg38_cpg_inter; hg38_genes_1to5kb; hg38_genes_introns; hg38_genes_promoters","55666"
"cg11832534",0,0,0.133208560558096,0,0.133208560558096,"chr1",3563998,"+","chr1",3647434,"cg11832534","WDR8","Body","N_Shelf","","","hg38_cpg_shores; hg38_genes_5UTRs; hg38_genes_exons","49856"
"cg25422226",0,0,0,-0.133172913360934,0.133172913360934,"chr7",13057352,"+","chr7",13017727,"cg25422226","","","OpenSea","","","hg38_cpg_inter; hg38_enhancers_fantom; hg38_genes_introns","107986770"
"cg01119135",-0.133129380750576,0,0,0,0.133129380750576,"chr1",207205525,"-","chr1",207032180,"cg01119135","C1orf116;C1orf116","5'UTR;5'UTR","OpenSea","C1orf116;C1orf116","5'UTR;5'UTR","hg38_cpg_inter; hg38_genes_1to5kb; hg38_genes_introns","5208; 79098"
"cg11140086",0,0,0,0.133111095918687,0.133111095918687,"chr12",49783072,"-","chr12",49389289,"cg11140086","SPATS2","5'UTR","Island","SPATS2;SPATS2;SPATS2;SPATS2","5'UTR;5'UTR;5'UTR;5'UTR","hg38_cpg_islands; hg38_genes_introns; hg38_genes_promoters","100335030; 65244"
"cg26561207",0,0.132623679283112,0,0,0.132623679283112,"chr5",171615258,"+","chr5",172188254,"cg26561207","STK10;STK10","1stExon;5'UTR","Island","STK10;STK10;STK10;STK10","1stExon;5'UTR;5'UTR;1stExon","hg38_cpg_islands; hg38_genes_promoters","6793"
"cg14435720",0.131431606658208,0,-0.118694490079138,0,0.131431606658208,"chr9",139565087,"+","chr9",136670635,"cg14435720","EGFL7;EGFL7;MIR126","Body;Body;Body","Island","EGFL7;MIR126","5'UTR;5'UTR","hg38_cpg_islands; hg38_genes_exons; hg38_genes_introns","406913; 51162"
"cg20185525",0,0,0,0.13121796175491,0.13121796175491,"chr17",41278712,"-","chr17",43126695,"cg20185525","BRCA1;NBR2;BRCA1;BRCA1;BRCA1;BRCA1","TSS1500;Body;TSS1500;TSS1500;TSS1500;TSS1500","S_Shore","BRCA1;BRCA1;BRCA1;BRCA1;BRCA1;BRCA1;NBR2;NBR2","TSS1500;TSS1500;TSS1500;TSS1500;TSS1500;5'UTR;5'UTR;5'UTR","hg38_cpg_shores; hg38_genes_1to5kb; hg38_genes_introns","10230; 672"
"cg19463349",0,0,-0.131148261957837,0,0.131148261957837,"chr13",27316791,"+","chr13",26742654,"cg19463349","","","OpenSea","","","hg38_cpg_inter",""
"cg15892964",0.131000710040783,0,0,0,0.131000710040783,"chr6",151646540,"-","chr6",151325405,"cg15892964","AKAP12;AKAP12","TSS200;Body","N_Shore","AKAP12","TSS1500","hg38_cpg_shores; hg38_genes_introns; hg38_genes_promoters","9590"
"cg00012362",0,0,0,-0.130960309408247,0.130960309408247,"chr1",153599487,"-","chr1",153627011,"cg00012362","S100A13;S100A13;S100A13;S100A13;S100A1;S100A13;S100A13","5'UTR;1stExon;5'UTR;5'UTR;TSS1500;5'UTR;5'UTR","OpenSea","S100A13;S100A13;S100A13;S100A13;S100A1;S100A13;S100A13;S100A13;S100A1;S100A1;S100A1","5'UTR;5'UTR;1stExon;3'UTR;TSS1500;5'UTR;5'UTR;5'UTR;TSS1500;TSS1500;TSS1500","hg38_cpg_inter; hg38_genes_1to5kb; hg38_genes_5UTRs; hg38_genes_exons; hg38_genes_introns; hg38_genes_promoters","6271; 6284"
"cg26807616",0,0,0,-0.13094386969239,0.13094386969239,"chr11",124999345,"-","chr11",125129449,"cg26807616","","","OpenSea","","","hg38_cpg_inter",""
"cg17094171",0,0,0.130820320739633,0,0.130820320739633,"chr12",14133281,"-","chr12",13980347,"cg17094171","GRIN2B","TSS1500","N_Shore","GRIN2B","TSS1500","hg38_cpg_shores; hg38_genes_5UTRs; hg38_genes_exons; hg38_genes_promoters","2904"
"cg15975750",0,0,-0.130635499874499,0,0.130635499874499,"chr12",101112277,"+","chr12",100718499,"cg15975750","","","S_Shore","","","hg38_cpg_shores; hg38_genes_introns","121601"
"cg11342437",0,0,0,-0.13055689438525,0.13055689438525,"chr13",47126328,"+","chr13",46552193,"cg11342437","LRCH1;LRCH1;LRCH1","TSS1500;TSS1500;TSS1500","N_Shore","LRCH1;LRCH1;LRCH1","TSS1500;TSS1500;TSS1500","hg38_cpg_shores; hg38_genes_1to5kb; hg38_genes_promoters","23143"
"cg10697737",0,0,0,-0.130447867016902,0.130447867016902,"chr19",1673498,"-","chr19",1673499,"cg10697737","","","S_Shore","","","hg38_cpg_shores",""
"cg22116670",0,0,0.130371812663015,0,0.130371812663015,"chr5",151066730,"+","chr5",151687169,"cg22116670","SPARC","TSS1500","OpenSea","SPARC;CTB-113P19.1","TSS200;5'UTR","hg38_cpg_inter; hg38_genes_1to5kb; hg38_genes_exons; hg38_genes_introns; hg38_genes_promoters","101927096; 6678"
"cg13073302",0,0,-0.130222080770001,0,0.130222080770001,"chr17",637000,"+","chr17",733760,"cg13073302","FAM57A","Body","S_Shore","","","hg38_cpg_shores; hg38_genes_introns","79850"
"cg20988073",0,0,0,0.130031526382127,0.130031526382127,"chr3",125900093,"+","chr3",126181250,"cg20988073","ALDH1L1","TSS1500","S_Shore","ALDH1L1;ALDH1L1;ALDH1L1;ALDH1L1;ALDH1L1;ALDH1L1-AS2","TSS1500;TSS1500;TSS1500;TSS1500;TSS200;5'UTR","hg38_cpg_shores; hg38_genes_1to5kb; hg38_genes_introns; hg38_genes_promoters","100862662; 10840"
"cg20923605",0,0,0,0.129968897272628,0.129968897272628,"chr13",112978683,"-","chr13",112324369,"cg20923605","","","OpenSea","RP11-315H15.1","3'UTR","hg38_cpg_inter; hg38_genes_introns","104266956"
"cg18942222",0,0,0,-0.12988588077762,0.12988588077762,"chr2",63667788,"-","chr2",63440654,"cg18942222","C2orf86","Body","OpenSea","WDPCP;WDPCP;WDPCP;WDPCP","5'UTR;1stExon;3'UTR;5'UTR","hg38_cpg_inter; hg38_genes_1to5kb; hg38_genes_5UTRs; hg38_genes_exons; hg38_genes_introns","51057"
"cg23486923",0,0,0.129804355877556,-0.124825693975505,0.129804355877556,"chr4",738199,"+","chr4",744411,"cg23486923","PCGF3","Body","N_Shore","","","hg38_cpg_shores; hg38_genes_introns","10336"
"cg03938978",0,-0.129649237972563,0,0,0.129649237972563,"chr2",103052716,"-","chr2",102436256,"cg03938978","IL18RAP","Body","OpenSea","","","hg38_cpg_inter; hg38_genes_1to5kb; hg38_genes_introns","8807"
"cg05374271",0,0,0,-0.129571597740263,0.129571597740263,"chr1",192778890,"+","chr1",192809760,"cg05374271","RGS2","Body","S_Shore","RGS2","5'UTR","hg38_cpg_shores; hg38_genes_introns","105371664; 105371665; 5997"
"cg03456560",0,0,0,0.129483034368141,0.129483034368141,"chr4",4866192,"-","chr4",4864465,"cg03456560","","","N_Shore","","","hg38_cpg_shores",""
"cg20052079",0,0,-0.12934284348758,0,0.12934284348758,"chr6",15504923,"+","chr6",15504692,"cg20052079","JARID2","Body","OpenSea","JARID2","5'UTR","hg38_cpg_inter; hg38_genes_introns","3720"
"cg14459668",0,0,0,0.129249501647625,0.129249501647625,"chr10",77542483,"-","chr10",75782725,"cg14459668","C10orf11","TSS200","OpenSea","C10orf11","TSS200","hg38_cpg_inter; hg38_genes_introns; hg38_genes_promoters","83938"
"cg13673514",0,0,0,0.129192982639115,0.129192982639115,"chr14",101035818,"+","chr14",100569481,"cg13673514","BEGAIN;BEGAIN","TSS1500;5'UTR","S_Shore","BEGAIN;BEGAIN;BEGAIN","5'UTR;TSS1500;TSS1500","hg38_cpg_shores; hg38_genes_1to5kb; hg38_genes_5UTRs; hg38_genes_exons; hg38_genes_introns; hg38_genes_promoters","57596"
"cg21790991",0,0,0,-0.12905371230943,0.12905371230943,"chr3",120137480,"+","chr3",120418633,"cg21790991","FSTL1","Body","OpenSea","FSTL1","5'UTR","hg38_cpg_inter; hg38_genes_introns","100130701; 11167"
"cg22693266",0,0,-0.128904558474893,0,0.128904558474893,"chr12",28409714,"+","chr12",28256781,"cg22693266","CCDC91","TSS1500","OpenSea","CCDC91;CCDC91;CCDC91","5'UTR;5'UTR;TSS1500","hg38_cpg_inter; hg38_genes_exons; hg38_genes_introns; hg38_genes_promoters","55297"
"cg04730665",0,0,0.128715522363182,0,0.128715522363182,"chr2",236403704,"+","chr2",235495060,"cg04730665","AGAP1;AGAP1","Body;Body","Island","","","hg38_cpg_islands; hg38_genes_introns","116987"
"cg24667042",0,0,0,-0.128646100355732,0.128646100355732,"chr10",129704488,"-","chr10",127906224,"cg24667042","PTPRE","TSS1500","N_Shore","PTPRE","TSS1500","hg38_cpg_shores; hg38_enhancers_fantom; hg38_genes_promoters","5791"
"cg21184951",0,0,0,0.128542242899786,0.128542242899786,"chr2",240168413,"-","chr2",239246717,"cg21184951","HDAC4","Body","OpenSea","HDAC4","5'UTR","hg38_cpg_inter; hg38_enhancers_fantom; hg38_genes_introns","9759"
"cg24920358",0,0,-0.128421430998872,0,0.128421430998872,"chr1",40204285,"+","chr1",39738613,"cg24920358","PPIE;PPIE;PPIE","TSS1500;TSS1500;TSS1500","N_Shore","PPIE;PPIE;PPIE;PPIE","TSS1500;TSS1500;TSS1500;TSS1500","hg38_cpg_shores; hg38_genes_introns; hg38_genes_promoters","10450"
"cg13071333",0,0,0.128261872244894,0,0.128261872244894,"chr1",152595882,"+","chr1",152623406,"cg13071333","LCE3A","TSS1500","OpenSea","LCE3A","TSS1500","hg38_cpg_inter; hg38_genes_promoters","353142"
"cg15003615",0,0,0,-0.128163512745456,0.128163512745456,"chr6",27870978,"-","chr6",27903200,"cg15003615","","","OpenSea","","","hg38_cpg_inter",""
"cg13389958",0,0,0,0.128109355553762,0.128109355553762,"chr7",27280924,"-","chr7",27241305,"cg13389958","EVX1","TSS1500","N_Shore","EVX1;EVX1;RP1-170O19.17","TSS1500;TSS1500;TSS200","hg38_cpg_shores; hg38_genes_1to5kb; hg38_genes_promoters","2128"
"cg06075233",0,0,0,-0.128055134987821,0.128055134987821,"chr19",17838392,"+","chr19",17727583,"cg06075233","MAP1S","Body","Island","","","hg38_cpg_islands; hg38_genes_exons; hg38_genes_introns; hg38_genes_promoters","55201"
"cg03718241",0.127851747146682,0,0,0,0.127851747146682,"chr6",3623988,"-","chr6",3623754,"cg03718241","","","OpenSea","RP1-223B1.1","3'UTR","hg38_cpg_inter; hg38_genes_exons; hg38_genes_introns","100507336"
"cg20663365",0.127587118249193,0,0,0,0.127587118249193,"chr2",127729097,"-","chr2",126971521,"cg20663365","","","N_Shore","","","hg38_cpg_shores",""
"cg03858673",0,0,-0.127548480719576,0,0.127548480719576,"chr6",28584155,"+","chr6",28616378,"cg03858673","","","Island","SCAND3","TSS200","hg38_cpg_islands; hg38_genes_promoters","114821"
"cg24699670",0.127414203416419,0,0,0,0.127414203416419,"chr19",55660614,"-","chr19",55149246,"cg24699670","TNNT1;TNNT1;TNNT1","TSS200;TSS200;TSS200","OpenSea","TNNT1;TNNT1","TSS200;TSS200","hg38_cpg_shelves; hg38_genes_1to5kb; hg38_genes_promoters","7138"
"cg06223162",-0.127144013094175,0,0,0,0.127144013094175,"chr1",101003688,"+","chr1",100538132,"cg06223162","GPR88","TSS200","N_Shore","GPR88","TSS200","hg38_cpg_shores; hg38_genes_promoters","54112"
"cg20246548",0,0,0.127098284261282,0,0.127098284261282,"chr6",8435978,"+","chr6",8435745,"cg20246548","SLC35B3;SLC35B3;SLC35B3","TSS200;TSS200;TSS200","Island","SLC35B3;SLC35B3;SLC35B3","TSS200;TSS1500;TSS1500","hg38_cpg_islands; hg38_genes_exons; hg38_genes_introns; hg38_genes_promoters","100506207; 105374910; 105374914; 112267952; 124901255; 51000"
"cg00495693",0,0,0,0.127047630756976,0.127047630756976,"chr6",51928623,"-","chr6",52063825,"cg00495693","PKHD1;PKHD1","Body;Body","OpenSea","","","hg38_cpg_inter; hg38_genes_introns","5314"
"cg26943120",0.127007096298404,-0.0836676086964055,0,0,0.127007096298404,"chr4",5472116,"+","chr4",5470389,"cg26943120","STK32B","Body","OpenSea","STK32B","5'UTR","hg38_cpg_inter; hg38_genes_introns","55351"
"cg08673054",0,0,-0.126984497006148,0,0.126984497006148,"chr19",10541704,"+","chr19",10431028,"cg08673054","PDE4A;PDE4A;PDE4A","Body;TSS1500;1stExon","N_Shore","PDE4A;PDE4A;PDE4A","1stExon;TSS1500;5'UTR","hg38_cpg_islands; hg38_genes_1to5kb; hg38_genes_exons; hg38_genes_introns","5141"
"cg17221584",0,-0.12646792869896,0,0,0.12646792869896,"chr15",56033606,"+","chr15",55741408,"cg17221584","PRTG","Body","N_Shore","","","hg38_cpg_shores; hg38_genes_1to5kb; hg38_genes_introns","283659"
"cg21341645",0,0.126278459394102,0,-0.0710943056737237,0.126278459394102,"chr7",155091523,"+","chr7",155299813,"cg21341645","INSIG1;INSIG1;INSIG1","Body;Body;Body","S_Shore","","","hg38_cpg_shores; hg38_genes_1to5kb; hg38_genes_introns","3638"
"cg25035631",0,0,-0.126218678699497,0,0.126218678699497,"chr1",35586358,"+","chr1",35120757,"cg25035631","","","Island","","","hg38_cpg_islands; hg38_genes_1to5kb",""
"cg24592500",0,0,0.125519266470546,0,0.125519266470546,"chr1",2863801,"-","chr1",2947236,"cg24592500","","","OpenSea","","","hg38_cpg_inter",""
"cg01204844",0,0,0,0.125346759216747,0.125346759216747,"chr22",40437423,"-","chr22",40041419,"cg01204844","","","N_Shelf","","","hg38_cpg_shelves; hg38_genes_1to5kb; hg38_genes_3UTRs; hg38_genes_exons","113828; 23112"
"cg07713493",0,0,0.125048222258664,-0.111987417315441,0.125048222258664,"chr1",205473393,"-","chr1",205504265,"cg07713493","CDK18;CDK18;CDK18","TSS1500;TSS1500;TSS1500","N_Shore","CDK18;CDK18;CDK18","TSS1500;TSS1500;TSS1500","hg38_cpg_shores; hg38_genes_promoters","5129"
"cg09256413",0,0,0,0.125000760961975,0.125000760961975,"chr1",72566690,"-","chr1",72101007,"cg09256413","NEGR1","Body","OpenSea","NEGR1;NEGR1","TSS200;TSS200","hg38_cpg_inter; hg38_genes_introns; hg38_genes_promoters","257194"
"cg01484487",0,0.0902441498227764,0,-0.124788043811869,0.124788043811869,"chr2",74726892,"-","chr2",74499765,"cg01484487","LBX2","Body","Island","LBX2;LBX2;AC005041.17","TSS200;3'UTR;TSS1500","hg38_cpg_islands; hg38_genes_1to5kb; hg38_genes_introns; hg38_genes_promoters","151534; 85474"
"cg15595502",0.124437821504425,0,0,0,0.124437821504425,"chr1",224564870,"-","chr1",224377168,"cg15595502","","","OpenSea","CNIH4","3'UTR","hg38_cpg_inter; hg38_genes_3UTRs; hg38_genes_exons; hg38_genes_introns","29097"
"cg01728951",0,0,0,-0.124209152879788,0.124209152879788,"chr17",46228066,"+","chr17",48150704,"cg01728951","SKAP1;SKAP1","Body;Body","OpenSea","","","hg38_cpg_inter; hg38_genes_introns","8631"
"cg06741653",0,0,0,-0.124066622568497,0.124066622568497,"chr12",4351720,"+","chr12",4242554,"cg06741653","","","OpenSea","","","hg38_cpg_shores",""
"cg27026202",-0.123998620786235,0,0,0,0.123998620786235,"chr2",235200560,"+","chr2",234291916,"cg27026202","","","OpenSea","","","hg38_cpg_inter; hg38_enhancers_fantom",""
"cg23996893",0,0,0.123912553946485,0,0.123912553946485,"chr11",87002864,"+","chr11",87291822,"cg23996893","TMEM135;TMEM135;TMEM135","Body;Body;Body","OpenSea","","","hg38_cpg_inter; hg38_genes_introns","65084"
"cg06128999",0,0,0,-0.123814108423431,0.123814108423431,"chr16",77247126,"-","chr16",77213229,"cg06128999","","","S_Shore","RP11-538I12.2","3'UTR","hg38_cpg_shores; hg38_genes_introns",""
"cg15676677",0,0,-0.123738431468197,0,0.123738431468197,"chr5",112573320,"+","chr5",113237623,"cg15676677","MCC;MCC","Body;Body","OpenSea","MCC","3'UTR","hg38_cpg_inter; hg38_genes_1to5kb; hg38_genes_introns","4163"
"cg07894334",0,0,-0.123520654430855,0,0.123520654430855,"chr2",46925333,"+","chr2",46698194,"cg07894334","SOCS5;SOCS5","TSS1500;TSS1500","N_Shore","SOCS5;SOCS5","TSS1500;TSS1500","hg38_cpg_shores; hg38_genes_1to5kb; hg38_genes_promoters","388948; 9655"
"cg10465839",0,0,-0.0534880209039991,0.123364853078863,0.123364853078863,"chr16",1584050,"+","chr16",1534049,"cg10465839","IFT140;TMEM204","Body;TSS200","Island","TMEM204;TMEM204;TMEM204;IFT140","5'UTR;5'UTR;1stExon;TSS1500","hg38_cpg_islands; hg38_genes_5UTRs; hg38_genes_exons; hg38_genes_introns; hg38_genes_promoters","79652; 9742"
"cg25734463",0,0,0,0.12303948065,0.12303948065,"chr13",87747133,"+","chr13",87094878,"cg25734463","","","OpenSea","","","hg38_cpg_inter",""
"cg19682134",0,0,-0.122730326802552,0,0.122730326802552,"chr8",145750363,"-","chr8",144524979,"cg19682134","LRRC14;LRRC24","3'UTR;5'UTR","Island","LRRC14;LRRC24;LRRC24","3'UTR;5'UTR;5'UTR","hg38_cpg_islands; hg38_genes_3UTRs; hg38_genes_5UTRs; hg38_genes_exons","441381; 9684"
"cg24571822",0,0,-0.0485581069257096,0.122673574704537,0.122673574704537,"chr10",17009592,"-","chr10",16967593,"cg24571822","CUBN","Body","OpenSea","","","hg38_cpg_inter; hg38_genes_introns","8029"
"cg04107939",0,0,0.122597235598571,0,0.122597235598571,"chr3",171520494,"-","chr3",171802704,"cg04107939","PLD1;PLD1","5'UTR;5'UTR","OpenSea","PLD1;PLD1;PLD1;PLD1;AC078953.1","5'UTR;5'UTR;5'UTR;3'UTR;5'UTR","hg38_cpg_inter; hg38_genes_introns","5337"
"cg24202817",0,0,0.122535267278579,0,0.122535267278579,"chr10",6220943,"+","chr10",6178980,"cg24202817","PFKFB3","Body","OpenSea","RP11-414H17.8;PFKFB3;PFKFB3","TSS200;5'UTR;5'UTR","hg38_cpg_inter; hg38_genes_introns","5209"
"cg02599498",0,0.122321526798005,0,0,0.122321526798005,"chr7",154998107,"-","chr7",155206397,"cg02599498","","","OpenSea","","","hg38_cpg_inter; hg38_genes_introns",""
"cg10671830",0.121710937110144,0,0,0,0.121710937110144,"chr4",7652103,"+","chr4",7650376,"cg10671830","SORCS2","Body","OpenSea","SORCS2","5'UTR","hg38_cpg_inter; hg38_genes_introns","57537"
"cg08923669",0,0,0,-0.121634988197956,0.121634988197956,"chr16",420230,"-","chr16",370230,"cg08923669","MRPL28","5'UTR","Island","MRPL28;MRPL28;MRPL28;MRPL28;MRPL28;MRPL28;MRPL28","1stExon;TSS1500;ExonBnd;5'UTR;5'UTR;5'UTR;5'UTR","hg38_cpg_islands; hg38_genes_exons; hg38_genes_introns; hg38_genes_promoters","10573"
"cg18145047",0,0,0.121529968996088,0,0.121529968996088,"chr5",140700638,"-","chr5",141321071,"cg18145047","TAF7","TSS1500","S_Shore","TAF7","TSS1500","hg38_cpg_shores; hg38_genes_exons; hg38_genes_promoters","105378199; 6879"
"cg14803350",-0.121495417153071,0.0921046888802931,0,0,0.121495417153071,"chr5",159545855,"-","chr5",160118848,"cg14803350","PWWP2A;PWWP2A","1stExon;1stExon","Island","PWWP2A;PWWP2A","1stExon;1stExon","hg38_cpg_islands; hg38_genes_exons; hg38_genes_promoters","114825"
"cg01217601",0,0,0,-0.12137568899432,0.12137568899432,"chr6",30686747,"-","chr6",30718970,"cg01217601","TUBB;MDC1","TSS1500;TSS1500","N_Shore","MDC1;MDC1;TUBB;TUBB;TUBB","TSS1500;TSS1500;TSS1500;TSS1500;TSS1500","hg38_cpg_shores; hg38_genes_1to5kb; hg38_genes_introns","203068; 9656"
"cg00572387",0,0.12110588073438,0,0,0.12110588073438,"chr20",1472914,"-","chr20",1492268,"cg00572387","SIRPB2;SIRPB2","TSS1500;TSS1500","OpenSea","SIRPB2;SIRPB2;SIRPB2;SIRPB2","TSS1500;TSS1500;TSS1500;TSS1500","hg38_cpg_inter; hg38_genes_promoters","284759"
"cg00131893",0,0,-0.121037809853057,0,0.121037809853057,"chr8",1892956,"+","chr8",1944790,"cg00131893","ARHGEF10","Body","N_Shore","ARHGEF10","5'UTR","hg38_cpg_shores; hg38_genes_introns","9639"
"cg17077180",0,0,0,0.12043640603919,0.12043640603919,"chr1",38461687,"-","chr1",37996015,"cg17077180","","","Island","","","hg38_cpg_islands",""
"cg09546802",-0.120379465929005,0,0,0,0.120379465929005,"chr5",145215546,"-","chr5",145835983,"cg09546802","PRELID2;PRELID2;PRELID2","TSS1500;TSS1500;TSS1500","S_Shore","PRELID2;PRELID2;PRELID2","TSS1500;TSS1500;TSS1500","hg38_cpg_shores; hg38_genes_promoters","153768"
"cg14228592",0.120375662726153,0,0,0,0.120375662726153,"chr8",145639181,"-","chr8",144413797,"cg14228592","SLC39A4;SLC39A4","Body;Body","Island","SLC39A4","TSS1500","hg38_cpg_islands; hg38_genes_1to5kb; hg38_genes_exons; hg38_genes_promoters","29894; 55630"
"cg23937382",0,-0.120209703412273,0,0,0.120209703412273,"chr19",58549531,"-","chr19",58038163,"cg23937382","ZSCAN1","Body","Island","","","hg38_cpg_islands; hg38_genes_exons","284312"
"cg01449663",0,0,0.11974268625405,0,0.11974268625405,"chr17",8926249,"-","chr17",9022932,"cg01449663","NTN1","Body","Island","NTN1","1stExon","hg38_cpg_islands; hg38_genes_exons","9423"
"cg06875740",0,0,0,0.119730797628309,0.119730797628309,"chr19",51307921,"+","chr19",50804664,"cg06875740","C19orf48;C19orf48;C19orf48;C19orf48","1stExon;5'UTR;1stExon;5'UTR","Island","C19orf48;C19orf48;C19orf48;C19orf48","5'UTR;5'UTR;1stExon;1stExon","hg38_cpg_islands; hg38_genes_1to5kb; hg38_genes_exons; hg38_genes_promoters","284365; 692204; 84798"
"cg14742341",0,-0.119624563763827,0,0,0.119624563763827,"chr4",68563317,"-","chr4",67697599,"cg14742341","UBA6","Body","N_Shelf","","","hg38_cpg_shelves; hg38_genes_1to5kb; hg38_genes_introns","550112; 55236"
"cg00546491",0,0,0.119296463605363,-0.0655526371467524,0.119296463605363,"chr7",32111062,"-","chr7",32071450,"cg00546491","PDE1C","TSS200","S_Shore","PDE1C;PDE1C;PDE1C;PDE1C","TSS1500;TSS1500;TSS200;TSS200","hg38_cpg_shores; hg38_genes_1to5kb; hg38_genes_introns; hg38_genes_promoters","5137"
"cg11232136",0,0,0.118902160351525,0,0.118902160351525,"chr19",36937832,"-","chr19",36446930,"cg11232136","ZNF566;ZNF566;ZNF566;ZNF566","3'UTR;3'UTR;3'UTR;3'UTR","OpenSea","ZNF566","3'UTR","hg38_cpg_inter; hg38_genes_3UTRs; hg38_genes_exons; hg38_genes_introns","84924"
"cg25332918",0.118825738080942,0,0,0,0.118825738080942,"chr7",158766061,"+","chr7",158973370,"cg25332918","","","N_Shore","","","hg38_cpg_shores; hg38_enhancers_fantom",""
"cg24575083",0,0,0.118749767632657,0,0.118749767632657,"chr11",7695485,"-","chr11",7674254,"cg24575083","CYB5R2","TSS1500","Island","CYB5R2;CYB5R2;CYB5R2;CYB5R2","TSS1500;TSS1500;TSS1500;TSS200","hg38_cpg_islands; hg38_genes_1to5kb; hg38_genes_exons; hg38_genes_promoters","51700"
"cg05280794",-0.118694023300142,0,0,0,0.118694023300142,"chr17",1040653,"-","chr17",1137442,"cg05280794","ABR;ABR","Body;5'UTR","OpenSea","ABR;ABR","5'UTR;5'UTR","hg38_cpg_inter; hg38_genes_introns","29"
"cg05411199",0,0,0,-0.118679807299705,0.118679807299705,"chr6",3749715,"-","chr6",3749481,"cg05411199","C6orf145","Body","N_Shore","PXDC1","3'UTR","hg38_cpg_shores; hg38_enhancers_fantom; hg38_genes_1to5kb; hg38_genes_introns","221749"
"cg17121205",0,0,-0.118502774408849,0,0.118502774408849,"chr19",44009353,"+","chr19",43505201,"cg17121205","PHLDB3","TSS1500","S_Shore","PHLDB3","TSS1500","hg38_cpg_shores; hg38_genes_promoters","653583"
"cg16578636",0.118343461346519,0,0,0,0.118343461346519,"chr10",92987457,"-","chr10",91227700,"cg16578636","PCGF5","Body","OpenSea","PCGF5","5'UTR","hg38_cpg_inter; hg38_genes_exons; hg38_genes_introns","84333"
"cg27467275",0,0,-0.117952988146417,0,0.117952988146417,"chr10",1245261,"+","chr10",1199321,"cg27467275","ADARB2","Body","OpenSea","","","hg38_cpg_inter; hg38_genes_introns","105; 399706"
"cg24094513",-0.117890091951624,0,0,0,0.117890091951624,"chr10",73157911,"-","chr10",71398154,"cg24094513","CDH23;CDH23","5'UTR;5'UTR","Island","CDH23;CDH23;CDH23","5'UTR;5'UTR;5'UTR","hg38_cpg_islands; hg38_genes_introns","64072"
"cg05459971",0,0,-0.117864624541992,0,0.117864624541992,"chr5",148520894,"+","chr5",149141331,"cg05459971","ABLIM3","TSS200","N_Shore","ABLIM3;ABLIM3;ABLIM3;ABLIM3;ABLIM3;ABLIM3","TSS1500;TSS1500;TSS1500;TSS200;TSS200;TSS200","hg38_cpg_shores; hg38_genes_promoters","22885"
"cg16311044",0,0,0,-0.117835956567004,0.117835956567004,"chr8",145164209,"-","chr8",144109306,"cg16311044","KIAA1875","Body","Island","","","hg38_cpg_islands; hg38_genes_1to5kb; hg38_genes_introns; hg38_genes_promoters","340390; 81858"
"cg06478143",0,0,0,-0.117309558678714,0.117309558678714,"chr19",55669059,"-","chr19",55157691,"cg06478143","TNNI3;TNNI3","1stExon;5'UTR","S_Shore","TNNI3;TNNI3","1stExon;5'UTR","hg38_cpg_shores; hg38_genes_1to5kb; hg38_genes_3UTRs; hg38_genes_5UTRs; hg38_genes_exons; hg38_genes_promoters","101930593; 7137"
"cg04102784",0,0,0,-0.11703908071915,0.11703908071915,"chr5",81152212,"+","chr5",81856393,"cg04102784","","","OpenSea","","","hg38_cpg_inter",""
"cg02197634",0,0,0,-0.116992931944732,0.116992931944732,"chr6",33048875,"-","chr6",33081098,"cg02197634","HLA-DPB1","Body","S_Shore","HLA-DPB1;HLA-DPA1;HLA-DPB1;HLA-DPB1","5'UTR;TSS1500;3'UTR;5'UTR","hg38_cpg_shores; hg38_genes_exons; hg38_genes_introns; hg38_genes_promoters","3113; 3115"
"cg18493761",0.116864254150893,0,0,0,0.116864254150893,"chr11",125386885,"-","chr11",125516989,"cg18493761","","","OpenSea","","","hg38_cpg_inter; hg38_genes_introns","9638"
"cg08425678",0.116530411070784,0,0,0,0.116530411070784,"chr1",14029478,"-","chr1",13702983,"cg08425678","PRDM2","5'UTR","S_Shelf","PRDM2","5'UTR","hg38_cpg_shelves; hg38_enhancers_fantom; hg38_genes_1to5kb; hg38_genes_introns","7799"
"cg20962117",0,0,-0.116210796275551,0,0.116210796275551,"chr9",17907485,"-","chr9",17907487,"cg20962117","","","Island","","","hg38_cpg_islands; hg38_genes_introns","92949"
"cg25814293",0,0,-0.116195135548385,0,0.116195135548385,"chr7",1883251,"-","chr7",1843615,"cg25814293","MAD1L1;MAD1L1;MAD1L1","Body;Body;Body","N_Shore","AC110781.5","TSS1500","hg38_cpg_shores; hg38_enhancers_fantom; hg38_genes_1to5kb; hg38_genes_introns","100127955; 8379"
"cg20135711",-0.116166566887165,0,0,0,0.116166566887165,"chr12",53592259,"-","chr12",53198475,"cg20135711","ITGB7","Body","S_Shore","","","hg38_cpg_shores; hg38_genes_1to5kb; hg38_genes_introns; hg38_genes_promoters","3695"
"cg23182840",0,-0.116076712260801,0,0,0.116076712260801,"chr3",4344661,"+","chr3",4302977,"cg23182840","SETMAR;SETMAR","TSS1500;TSS1500","N_Shore","SETMAR;SETMAR;SETMAR;SETMAR","TSS1500;TSS1500;TSS1500;TSS1500","hg38_cpg_shores; hg38_genes_introns; hg38_genes_promoters","285362; 6419"
"cg06363485",0.115937918926685,0,0,0,0.115937918926685,"chr6",41207376,"-","chr6",41239638,"cg06363485","","","OpenSea","RN5S207","TSS200","hg38_cpg_inter; hg38_genes_promoters",""
"cg02338271",0,0,0,0.114859899667264,0.114859899667264,"chr1",171868115,"+","chr1",171898975,"cg02338271","DNM3;DNM3","Body;Body","OpenSea","","","hg38_cpg_inter; hg38_genes_introns","26052"
"cg21429745",0,-0.11484168823832,0,0,0.11484168823832,"chr2",74725208,"+","chr2",74498081,"cg21429745","LBX2","Body","Island","LBX2;LBX2","3'UTR;3'UTR","hg38_cpg_islands; hg38_genes_1to5kb; hg38_genes_3UTRs; hg38_genes_exons","151534; 85474"
"cg27154941",0.114725381086895,0,0,0,0.114725381086895,"chr16",84346910,"+","chr16",84313304,"cg27154941","WFDC1","Body","Island","","","hg38_cpg_islands; hg38_genes_1to5kb; hg38_genes_introns","58189"
"cg27119456",0,0,0.114509125614166,0,0.114509125614166,"chr10",42863173,"-","chr10",42367725,"cg27119456","LOC441666","Body","Island","","","hg38_cpg_islands; hg38_genes_exons; hg38_genes_introns","441666"
"cg14164839",0,-0.114283331828755,0,0,0.114283331828755,"chr1",26823481,"+","chr1",26496990,"cg14164839","","","N_Shelf","","","hg38_cpg_shelves",""
"cg11207763",0.113970429865789,0,0,0,0.113970429865789,"chr11",69517471,"+","chr11",69702703,"cg11207763","FGF19","Body","N_Shore","","","hg38_cpg_islands; hg38_genes_introns","9965"
"cg18822613",0,0,-0.113680377262736,0,0.113680377262736,"chr20",61890060,"-","chr20",63258708,"cg18822613","FLJ16779","Body","S_Shelf","NKAIN4","5'UTR","hg38_cpg_shelves; hg38_genes_1to5kb; hg38_genes_exons; hg38_genes_introns","100192386; 128414"
"cg16149919",0,0,0,-0.113589441589316,0.113589441589316,"chr15",99548954,"+","chr15",99005725,"cg16149919","LOC145814;LOC145814","5'UTR;TSS200","OpenSea","PGPEP1L;PGPEP1L;RP11-654A16.3","TSS200;5'UTR;3'UTR","hg38_cpg_inter; hg38_genes_introns; hg38_genes_promoters","105371016; 145814"
"cg04697265",0.113415436984971,0,0,0,0.113415436984971,"chr11",130683700,"+","chr11",130813805,"cg04697265","","","OpenSea","","","hg38_cpg_inter",""
"cg24998527",0.113108894389059,0,0,0,0.113108894389059,"chr1",42611607,"+","chr1",42145936,"cg24998527","","","Island","","","hg38_cpg_islands",""
"cg27106909",0,0,-0.112914701258129,0.0591965010891823,0.112914701258129,"chr16",30106897,"+","chr16",30095576,"cg27106909","YPEL3;YPEL3;YPEL3","1stExon;5'UTR;5'UTR","N_Shore","YPEL3;RP11-455F5.3;YPEL3;YPEL3;YPEL3;YPEL3;YPEL3;YPEL3;YPEL3;YPEL3","3'UTR;TSS1500;1stExon;1stExon;5'UTR;5'UTR;5'UTR;5'UTR;5'UTR;5'UTR","hg38_cpg_shores; hg38_genes_1to5kb; hg38_genes_5UTRs; hg38_genes_exons; hg38_genes_introns; hg38_genes_promoters","101928595; 6911; 83719"
"cg13682187",-0.112897495756078,0,0,0,0.112897495756078,"chr1",196946512,"-","chr1",196977382,"cg13682187","CFHR5","TSS200","OpenSea","CFHR5;CFHR5","TSS200;TSS200","hg38_cpg_inter; hg38_genes_introns; hg38_genes_promoters","81494"
"cg09374627",0,0,0,-0.112825625295219,0.112825625295219,"chr14",97206170,"+","chr14",96739833,"cg09374627","","","N_Shore","RP11-433J8.2","TSS1500","hg38_cpg_shores; hg38_genes_1to5kb; hg38_genes_introns","105370646"
"cg20235075",0,0,0,0.11277277563192,0.11277277563192,"chr3",27761503,"-","chr3",27720012,"cg20235075","EOMES","Body","N_Shore","EOMES","3'UTR","hg38_cpg_shores; hg38_genes_introns","8320"
"cg03168497",0.112236707171229,0,0,0,0.112236707171229,"chr17",48586147,"-","chr17",50508786,"cg03168497","MYCBPAP","Body","Island","RP11-94C24.6","TSS1500","hg38_cpg_islands; hg38_genes_introns; hg38_genes_promoters","84073"
"cg24693760",0,0,0.0625319817823199,-0.112107783844132,0.112107783844132,"chr1",167509918,"+","chr1",167540681,"cg24693760","","","OpenSea","CREG1","3'UTR","hg38_cpg_inter; hg38_genes_introns","107985224"
"cg26848071",0,0,-0.111726953333521,0,0.111726953333521,"chr17",4927715,"-","chr17",5024420,"cg26848071","KIF1C","3'UTR","OpenSea","KIF1C","3'UTR","hg38_cpg_inter; hg38_genes_1to5kb; hg38_genes_3UTRs; hg38_genes_exons","102724009; 10749"
"cg03997039",0,0,-0.11158465469638,0,0.11158465469638,"chr16",29703361,"+","chr16",29692040,"cg03997039","QPRT","Body","N_Shelf","QPRT","5'UTR","hg38_cpg_shelves; hg38_genes_1to5kb; hg38_genes_introns","23475"
"cg26875637",0.111470716850701,0,-0.109561262509249,0,0.111470716850701,"chr1",112938339,"+","chr1",112395717,"cg26875637","CTTNBP2NL","TSS1500","N_Shore","CTTNBP2NL;CTTNBP2NL","TSS1500;TSS1500","hg38_cpg_shores; hg38_genes_promoters","55917"
"cg23918580",0,0,0.111347319099197,0,0.111347319099197,"chr14",24046501,"+","chr14",23577292,"cg23918580","JPH4;JPH4","Body;Body","Island","","","hg38_cpg_islands; hg38_genes_1to5kb; hg38_genes_exons","84502"
"cg19638749",0,0,0,-0.111318015632756,0.111318015632756,"chr2",70312615,"-","chr2",70085483,"cg19638749","","","N_Shore","PCBP1-AS1","3'UTR","hg38_cpg_shores; hg38_genes_1to5kb; hg38_genes_introns","151516; 400960; 5093"
"cg02573566",0,0,0,-0.111268609705357,0.111268609705357,"chr1",153599479,"-","chr1",153627003,"cg02573566","S100A13;S100A13;S100A13;S100A13;S100A1;S100A13;S100A13","5'UTR;1stExon;5'UTR;5'UTR;TSS1500;5'UTR;5'UTR","OpenSea","S100A13;S100A13;S100A13;S100A13;S100A1;S100A13;S100A13;S100A13;S100A1;S100A1;S100A1","5'UTR;5'UTR;1stExon;3'UTR;TSS1500;5'UTR;5'UTR;5'UTR;TSS1500;TSS1500;TSS1500","hg38_cpg_inter; hg38_genes_1to5kb; hg38_genes_5UTRs; hg38_genes_exons; hg38_genes_introns; hg38_genes_promoters","6271; 6284"
"cg07962309",0,0,0,0.111226034627429,0.111226034627429,"chr12",42628089,"-","chr12",42234287,"cg07962309","YAF2","Body","N_Shelf","YAF2;YAF2","3'UTR;3'UTR","hg38_cpg_shelves; hg38_genes_1to5kb; hg38_genes_3UTRs; hg38_genes_exons; hg38_genes_introns","10138; 51535"
"cg19824436",0,0,0.111093101176997,0,0.111093101176997,"chr1",145384929,"-","chr1",146050073,"cg19824436","","","N_Shore","","","hg38_cpg_shores; hg38_genes_1to5kb","101928979"
"cg15406469",0,0,0,0.111042339803903,0.111042339803903,"chr11",35546824,"+","chr11",35525276,"cg15406469","PAMR1;PAMR1","Body;Body","N_Shore","PAMR1;PAMR1","3'UTR;5'UTR","hg38_cpg_inter; hg38_genes_introns","25891"
"cg07570055",0,0,-0.110655986979485,0,0.110655986979485,"chr2",233387088,"+","chr2",232522378,"cg07570055","","","Island","","","hg38_cpg_islands; hg38_genes_1to5kb; hg38_genes_introns; hg38_genes_promoters","1144; 646960"
"cg16414030",0.110314078547631,0,0,0,0.110314078547631,"chr3",133502952,"+","chr3",133784108,"cg16414030","","","Island","SRPRB;SRPRB","1stExon;5'UTR","hg38_cpg_islands; hg38_genes_3UTRs; hg38_genes_5UTRs; hg38_genes_exons","58477; 7018"
"cg02428792",0,0,0,0.110111183440988,0.110111183440988,"chr4",25090597,"+","chr4",25088975,"cg02428792","","","S_Shore","","","hg38_cpg_shores",""
"cg25212993",0,0,0,0.110066405365908,0.110066405365908,"chr5",132113755,"+","chr5",132778063,"cg25212993","SEPT8;SEPT8;SEPT8;SEPT8","TSS200;TSS1500;TSS1500;TSS1500","S_Shore","SEPT8;SEPT8;SEPT8;SEPT8;SEPT8;SEPT8;SEPT8;SEPT8","TSS1500;TSS1500;TSS1500;TSS1500;TSS1500;TSS1500;TSS200;5'UTR","hg38_cpg_shores; hg38_genes_1to5kb; hg38_genes_introns; hg38_genes_promoters","23176"
"cg03936135",0,0,0,-0.110040234814352,0.110040234814352,"chr16",86371248,"+","chr16",86337642,"cg03936135","LOC732275","Body","OpenSea","","","hg38_cpg_inter; hg38_genes_1to5kb; hg38_genes_exons; hg38_genes_introns; hg38_genes_promoters","732275"
"cg23722437",-0.110009182373331,0,0,0,0.110009182373331,"chr11",13983009,"+","chr11",13961462,"cg23722437","SPON1","TSS1500","N_Shore","SPON1;SPON1","TSS1500;TSS1500","hg38_cpg_shores; hg38_genes_1to5kb","10418"
"cg18175611",0,0,0,0.109538575891278,0.109538575891278,"chr14",58858888,"+","chr14",58392170,"cg18175611","","","N_Shelf","RP11-517O13.3","3'UTR","hg38_cpg_shelves; hg38_genes_1to5kb; hg38_genes_introns","105370522; 387990"
"cg18788355",0,0,0,-0.109534891381605,0.109534891381605,"chr19",20004152,"+","chr19",19893343,"cg18788355","ZNF253","3'UTR","OpenSea","ZNF253","3'UTR","hg38_cpg_inter; hg38_genes_3UTRs; hg38_genes_exons; hg38_genes_introns","56242"
"cg25342568",0,0,0.109216576925915,0,0.109216576925915,"chr4",1768564,"-","chr4",1766837,"cg25342568","","","Island","","","hg38_cpg_islands",""
"cg05283184",0,-0.108862068975835,0,0,0.108862068975835,"chr6",79620031,"+","chr6",78910314,"cg05283184","","","N_Shore","","","hg38_cpg_shores; hg38_genes_introns","134728"
"cg08491668",-0.108832044807661,0,0,0,0.108832044807661,"chr6",32935236,"+","chr6",32967459,"cg08491668","BRD2","TSS1500","N_Shore","BRD2;HLA-DMA","TSS1500;3'UTR","hg38_cpg_shores; hg38_genes_1to5kb; hg38_genes_introns","3108; 6046"
"cg22691257",0,0,0,0.108815214640309,0.108815214640309,"chr5",161111441,"+","chr5",161684435,"cg22691257","GABRA6","TSS1500","OpenSea","GABRA6;GABRA6;GABRA6","TSS1500;TSS1500;5'UTR","hg38_cpg_inter; hg38_genes_1to5kb; hg38_genes_introns","2559"
"cg13883671",-0.108522023601067,0,0,0,0.108522023601067,"chr8",144965812,"-","chr8",143891644,"cg13883671","","","N_Shore","","","hg38_cpg_shores; hg38_genes_introns",""
"cg10639933",0.108520998080279,0,0,0,0.108520998080279,"chr3",39426101,"-","chr3",39384610,"cg10639933","SLC25A38","Body","S_Shore","","","hg38_cpg_shores; hg38_genes_1to5kb; hg38_genes_5UTRs; hg38_genes_exons; hg38_genes_introns; hg38_genes_promoters","105377644; 54977"
"cg14166625",0,0,-0.108503257907588,0,0.108503257907588,"chr11",3638448,"-","chr11",3617218,"cg14166625","","","OpenSea","","","hg38_cpg_inter; hg38_genes_exons","7221"
"cg02351840",0,0,0,0.108326199089489,0.108326199089489,"chr13",112559707,"-","chr13",111905393,"cg02351840","","","OpenSea","","","hg38_cpg_inter",""
"cg03251655",-0.108296508370959,0,0,0,0.108296508370959,"chr17",33759512,"+","chr17",35432493,"cg03251655","SLFN12;SLFN12","1stExon;5'UTR","OpenSea","SLFN12;SLFN12;SLFN12;SLFN12","1stExon;5'UTR;5'UTR;5'UTR","hg38_cpg_inter; hg38_genes_5UTRs; hg38_genes_exons; hg38_genes_introns","55106"
"cg05726195",0,0.108113178822285,0,0,0.108113178822285,"chr7",154997174,"+","chr7",155205464,"cg05726195","","","OpenSea","","","hg38_cpg_inter; hg38_genes_introns",""
"cg06668555",-0.1076511587732,0,0,0,0.1076511587732,"chr8",139509129,"+","chr8",138496886,"cg06668555","FAM135B","TSS200","Island","FAM135B","TSS200","hg38_cpg_islands; hg38_genes_5UTRs; hg38_genes_exons; hg38_genes_promoters","51059"
"cg04912297",0,0,0,-0.107622653636391,0.107622653636391,"chr8",17943293,"+","chr8",18085784,"cg04912297","ASAH1;ASAH1;ASAH1","TSS1500;TSS1500;TSS1500","S_Shore","ASAH1;CTD-2547L16.1;ASAH1;ASAH1;ASAH1","TSS1500;5'UTR;TSS1500;TSS1500;TSS1500","hg38_cpg_shores; hg38_genes_1to5kb; hg38_genes_exons; hg38_genes_introns; hg38_genes_promoters","101929066; 427"
"cg22140615",0,0,0,-0.107548413824695,0.107548413824695,"chr19",1726194,"-","chr19",1726195,"cg22140615","","","S_Shore","","","hg38_cpg_shores",""
"cg03719092",-0.107518908613887,0,0,0,0.107518908613887,"chr8",70744881,"+","chr8",69832646,"cg03719092","SLCO5A1;SLCO5A1;SLCO5A1","1stExon;Body;1stExon","Island","SLCO5A1;SLCO5A1;SLCO5A1;RP11-159H10.3","1stExon;1stExon;3'UTR;TSS1500","hg38_cpg_islands; hg38_genes_1to5kb; hg38_genes_exons","121233925; 81796"
"cg18749097",0,0,0.107276007910978,0,0.107276007910978,"chr21",44004595,"-","chr21",42584485,"cg18749097","","","N_Shelf","","","hg38_cpg_shelves",""
"cg16413842",0,0,0,-0.107064055212146,0.107064055212146,"chr6",170191082,"-","chr6",169790986,"cg16413842","C6orf122;C6orf208","Body;Body","S_Shore","LINC00242;LINC00574","3'UTR;5'UTR","hg38_cpg_shores; hg38_genes_exons; hg38_genes_introns","401288; 80069"
"cg01655667",-0.106998263254822,0,0,0,0.106998263254822,"chr14",104808652,"+","chr14",104342315,"cg01655667","","","OpenSea","","","hg38_cpg_inter",""
"cg06329491",0.106982440784831,0,0,0,0.106982440784831,"chr17",49031751,"+","chr17",50954390,"cg06329491","","","OpenSea","","","hg38_cpg_inter; hg38_enhancers_fantom",""
"cg13298116",0,0,0,0.10698059261338,0.10698059261338,"chr11",62369859,"-","chr11",62602387,"cg13298116","EML3;MTA2","3'UTR;TSS1500","Island","MTA2;MTA2;EML3;EML3;EML3","TSS1500;TSS1500;3'UTR;3'UTR;3'UTR","hg38_cpg_islands; hg38_genes_1to5kb; hg38_genes_3UTRs; hg38_genes_exons; hg38_genes_promoters","256364; 9219"
"cg00431894",0.106916605281678,0,0,0,0.106916605281678,"chr4",189871012,"-","chr4",188949858,"cg00431894","","","OpenSea","","","hg38_cpg_inter",""
"cg12981595",0,-0.106615003660923,0,0,0.106615003660923,"chr17",39254427,"-","chr17",41098175,"cg12981595","KRTAP4-8","TSS200","OpenSea","KRTAP4-8;KRTAP4-8","TSS200;TSS200","hg38_cpg_inter; hg38_genes_promoters","728224"
"cg16981421",0,0,0,-0.10656677533893,0.10656677533893,"chr22",50529071,"-","chr22",50090642,"cg16981421","MOV10L1;MOV10L1;MOV10L1","Body;Body;Body","Island","MOV10L1;MOV10L1","5'UTR;5'UTR","hg38_cpg_islands; hg38_genes_1to5kb; hg38_genes_3UTRs; hg38_genes_exons; hg38_genes_introns","54456"
"cg09879794",0,0,0,-0.106449529228314,0.106449529228314,"chr7",128432231,"+","chr7",128792177,"cg09879794","CCDC136;CCDC136","1stExon;5'UTR","S_Shore","CCDC136;CCDC136;CCDC136;CCDC136","5'UTR;1stExon;5'UTR;1stExon","hg38_cpg_shores; hg38_genes_5UTRs; hg38_genes_exons; hg38_genes_introns","64753"
"cg24159575",0,0,0.105986528215388,0,0.105986528215388,"chr1",39662235,"-","chr1",39196563,"cg24159575","MACF1","Body","OpenSea","","","hg38_cpg_inter; hg38_genes_introns","23499"
"cg19978674",-0.00828625818087951,0,0,0.105793879251455,0.105793879251455,"chr4",57523826,"-","chr4",56657660,"cg19978674","HOPX;HOPX;HOPX;HOPX;HOPX","5'UTR;Body;Body;TSS1500;TSS1500","S_Shore","HOPX;HOPX;HOPX;HOPX;HOPX;HOPX;HOPX;HOPX;HOPX;HOPX","TSS1500;TSS1500;TSS1500;TSS1500;TSS1500;TSS1500;5'UTR;5'UTR;5'UTR;5'UTR","hg38_cpg_shores; hg38_genes_1to5kb; hg38_genes_introns","84525"
"cg25428553",0,0,0,0.105767221827147,0.105767221827147,"chr2",105275706,"-","chr2",104659248,"cg25428553","","","Island","AC013402.5","TSS200","hg38_cpg_islands; hg38_genes_introns; hg38_genes_promoters","105373526"
"cg08941639",0,0,0,0.105763355554909,0.105763355554909,"chr16",84175005,"+","chr16",84141400,"cg08941639","HSDL1;HSDL1","5'UTR;5'UTR","N_Shelf","HSDL1;HSDL1","5'UTR;5'UTR","hg38_cpg_shelves; hg38_genes_1to5kb; hg38_genes_introns","123872; 83693"
"cg23971362",0,0,0,0.105734007146124,0.105734007146124,"chr12",122666672,"-","chr12",122182125,"cg23971362","LRRC43;LRRC43","5'UTR;TSS1500","N_Shore","LRRC43;LRRC43","TSS1500;TSS1500","hg38_cpg_shores; hg38_genes_1to5kb; hg38_genes_introns; hg38_genes_promoters","254050"
"cg19061632",0,0,0,-0.10572448219426,0.10572448219426,"chr7",140395616,"-","chr7",140695816,"cg19061632","LOC100134713;NDUFB2","Body;TSS1500","N_Shore","NDUFB2;NDUFB2;NDUFB2;NDUFB2;NDUFB2;NDUFB2;RP4-726N20.2;NDUFB2;NDUFB2;NDUFB2;NDUFB2;ADCK2;NDUFB2","TSS1500;TSS1500;TSS1500;TSS1500;TSS1500;TSS1500;3'UTR;TSS1500;TSS1500;TSS1500;TSS1500;3'UTR;5'UTR","hg38_cpg_shores; hg38_genes_1to5kb; hg38_genes_3UTRs; hg38_genes_exons; hg38_genes_introns; hg38_genes_promoters","100134713; 4708; 90956"
"cg07534554",0,0,0.105604690271784,0,0.105604690271784,"chr11",111250338,"+","chr11",111379613,"cg07534554","POU2AF1","TSS200","OpenSea","POU2AF1;POU2AF1","1stExon;5'UTR","hg38_cpg_inter; hg38_genes_1to5kb; hg38_genes_introns; hg38_genes_promoters","5450"
"cg14399790",0,0,0,0.105126348193045,0.105126348193045,"chr8",1094484,"-","chr8",1144484,"cg14399790","","","N_Shore","CTD-2281E23.2","5'UTR","hg38_cpg_shores; hg38_genes_introns","9228"
"cg17435929",0,0,-0.105123645960467,0,0.105123645960467,"chr11",66327250,"+","chr11",66559779,"cg17435929","ACTN3","Body","S_Shore","CTD-3074O7.2","3'UTR","hg38_cpg_shores; hg38_genes_introns","89"
"cg05184729",0,0,-0.0340880541607954,0.105117811554214,0.105117811554214,"chr5",1962311,"-","chr5",1962197,"cg05184729","","","OpenSea","","","hg38_cpg_inter; hg38_genes_introns","105374618; 124901165"
"cg13393917",0,0,0.104871338917443,0,0.104871338917443,"chr1",114521301,"-","chr1",113978679,"cg13393917","OLFML3","TSS1500","OpenSea","OLFML3;OLFML3;OLFML3;OLFML3","TSS1500;TSS1500;TSS1500;TSS1500","hg38_cpg_inter; hg38_genes_1to5kb; hg38_genes_promoters","56944"
"cg18477429",0,0,0,-0.104857824781623,0.104857824781623,"chr12",57595353,"+","chr12",57201570,"cg18477429","LRP1","Body","N_Shore","","","hg38_cpg_shores; hg38_genes_1to5kb; hg38_genes_exons","4035"
"cg09616556",0,0,0.104596279328759,0,0.104596279328759,"chr14",103388656,"+","chr14",102922319,"cg09616556","AMN","TSS1500","N_Shore","AMN","TSS1500","hg38_cpg_shores; hg38_genes_promoters","81693"
"cg19431346",0.104210427343773,0,0,0,0.104210427343773,"chr3",427558,"+","chr3",385875,"cg19431346","CHL1","Body","OpenSea","CHL1-AS1","TSS200","hg38_cpg_inter; hg38_genes_1to5kb; hg38_genes_introns; hg38_genes_promoters","101927193; 10752"
"cg14283328",-0.103627066642993,0,0,0,0.103627066642993,"chr11",66823587,"-","chr11",67056116,"cg14283328","RHOD","TSS1500","N_Shore","RHOD;RHOD;RHOD","TSS1500;TSS1500;TSS1500","hg38_cpg_shores; hg38_genes_promoters","29984"
"cg08773314",0,0,0.103536221962536,0,0.103536221962536,"chr2",239334832,"+","chr2",238426191,"cg08773314","ASB1","TSS1500","N_Shore","ASB1;ASB1;ASB1","TSS1500;TSS1500;TSS1500","hg38_cpg_shores; hg38_genes_promoters","51665"
"cg05694921",0,0,0.103108407032535,0,0.103108407032535,"chr1",29587117,"+","chr1",29260605,"cg05694921","PTPRU;PTPRU;PTPRU","Body;Body;Body","Island","PTPRU","ExonBnd","hg38_cpg_islands; hg38_genes_introns","10076"
"cg22999603",0,0,0,0.102923357914551,0.102923357914551,"chr11",119537405,"+","chr11",119666695,"cg22999603","PVRL1;PVRL1","Body;Body","S_Shore","","","hg38_cpg_shores; hg38_genes_introns","5818"
"cg19406113",0,-0.102877436450401,0,0,0.102877436450401,"chr6",170558063,"-","chr6",170248975,"cg19406113","","","OpenSea","","","hg38_cpg_inter; hg38_genes_introns","154449"
"cg13877502",0,0,0,-0.102782287025879,0.102782287025879,"chr9",707387,"+","chr9",707387,"cg13877502","KANK1;KANK1","5'UTR;Body","Island","KANK1;KANK1;KANK1","5'UTR;5'UTR;5'UTR","hg38_cpg_islands; hg38_genes_introns","23189"
"cg04579505",-0.102665064022912,0,0,0,0.102665064022912,"chr16",67261564,"+","chr16",67227661,"cg04579505","TMEM208;LRRC29;LRRC29","Body;TSS1500;TSS1500","S_Shore","TMEM208;LRRC29;LRRC29;LRRC29;AC040160.1","TSS1500;TSS1500;TSS1500;TSS1500;TSS1500","hg38_cpg_shores; hg38_genes_1to5kb; hg38_genes_exons; hg38_genes_introns; hg38_genes_promoters","26231; 29100"
"cg01562897",0,0,0,-0.10256552780824,0.10256552780824,"chr1",39339986,"-","chr1",38874314,"cg01562897","MYCBP;GJA9","TSS1500;3'UTR","S_Shore","RP5-864K19.4;GJA9;MYCBP;RP5-864K19.4;RP5-864K19.4;MYCBP","5'UTR;3'UTR;TSS1500;5'UTR;5'UTR;3'UTR","hg38_cpg_shores; hg38_genes_1to5kb; hg38_genes_3UTRs; hg38_genes_exons; hg38_genes_introns; hg38_genes_promoters","100527950; 105378662; 105378663; 26292; 64121; 81025"
"cg18925846",0,0,0,-0.102374984679994,0.102374984679994,"chr8",145164991,"+","chr8",144110088,"cg18925846","KIAA1875","Body","Island","","","hg38_cpg_islands; hg38_genes_1to5kb; hg38_genes_exons; hg38_genes_introns","340390; 81858"
"cg18745507",0,0,-0.102251436767938,0,0.102251436767938,"chr19",10415557,"-","chr19",10304881,"cg18745507","ZGLP1","3'UTR","OpenSea","ZGLP1","3'UTR","hg38_cpg_inter; hg38_genes_3UTRs; hg38_genes_exons","100125288; 125242785"
"cg18444875",0.102090622041832,0,-0.0454634305780847,0,0.102090622041832,"chr8",107460168,"+","chr8",106447940,"cg18444875","OXR1","Body","OpenSea","OXR1;OXR1;OXR1","5'UTR;1stExon;5'UTR","hg38_cpg_inter; hg38_genes_5UTRs; hg38_genes_exons; hg38_genes_introns","55074"
"cg17172308",0,0,0,-0.101871736106202,0.101871736106202,"chr6",168533631,"-","chr6",168132951,"cg17172308","","","S_Shelf","","","hg38_cpg_shelves; hg38_enhancers_fantom",""
"cg26258108",0,0,0.101858471284604,0,0.101858471284604,"chr2",232329189,"+","chr2",231464478,"cg26258108","NCL;NCL","1stExon;5'UTR","Island","NCL;NCL;NCL;NCL;NCL;NCL","1stExon;1stExon;1stExon;5'UTR;5'UTR;5'UTR","hg38_cpg_islands; hg38_genes_1to5kb; hg38_genes_5UTRs; hg38_genes_exons; hg38_genes_introns; hg38_genes_promoters","25826; 4691"
"cg20902758",0,0,0,-0.101582276470752,0.101582276470752,"chr6",30695962,"-","chr6",30728185,"cg20902758","FLOT1","Body","OpenSea","","","hg38_cpg_inter; hg38_genes_1to5kb; hg38_genes_introns","10211"
"cg08904058",0,-0.0812925667714299,0,0.10137588295114,0.10137588295114,"chr15",29859427,"-","chr15",29567223,"cg08904058","FAM189A1","Body","N_Shelf","FAM189A1","3'UTR","hg38_cpg_shelves; hg38_genes_introns","23359"
"cg03995300",0,0,0,-0.101244231772964,0.101244231772964,"chr17",5019989,"+","chr17",5116694,"cg03995300","ZNF232","5'UTR","S_Shore","ZNF232;USP6;USP6","5'UTR;1stExon;5'UTR","hg38_cpg_shores; hg38_genes_1to5kb; hg38_genes_5UTRs; hg38_genes_exons; hg38_genes_introns; hg38_genes_promoters","7775; 9098"
"cg05686497",0,0,0.101139236874366,0,0.101139236874366,"chr5",127874587,"+","chr5",128538894,"cg05686497","FBN2","TSS1500","Island","FBN2;FBN2;FBN2;FBN2","TSS1500;TSS1500;TSS1500;5'UTR","hg38_cpg_islands; hg38_genes_1to5kb; hg38_genes_introns; hg38_genes_promoters","2201; 28965"
"cg13016775",0.100967798652019,0,0,0,0.100967798652019,"chr3",100053096,"+","chr3",100334252,"cg13016775","NIT2","TSS1500","N_Shore","NIT2","TSS1500","hg38_cpg_shores; hg38_genes_1to5kb; hg38_genes_promoters","56954"
"cg25646708",0.0658619064488344,-0.100891769493277,0,0,0.100891769493277,"chr3",134031685,"-","chr3",134312843,"cg25646708","","","Island","RP11-200A1.1","TSS1500","hg38_cpg_islands; hg38_enhancers_fantom; hg38_genes_promoters","105374119"
"cg23238315",0,0,0.100786734102835,0,0.100786734102835,"chr7",156259194,"-","chr7",156466500,"cg23238315","","","OpenSea","","","hg38_cpg_inter; hg38_genes_introns","100506380; 285889"
"cg16939364",-0.100606202100538,0,0,0,0.100606202100538,"chr8",56015750,"+","chr8",55103190,"cg16939364","XKR4","1stExon","Island","XKR4;XKR4","1stExon;1stExon","hg38_cpg_shores; hg38_genes_exons","114786"
"cg13910291",-0.100462793148674,0,0,0.0539351069071997,0.100462793148674,"chr17",55927852,"-","chr17",57850491,"cg13910291","MRPS23","TSS1500","Island","MRPS23","TSS1500","hg38_cpg_islands; hg38_genes_promoters","51649"
"cg16154810",-0.10028566884085,0,0,0,0.10028566884085,"chr22",47135258,"-","chr22",46739361,"cg16154810","CERK","TSS1500","OpenSea","CERK;CERK","TSS1500;TSS1500","hg38_cpg_shores; hg38_enhancers_fantom; hg38_genes_1to5kb","105373077; 64781"
"cg00935504",0,0,-0.100147504473077,0,0.100147504473077,"chr16",1863053,"+","chr16",1813052,"cg00935504","HAGH;HAGH","Body;Body","OpenSea","HAGH","TSS1500","hg38_cpg_inter; hg38_genes_introns; hg38_genes_promoters","3029"
"cg04505845",0,-0.0997962176889636,0,0,0.0997962176889636,"chr6",170553549,"-","chr6",170244461,"cg04505845","","","OpenSea","","","hg38_cpg_inter; hg38_genes_introns","154449"
"cg24867279",0,0,-0.0997377108082612,0.00587727183896551,0.0997377108082612,"chr6",28853021,"-","chr6",28885244,"cg24867279","","","OpenSea","","","hg38_cpg_inter",""
"cg18448581",0,0,0.099647309374654,0,0.099647309374654,"chr18",70534767,"+","chr18",72867532,"cg18448581","NETO1;NETO1","1stExon;5'UTR","Island","NETO1;NETO1","1stExon;5'UTR","hg38_cpg_islands; hg38_genes_1to5kb; hg38_genes_5UTRs; hg38_genes_exons; hg38_genes_promoters","100505797; 81832"
"cg27507261",0,-0.09936447634169,0,0,0.09936447634169,"chr17",5403053,"+","chr17",5499733,"cg27507261","LOC728392","3'UTR","N_Shore","","","hg38_cpg_shores; hg38_genes_3UTRs; hg38_genes_exons","124900388; 22861"
"cg22810423",0,0,0,-0.0993259541851004,0.0993259541851004,"chr1",200272180,"-","chr1",200303052,"cg22810423","","","S_Shore","","","hg38_cpg_shores; hg38_genes_introns","554279"
"cg09701233",0,0,-0.0992107823661817,0,0.0992107823661817,"chr2",236415814,"-","chr2",235507170,"cg09701233","AGAP1;AGAP1","Body;Body","OpenSea","AGAP1-IT1","5'UTR","hg38_cpg_inter; hg38_genes_exons; hg38_genes_introns","100506749; 116987"
"cg21150839",0,0,0,-0.0991222837841363,0.0991222837841363,"chr20",62209634,"+","chr20",63578281,"cg21150839","","","Island","","","hg38_cpg_islands; hg38_genes_1to5kb","85441"
"cg10152627",-0.0989675121794513,0,0,0,0.0989675121794513,"chr3",182218332,"+","chr3",182500544,"cg10152627","","","OpenSea","RP11-139K4.2","3'UTR","hg38_cpg_inter; hg38_genes_introns","105374244"
"cg09044981",0,-0.0988182927730526,0,0.0736411750089041,0.0988182927730526,"chr16",82827677,"+","chr16",82794072,"cg09044981","CDH13","Body","OpenSea","RP11-22H5.2","5'UTR","hg38_cpg_inter; hg38_genes_introns","1012; 101928446"
"cg00835825",0,0,0,0.0984877843657334,0.0984877843657334,"chr16",85608058,"+","chr16",85574452,"cg00835825","","","OpenSea","","","hg38_cpg_inter; hg38_genes_introns","23199"
"cg01079407",0,0,0,0.0983378989869111,0.0983378989869111,"chr6",162964378,"-","chr6",162543346,"cg01079407","PARK2;PARK2;PARK2","Body;Body;Body","OpenSea","PARK2","5'UTR","hg38_cpg_inter; hg38_genes_introns","105369171; 5071"
"cg12870014",0.0983347730620298,0,0,0,0.0983347730620298,"chr12",110450643,"-","chr12",110012838,"cg12870014","ANKRD13A","Body","OpenSea","ANKRD13A;ANKRD13A","5'UTR;5'UTR","hg38_cpg_inter; hg38_genes_introns","88455"
"cg09491120",0,0,-0.0391012945267035,0.0982755704489571,0.0982755704489571,"chr6",1394986,"-","chr6",1394751,"cg09491120","FOXF2","Body","S_Shore","","","hg38_cpg_shores; hg38_genes_1to5kb; hg38_genes_exons","102466720; 2295"
"cg21579107",0,0,0,0.0973185860245935,0.0973185860245935,"chr12",49783192,"-","chr12",49389409,"cg21579107","SPATS2","5'UTR","Island","SPATS2;SPATS2;SPATS2;SPATS2","5'UTR;5'UTR;5'UTR;5'UTR","hg38_cpg_islands; hg38_genes_introns; hg38_genes_promoters","100335030; 65244"
"cg09093656",0.0910826430524077,0,0,-0.0968653999238735,0.0968653999238735,"chr17",16323481,"+","chr17",16420167,"cg09093656","TRPV2","Body","OpenSea","TRPV2","5'UTR","hg38_cpg_inter; hg38_genes_1to5kb; hg38_genes_exons","51393"
"cg22029157",0,0,0.0967308737761766,0,0.0967308737761766,"chr1",209979665,"+","chr1",209806320,"cg22029157","IRF6","TSS200","Island","IRF6;IRF6","TSS1500;TSS1500","hg38_cpg_islands; hg38_genes_1to5kb; hg38_genes_promoters","148304; 3664"
"cg06468385",0,0,0,0.0967084190689785,0.0967084190689785,"chr19",7937329,"-","chr19",7872443,"cg06468385","","","Island","AC010336.1","TSS1500","hg38_cpg_islands; hg38_genes_exons","80164"
"cg09550041",0.0967029035298842,0,0,0,0.0967029035298842,"chr1",165513343,"+","chr1",165544106,"cg09550041","LOC400794;LRRC52","Body;TSS200","OpenSea","LRRC52;LRRC52;RP11-280O1.2;RP11-280O1.2;RP11-280O1.2","5'UTR;1stExon;3'UTR;3'UTR;3'UTR","hg38_cpg_inter; hg38_genes_1to5kb; hg38_genes_5UTRs; hg38_genes_exons; hg38_genes_introns; hg38_genes_promoters","400794; 440699"
"cg13201644",0,0,-0.0966825373270069,0,0.0966825373270069,"chr15",74277634,"-","chr15",73985293,"cg13201644","STOML1","Body","OpenSea","","","hg38_cpg_inter; hg38_genes_introns","9399"
"cg21183455",0,-0.0964128820940518,0,0,0.0964128820940518,"chr22",50052396,"-","chr22",49658748,"cg21183455","C22orf34","TSS1500","OpenSea","C22orf34;C22orf34","TSS1500;TSS1500","hg38_cpg_inter; hg38_genes_1to5kb","348645"
"cg25198599",0,0,0,-0.0963873004641836,0.0963873004641836,"chr12",131142648,"+","chr12",130658103,"cg25198599","","","OpenSea","RP11-662M24.1;RP11-662M24.2;RIMBP2","TSS1500;3'UTR;5'UTR","hg38_cpg_inter; hg38_genes_1to5kb; hg38_genes_exons; hg38_genes_introns; hg38_genes_promoters","23504"
"cg22930808",0,0,0.0960315148314859,0,0.0960315148314859,"chr3",122281881,"-","chr3",122563034,"cg22930808","PARP9;PARP9;DTX3L;PARP9;PARP9;PARP9;PARP9","5'UTR;5'UTR;TSS1500;5'UTR;5'UTR;5'UTR;5'UTR","N_Shore","PARP9;PARP9;PARP9;PARP9;PARP9;DTX3L;DTX3L","5'UTR;5'UTR;5'UTR;5'UTR;5'UTR;TSS1500;TSS1500","hg38_cpg_shores; hg38_genes_1to5kb; hg38_genes_introns","151636; 83666"
"cg06422309",0,0,-0.0960272904088607,0,0.0960272904088607,"chr10",1352781,"-","chr10",1310586,"cg06422309","ADARB2","Body","OpenSea","","","hg38_cpg_inter; hg38_genes_introns","105"
"cg14078579",0,0,-0.0959453682861603,0.0128611457092698,0.0959453682861603,"chr12",133120548,"-","chr12",132543962,"cg14078579","FBRSL1","Body","OpenSea","","","hg38_cpg_inter; hg38_genes_introns","57666"
"cg04865726",0,0,0,-0.0957933761046761,0.0957933761046761,"chr1",1365911,"-","chr1",1430531,"cg04865726","","","S_Shelf","RP4-758J18.9","TSS1500","hg38_cpg_shores; hg38_genes_1to5kb","64856"
"cg01427815",0,0,0,0.0955949210961449,0.0955949210961449,"chr1",165811984,"-","chr1",165842747,"cg01427815","UCK2","Body","OpenSea","","","hg38_cpg_inter; hg38_genes_introns","7371"
"cg23716141",0,0,-0.0955056107026565,0,0.0955056107026565,"chr17",75360477,"+","chr17",77364395,"cg23716141","SEPT9;SEPT9;SEPT9","5'UTR;Body;Body","OpenSea","SEPT9;SEPT9","5'UTR;5'UTR","hg38_cpg_inter; hg38_genes_introns","10801"
"cg00390775",-0.0953560727521427,0,0.0922238453393676,0,0.0953560727521427,"chr9",79521282,"+","chr9",76906366,"cg00390775","PRUNE2","TSS1500","Island","PRUNE2;PRUNE2","TSS1500;TSS1500","hg38_cpg_islands; hg38_genes_promoters","158471"
"cg22383121",0,0,0,0.0952767833707921,0.0952767833707921,"chr7",56172490,"+","chr7",56104797,"cg22383121","CHCHD2","Body","N_Shore","","","hg38_cpg_shores; hg38_genes_introns","51142"
"cg03343571",0,0,0,-0.0951339547270128,0.0951339547270128,"chr6",30039175,"+","chr6",30071398,"cg03343571","RNF39;RNF39","Body;Body","Island","RNF39","ExonBnd","hg38_cpg_islands; hg38_genes_exons; hg38_genes_introns","80352"
"cg14056881",0,0,0,-0.0950768592764871,0.0950768592764871,"chr2",216879099,"-","chr2",216014376,"cg14056881","MREG","TSS1500","S_Shore","MREG","TSS1500","hg38_cpg_shores; hg38_genes_introns; hg38_genes_promoters","55686; 55825"
"cg20533952",0.0947719951107362,0,0,0,0.0947719951107362,"chr21",43198601,"+","chr21",41778441,"cg20533952","","","Island","","","hg38_cpg_islands",""
"cg15758175",0,0,0,0.0947412765808495,0.0947412765808495,"chr17",73522598,"+","chr17",75526517,"cg15758175","LLGL2;LLGL2;LLGL2","5'UTR;5'UTR;5'UTR","S_Shore","LLGL2","5'UTR","hg38_cpg_shores; hg38_genes_introns","3993"
"cg26675379",0.0947140700656408,0,0,0,0.0947140700656408,"chr5",1501640,"-","chr5",1501525,"cg26675379","LPCAT1","Body","OpenSea","","","hg38_cpg_inter; hg38_genes_exons","79888"
"cg14471191",0,0,0,-0.0946896307768466,0.0946896307768466,"chr10",117818509,"+","chr10",116058998,"cg14471191","GFRA1;GFRA1;GFRA1","3'UTR;3'UTR;3'UTR","OpenSea","GFRA1","3'UTR","hg38_cpg_inter; hg38_genes_3UTRs; hg38_genes_exons","2674"
"cg11117637",0,0,0,-0.0946001889806345,0.0946001889806345,"chr5",149546366,"-","chr5",150166803,"cg11117637","CDX1;CDX1","1stExon;5'UTR","Island","CDX1;CDX1;CDX1;CDX1;CDX1;CDX1","5'UTR;1stExon;5'UTR;5'UTR;1stExon;1stExon","hg38_cpg_islands; hg38_genes_5UTRs; hg38_genes_exons","1044"
"cg16711332",0,-0.0945930497013117,0.0171839027192761,0,0.0945930497013117,"chr1",6531727,"+","chr1",6471667,"cg16711332","PLEKHG5;PLEKHG5;PLEKHG5;PLEKHG5;PLEKHG5","Body;Body;Body;Body;Body","Island","PLEKHG5","3'UTR","hg38_cpg_islands; hg38_genes_1to5kb; hg38_genes_introns; hg38_genes_promoters","57449"
"cg10036920",0.0945736338843722,0,0,0,0.0945736338843722,"chr12",133180045,"-","chr12",132603459,"cg10036920","","","Island","RP13-554M15.6;RP13-554M15.6","3'UTR;3'UTR","hg38_cpg_islands; hg38_genes_introns","100507055"
"cg25399239",0,0,0,0.0944664772795471,0.0944664772795471,"chr6",139013092,"-","chr6",138691955,"cg25399239","","","N_Shore","RP11-390P2.4","TSS1500","hg38_cpg_shores; hg38_genes_1to5kb; hg38_genes_introns; hg38_genes_promoters","124900217; 57224"
"cg19419650",0,0,-0.0943947169748668,0,0.0943947169748668,"chr19",7929643,"+","chr19",7864757,"cg19419650","EVI5L;EVI5L","3'UTR;3'UTR","S_Shore","EVI5L","3'UTR","hg38_cpg_shores; hg38_genes_3UTRs; hg38_genes_exons","115704"
"cg01218619",0,0,0,0.0939575589474998,0.0939575589474998,"chr4",25090298,"-","chr4",25088676,"cg01218619","","","Island","","","hg38_cpg_islands",""
"cg15332217",0,0,0.093888626570022,0,0.093888626570022,"chr13",28555064,"+","chr13",27980927,"cg15332217","PRHOXNB","Body","Island","","","hg38_cpg_islands; hg38_enhancers_fantom; hg38_genes_introns","646625"
"cg09613495",0,0,-0.0937925163756833,0,0.0937925163756833,"chr6",42145851,"+","chr6",42178113,"cg09613495","GUCA1A","Body","Island","","","hg38_cpg_islands; hg38_genes_5UTRs; hg38_genes_exons; hg38_genes_introns","118142757; 2978"
"cg17099656",-0.0935562992774058,0,0,0,0.0935562992774058,"chr22",47135171,"+","chr22",46739274,"cg17099656","CERK","TSS1500","OpenSea","CERK;CERK","TSS1500;TSS1500","hg38_cpg_shores; hg38_enhancers_fantom; hg38_genes_1to5kb","105373077; 64781"
"cg16868784",0,0,0,-0.0935210189632582,0.0935210189632582,"chr12",112447736,"-","chr12",112009932,"cg16868784","TMEM116","5'UTR","N_Shelf","TMEM116;TMEM116","5'UTR;5'UTR","hg38_cpg_shelves; hg38_genes_1to5kb; hg38_genes_introns","10961; 89894"
"cg24399712",0,-0.0934965006337774,0,0,0.0934965006337774,"chr22",39784796,"-","chr22",39388791,"cg24399712","","","Island","","","hg38_cpg_islands; hg38_enhancers_fantom",""
"cg08747557",0,0,0,0.0934603840580955,0.0934603840580955,"chr11",102583226,"+","chr11",102712495,"cg08747557","MMP8","3'UTR","OpenSea","MMP8","3'UTR","hg38_cpg_inter; hg38_genes_3UTRs; hg38_genes_exons","4317"
"cg12267147",0,0,0,0.0934445582370894,0.0934445582370894,"chr1",67387618,"+","chr1",66921935,"cg12267147","WDR78;WDR78","Body;Body","N_Shelf","WDR78","5'UTR","hg38_cpg_shelves; hg38_genes_1to5kb; hg38_genes_introns","57708; 79819"
"cg03393996",0,0,0.093341022183892,0,0.093341022183892,"chr4",1580377,"+","chr4",1578650,"cg03393996","","","Island","RP11-1398P2.1","3'UTR","hg38_cpg_islands; hg38_genes_introns","152877"
"cg26834043",0,0,-0.0932974975477167,0,0.0932974975477167,"chr5",107874409,"+","chr5",108538708,"cg26834043","","","OpenSea","","","hg38_cpg_inter",""
"cg16139491",-0.0932614631848326,0,0,0,0.0932614631848326,"chr7",141463169,"+","chr7",141763369,"cg16139491","TAS2R3","TSS1500","OpenSea","TAS2R3;SSBP1","TSS1500;3'UTR","hg38_cpg_inter; hg38_genes_introns; hg38_genes_promoters","50831; 6742"
"cg20703997",0.0932086290855788,0,0,0,0.0932086290855788,"chr1",4087676,"-","chr1",4027616,"cg20703997","","","OpenSea","","","hg38_cpg_inter",""
"cg11050988",0,0,0,0.0931409111405522,0.0931409111405522,"chr7",1952600,"+","chr7",1912964,"cg11050988","MAD1L1;MAD1L1;MAD1L1","Body;Body;Body","S_Shelf","","","hg38_cpg_shelves; hg38_genes_introns","8379"
"cg08270491",0.0930701056379738,-0.0149678498973708,0,0,0.0930701056379738,"chr8",126100743,"+","chr8",125088501,"cg08270491","KIAA0196","5'UTR","N_Shelf","KIAA0196;KIAA0196;KIAA0196","5'UTR;3'UTR;5'UTR","hg38_cpg_shelves; hg38_genes_1to5kb; hg38_genes_introns","286053; 9897"
"cg01205267",0,0,0,-0.0928389515147667,0.0928389515147667,"chr13",47126300,"-","chr13",46552165,"cg01205267","LRCH1;LRCH1;LRCH1","TSS1500;TSS1500;TSS1500","N_Shore","LRCH1;LRCH1;LRCH1","TSS1500;TSS1500;TSS1500","hg38_cpg_shores; hg38_genes_1to5kb","23143"
"cg09868768",0,0,0,-0.0927800682539018,0.0927800682539018,"chr2",70188605,"+","chr2",69961473,"cg09868768","ASPRV1","1stExon","Island","ASPRV1","1stExon","hg38_cpg_islands; hg38_genes_5UTRs; hg38_genes_exons","151516"
"cg18107355",0,0,0,-0.0926244497944623,0.0926244497944623,"chr10",37940899,"-","chr10",37651971,"cg18107355","","","S_Shore","","","hg38_cpg_shores",""
"cg23043544",0,0,-0.0924131671714367,0,0.0924131671714367,"chr7",2124092,"-","chr7",2084457,"cg23043544","MAD1L1;MAD1L1;MAD1L1","Body;Body;Body","OpenSea","","","hg38_cpg_inter; hg38_genes_1to5kb; hg38_genes_introns","8379"
"cg24818238",0.0922914081329045,0,0,0,0.0922914081329045,"chr20",62178498,"-","chr20",63547145,"cg24818238","SRMS","1stExon","Island","SRMS","1stExon","hg38_cpg_islands; hg38_genes_exons; hg38_genes_promoters","6725; 79025"
"cg05242915",0,0,0.0921978124380794,0,0.0921978124380794,"chr19",1263080,"+","chr19",1263081,"cg05242915","","","S_Shore","","","hg38_cpg_shores; hg38_genes_1to5kb; hg38_genes_introns","107985303; 1153"
"cg19148731",0,0,0,-0.0920739503443544,0.0920739503443544,"chr2",74780229,"-","chr2",74553102,"cg19148731","LOXL3","5'UTR","N_Shore","DOK1;LOXL3;LOXL3;LOXL3;LOXL3;LOXL3;DOK1","TSS1500;5'UTR;5'UTR;5'UTR;TSS1500;TSS200;5'UTR","hg38_cpg_shores; hg38_genes_1to5kb; hg38_genes_introns; hg38_genes_promoters","1796; 84695"
"cg00951395",0.0919513657158004,0,0,0,0.0919513657158004,"chr1",232941775,"+","chr1",232806029,"cg00951395","KIAA1383","1stExon","S_Shore","KIAA1383","1stExon","hg38_cpg_shores; hg38_genes_exons","54627"
"cg02313495",-0.0914484664910776,0,0,0,0.0914484664910776,"chr15",40398007,"+","chr15",40105806,"cg02313495","BMF;BMF;BMF;BMF","Body;Body;1stExon;1stExon","N_Shelf","BMF;BMF","ExonBnd;1stExon","hg38_cpg_shelves; hg38_genes_exons","90427"
"cg00785941",-0.0914113286491668,0,0,0,0.0914113286491668,"chr1",248100591,"+","chr1",247937289,"cg00785941","OR2L13;OR2L13","1stExon;5'UTR","Island","OR2L13;OR2L13","1stExon;5'UTR","hg38_cpg_islands; hg38_genes_1to5kb; hg38_genes_exons",""
"cg18047662",0.0912278605239949,0,0,0,0.0912278605239949,"chr10",129534217,"+","chr10",127735953,"cg18047662","FOXI2","TSS1500","N_Shore","FOXI2","TSS1500","hg38_cpg_shores; hg38_genes_1to5kb; hg38_genes_exons","399823"
"cg20864214",0,0,0,-0.0911967904950158,0.0911967904950158,"chr11",73054121,"-","chr11",73343076,"cg20864214","ARHGEF17","Body","Island","ARHGEF17;ARHGEF17","1stExon;5'UTR","hg38_cpg_islands; hg38_genes_5UTRs; hg38_genes_exons; hg38_genes_introns","9828"
"cg24912902",0.0910159675554318,0,0,0,0.0910159675554318,"chr2",121301738,"+","chr2",120544162,"cg24912902","","","OpenSea","AC073257.2","3'UTR","hg38_cpg_inter; hg38_genes_introns","105373585"
"cg03181117",0.0909227745038186,0,0,0,0.0909227745038186,"chr17",1543188,"+","chr17",1639894,"cg03181117","SCARF1;SCARF1;SCARF1;SCARF1;SCARF1","Body;Body;Body;Body;Body","N_Shelf","SCARF1","ExonBnd","hg38_cpg_shelves; hg38_genes_introns","8578"
"cg24373369",0,0,-0.0908531845057522,0,0.0908531845057522,"chr15",65320737,"+","chr15",65028399,"cg24373369","MTFMT","Body","N_Shore","MTFMT","TSS1500","hg38_cpg_shores; hg38_genes_1to5kb; hg38_genes_introns","123263"
"cg09392615",0.0908369757888686,0,0,0,0.0908369757888686,"chr15",33023237,"-","chr15",32731036,"cg09392615","GREM1","Body","OpenSea","GREM1","3'UTR","hg38_cpg_inter; hg38_genes_3UTRs; hg38_genes_exons","26585"
"cg01745789",0,0,0,-0.0906367442133647,0.0906367442133647,"chr7",127911866,"+","chr7",128271813,"cg01745789","","","Island","","","hg38_cpg_islands",""
"cg22382836",0,0,0,-0.090609099130822,0.090609099130822,"chr19",723036,"-","chr19",723036,"cg22382836","PALM;PALM","Body;Body","S_Shelf","","","hg38_cpg_shelves; hg38_genes_1to5kb; hg38_genes_introns","5064"
"cg18759081",-0.090295496270465,0,0,0,0.090295496270465,"chr20",61467939,"+","chr20",62836587,"cg18759081","COL9A3","Body","Island","COL9A3;COL9A3","3'UTR;5'UTR","hg38_cpg_islands; hg38_genes_exons; hg38_genes_introns; hg38_genes_promoters","1299"
"cg19082359",0.0902719082230343,0,0,0,0.0902719082230343,"chr13",105791890,"-","chr13",105139539,"cg19082359","","","OpenSea","","","hg38_cpg_inter; hg38_enhancers_fantom",""
"cg05603985",-0.0901713074034031,0,0,0,0.0901713074034031,"chr1",2161049,"+","chr1",2229610,"cg05603985","SKI","1stExon","Island","SKI","1stExon","hg38_cpg_islands; hg38_genes_1to5kb; hg38_genes_exons; hg38_genes_introns","6497"
"cg12476968",0.090124141211713,0,0,0,0.090124141211713,"chr15",34610829,"-","chr15",34318628,"cg12476968","SLC12A6;SLC12A6;SLC12A6;SLC12A6;SLC12A6;SLC12A6","Body;Body;Body;1stExon;Body;Body","OpenSea","SLC12A6","1stExon","hg38_cpg_inter; hg38_genes_exons; hg38_genes_introns","9990"
"cg13607226",0,0,0,0.090021182830645,0.090021182830645,"chr9",124262699,"+","chr9",121500420,"cg13607226","GGTA1","TSS1500","S_Shore","GGTA1P","TSS1500","hg38_cpg_shores; hg38_genes_promoters","2681"
"cg20752312",0,0,0,0.0898427380744839,0.0898427380744839,"chr19",6372363,"+","chr19",6372352,"cg20752312","ALKBH7","TSS200","N_Shore","ALKBH7","TSS200","hg38_cpg_shores; hg38_genes_1to5kb; hg38_genes_promoters","84266"
"cg18815120",0,0,0,0.0898414418862917,0.0898414418862917,"chr1",231512676,"+","chr1",231376930,"cg18815120","EGLN1","Body","OpenSea","EGLN1","3'UTR","hg38_cpg_inter; hg38_genes_1to5kb; hg38_genes_introns","54583"
"cg26772116",0,0,-0.0898411618538472,0,0.0898411618538472,"chr13",28016624,"-","chr13",27442487,"cg26772116","MTIF3;MTIF3;MTIF3;MTIF3","5'UTR;5'UTR;5'UTR;5'UTR","OpenSea","MTIF3;MTIF3;MTIF3;MTIF3;MTIF3","3'UTR;5'UTR;5'UTR;5'UTR;5'UTR","hg38_cpg_inter; hg38_genes_1to5kb; hg38_genes_introns","219402"
"cg13750264",0,0.0897718961499445,0,0,0.0897718961499445,"chr10",134910540,"+","chr10",133097036,"cg13750264","GPR123","Body","N_Shore","","","hg38_cpg_shores; hg38_genes_exons","84435"
"cg08684580",0,0.0895644862034428,0,-0.0280511261631941,0.0895644862034428,"chr7",98029266,"+","chr7",98399954,"cg08684580","BAIAP2L1","Body","N_Shore","BAIAP2L1","3'UTR","hg38_cpg_shores; hg38_genes_introns","55971"
"cg20981184",0,0,0.089381485440764,0,0.089381485440764,"chr14",95979816,"-","chr14",95513479,"cg20981184","","","N_Shelf","","","hg38_cpg_shelves; hg38_genes_1to5kb; hg38_genes_introns","101929107; 161176"
"cg21186576",0,0,0,-0.0893742049199755,0.0893742049199755,"chr17",79466077,"-","chr17",81499051,"cg21186576","","","Island","","","hg38_cpg_islands",""
"cg26218577",0,0,0,0.0890546819802964,0.0890546819802964,"chr15",69744466,"+","chr15",69452127,"cg26218577","RPLP1;RPLP1","TSS1500;TSS1500","N_Shore","RPLP1;RPLP1;RPLP1","TSS1500;TSS1500;TSS1500","hg38_cpg_shores; hg38_genes_promoters","6176"
"cg05850870",0,0,0,0.0887680176677978,0.0887680176677978,"chr2",75121844,"+","chr2",74894717,"cg05850870","","","OpenSea","","","hg38_cpg_inter",""
"cg19291056",0,0,0,-0.0885109673372748,0.0885109673372748,"chr8",989168,"-","chr8",1039168,"cg19291056","","","Island","","","hg38_cpg_islands; hg38_genes_introns","9228"
"cg18202521",0.0883621000282798,0,0,0,0.0883621000282798,"chr1",19600702,"+","chr1",19274208,"cg18202521","AKR7L;AKR7L","TSS200;TSS200","Island","AKR7L;AKR7L","TSS200;TSS200","hg38_cpg_islands; hg38_genes_1to5kb; hg38_genes_promoters","246181"
"cg17338146",0,0,-0.0881810358443466,0,0.0881810358443466,"chr2",147142856,"-","chr2",146385288,"cg17338146","","","OpenSea","","","hg38_cpg_inter",""
"cg06394621",0,-0.0881552330267227,0,0,0.0881552330267227,"chr10",29236369,"-","chr10",28947440,"cg06394621","","","OpenSea","","","hg38_cpg_inter",""
"cg08124030",0,-0.0362939819628881,0.0879223117627601,0,0.0879223117627601,"chr3",149095283,"+","chr3",149377496,"cg08124030","TM4SF1","1stExon","OpenSea","TM4SF1-AS1;TM4SF1;TM4SF1;TM4SF1-AS1","TSS1500;1stExon;1stExon;TSS1500","hg38_cpg_inter; hg38_genes_1to5kb; hg38_genes_exons; hg38_genes_promoters","100874091; 4071"
"cg05992904",-0.0878601553555376,0,0,0,0.0878601553555376,"chr22",48892994,"-","chr22",48497182,"cg05992904","FAM19A5","Body","N_Shelf","","","hg38_cpg_shelves; hg38_genes_introns","25817"
"cg08586737",0,-0.0875802319175385,0,0,0.0875802319175385,"chr7",127225949,"+","chr7",127585895,"cg08586737","GCC1","TSS1500","Island","GCC1;GCC1","3'UTR;TSS1500","hg38_cpg_islands; hg38_genes_1to5kb; hg38_genes_introns; hg38_genes_promoters","381; 79571"
"cg21813377",0,0,0,0.0873172318971857,0.0873172318971857,"chr1",4192817,"-","chr1",4132757,"cg21813377","","","Island","","","hg38_cpg_islands",""
"cg09507567",0,0,-0.0869984065869396,0,0.0869984065869396,"chr10",124027408,"-","chr10",122267893,"cg09507567","","","OpenSea","","","hg38_cpg_inter; hg38_genes_1to5kb","118663"
"cg18798099",0,0,0,-0.0868862953818823,0.0868862953818823,"chr9",140189618,"+","chr9",137295166,"cg18798099","","","Island","RP13-122B23.8","1stExon","hg38_cpg_islands; hg38_genes_exons; hg38_genes_introns",""
"cg00632811",0.0868449245940379,0,0,0,0.0868449245940379,"chr12",108078821,"+","chr12",107685044,"cg00632811","PWP1","TSS1500","N_Shore","PWP1;PWP1;PWP1;PWP1","TSS1500;TSS1500;TSS1500;TSS1500","hg38_cpg_shores; hg38_genes_promoters","11137"
"cg09976142",-0.0467598487987924,0,0.0864386999000002,0,0.0864386999000002,"chr9",130955436,"-","chr9",128193157,"cg09976142","CIZ1;CIZ1","5'UTR;5'UTR","Island","CIZ1;CIZ1","TSS1500;5'UTR","hg38_cpg_islands; hg38_genes_1to5kb; hg38_genes_introns","1759; 25792"
"cg02655711",0,0,0,-0.0860082308052047,0.0860082308052047,"chr22",19163373,"+","chr22",19175860,"cg02655711","SLC25A1","3'UTR","N_Shore","SLC25A1;SLC25A1","3'UTR;3'UTR","hg38_cpg_shores; hg38_genes_1to5kb; hg38_genes_3UTRs; hg38_genes_exons","6576"
"cg26903766",-0.0859284908554274,0,0,0,0.0859284908554274,"chr19",2231868,"+","chr19",2231869,"cg26903766","DOT1L","3'UTR","S_Shore","DOT1L","3'UTR","hg38_cpg_shores; hg38_genes_1to5kb; hg38_genes_3UTRs; hg38_genes_exons; hg38_genes_introns","55111; 8175; 84444"
"cg01715842",0,0,-0.0857510382680631,0,0.0857510382680631,"chr16",85045600,"-","chr16",85011994,"cg01715842","ZDHHC7;ZDHHC7","TSS1500;TSS1500","S_Shore","ZDHHC7;ZDHHC7","TSS1500;TSS1500","hg38_cpg_shores; hg38_genes_promoters","55625"
"cg06906464",0.0855153095346305,0,0,0,0.0855153095346305,"chr7",134288099,"-","chr7",134603347,"cg06906464","","","OpenSea","","","hg38_cpg_inter",""
"cg08062049",0,0,0.0851574266648345,0,0.0851574266648345,"chr2",121427380,"+","chr2",120669804,"cg08062049","","","OpenSea","","","hg38_cpg_inter",""
"cg24703660",0,0,0,0.085042947019695,0.085042947019695,"chr18",21719549,"+","chr18",24139585,"cg24703660","CABYR;CABYR;CABYR;CABYR;CABYR;CABYR","5'UTR;5'UTR;5'UTR;5'UTR;5'UTR;5'UTR","Island","CABYR;CABYR;CABYR;CABYR;CABYR","5'UTR;5'UTR;5'UTR;5'UTR;5'UTR","hg38_cpg_islands; hg38_genes_1to5kb; hg38_genes_introns; hg38_genes_promoters","26256"
"cg07532089",-0.0847939814914703,0,0,0,0.0847939814914703,"chr2",71018354,"-","chr2",70791222,"cg07532089","FIGLA","TSS1500","S_Shore","FIGLA","TSS1500","hg38_cpg_shores; hg38_genes_promoters","344018"
"cg19884619",-0.0847271133242285,0,0,0,0.0847271133242285,"chr5",149379650,"+","chr5",150000087,"cg19884619","HMGXB3;TIGD6","TSS1500;5'UTR","N_Shore","TIGD6;TIGD6;HMGXB3;HMGXB3;TIGD6;TIGD6","5'UTR;5'UTR;TSS1500;TSS1500;3'UTR;1stExon","hg38_cpg_shores; hg38_genes_5UTRs; hg38_genes_exons; hg38_genes_introns; hg38_genes_promoters","22993; 81789"
"cg08901157",0,-0.0847256662250434,0,0,0.0847256662250434,"chr15",56033728,"-","chr15",55741530,"cg08901157","PRTG","Body","N_Shore","","","hg38_cpg_shores; hg38_genes_1to5kb; hg38_genes_introns","283659"
"cg03054026",0,0.0846256170430208,0,0,0.0846256170430208,"chr2",242808907,"-","chr2",241866755,"cg03054026","","","S_Shore","","","hg38_cpg_shores; hg38_genes_1to5kb","285093"
"cg01114163",0,0,0,-0.0846052942003419,0.0846052942003419,"chr5",1856713,"-","chr5",1856599,"cg01114163","","","N_Shore","CTD-2194D22.2","TSS200","hg38_cpg_shores; hg38_genes_promoters","101929034"
"cg06575572",-0.0842153464258773,0,0,0,0.0842153464258773,"chr22",45705265,"+","chr22",45309384,"cg06575572","FAM118A;FAM118A;FAM118A","5'UTR;1stExon;TSS1500","N_Shore","FAM118A;FAM118A;FAM118A;FAM118A;FAM118A","TSS1500;TSS1500;5'UTR;1stExon;5'UTR","hg38_cpg_shores; hg38_genes_5UTRs; hg38_genes_exons; hg38_genes_introns; hg38_genes_promoters","55007"
"cg07612655",-0.0839557735002992,0,0,0,0.0839557735002992,"chr20",48185517,"-","chr20",49568980,"cg07612655","PTGIS","TSS1500","S_Shore","PTGIS","TSS1500","hg38_cpg_shores; hg38_genes_promoters","5740"
"cg14003978",0,0,0.00602683807015245,-0.0836097640816026,0.0836097640816026,"chr9",18862115,"-","chr9",18862117,"cg14003978","ADAMTSL1","Body","OpenSea","","","hg38_cpg_inter; hg38_genes_3UTRs; hg38_genes_exons; hg38_genes_introns","158297; 92949"
"cg15132673",0,0,0,0.0831576756091643,0.0831576756091643,"chr19",39998199,"-","chr19",39507559,"cg15132673","DLL3;DLL3","Body;Body","Island","","","hg38_cpg_islands; hg38_genes_exons","10683"
"cg26468118",0,0,0,-0.0830701294433041,0.0830701294433041,"chr13",111175670,"-","chr13",110523323,"cg26468118","RAB20","3'UTR","OpenSea","RAB20","3'UTR","hg38_cpg_inter; hg38_genes_1to5kb; hg38_genes_3UTRs; hg38_genes_exons","55647"
"cg24603573",0,0,0,-0.0829060161505964,0.0829060161505964,"chr13",95907745,"+","chr13",95255491,"cg24603573","ABCC4;ABCC4","Body;Body","OpenSea","ABCC4","3'UTR","hg38_cpg_inter; hg38_genes_introns","10257"
"cg03616827",0,0,0,0.0828244172050147,0.0828244172050147,"chr8",135697767,"+","chr8",134685524,"cg03616827","ZFAT;ZFAT;ZFAT","5'UTR;Body;5'UTR","OpenSea","ZFAT;ZFAT;ZFAT","5'UTR;5'UTR;5'UTR","hg38_cpg_inter; hg38_genes_introns","57623"
"cg15584813",0,0.0824856946651023,0,0,0.0824856946651023,"chr12",47219626,"-","chr12",46825843,"cg15584813","SLC38A4;SLC38A4","5'UTR;5'UTR","OpenSea","SLC38A4;SLC38A4","5'UTR;5'UTR","hg38_cpg_inter; hg38_genes_introns","100288798; 55089"
"cg18121164",0,0,0.0821323498146693,0,0.0821323498146693,"chr5",112824497,"-","chr5",113488800,"cg18121164","MCC;MCC","5'UTR;1stExon","S_Shore","MCC;MCC","1stExon;5'UTR","hg38_cpg_shores; hg38_genes_exons; hg38_genes_promoters","4163"
"cg21377071",0,0,-0.081913078421188,0,0.081913078421188,"chr15",84323963,"-","chr15",83655211,"cg21377071","ADAMTSL3","5'UTR","S_Shore","ADAMTSL3;ADAMTSL3","5'UTR;5'UTR","hg38_cpg_shores; hg38_genes_introns","57188"
"cg00781658",0,0,0,0.0815419519031125,0.0815419519031125,"chr19",41805850,"+","chr19",41299945,"cg00781658","HNRNPUL1;HNRNPUL1","Body;Body","OpenSea","","","hg38_cpg_inter; hg38_genes_1to5kb; hg38_genes_introns","11100"
"cg05867499",0.0813993376557034,0,0,0,0.0813993376557034,"chr7",4848814,"+","chr7",4809183,"cg05867499","RADIL","Body","Island","RADIL","3'UTR","hg38_cpg_islands; hg38_genes_introns","55698"
"cg17270894",0,-0.0811173510837429,0,0,0.0811173510837429,"chr4",7762705,"+","chr4",7760978,"cg17270894","AFAP1;AFAP1;LOC84740","3'UTR;3'UTR;Body","OpenSea","AFAP1;AFAP1","3'UTR;3'UTR","hg38_cpg_inter; hg38_genes_3UTRs; hg38_genes_exons; hg38_genes_introns","60312; 84740"
"cg08401628",0,0,-0.0810736221669784,0,0.0810736221669784,"chr16",85433676,"+","chr16",85400070,"cg08401628","","","OpenSea","","","hg38_cpg_inter; hg38_genes_introns","23199"
"cg09728985",0,0,0,-0.0809711571340722,0.0809711571340722,"chr16",53543985,"-","chr16",53510073,"cg09728985","","","OpenSea","","","hg38_cpg_inter",""
"cg09798996",0,0,0.0809324073640153,0,0.0809324073640153,"chr6",32182326,"-","chr6",32214549,"cg09798996","NOTCH4","Body","OpenSea","NOTCH4","TSS1500","hg38_cpg_inter; hg38_genes_introns; hg38_genes_promoters","4855"
"cg06460587",0,0,0,0.0808082519649074,0.0808082519649074,"chr6",31650930,"-","chr6",31683153,"cg06460587","","","Island","LY6G5C;LY6G5C","3'UTR;1stExon","hg38_cpg_islands; hg38_genes_1to5kb; hg38_genes_exons; hg38_genes_introns","80741"
"cg00733150",0,0,0,0.0807927627439887,0.0807927627439887,"chr22",45705707,"-","chr22",45309826,"cg00733150","FAM118A;FAM118A","5'UTR;TSS200","Island","FAM118A;FAM118A;FAM118A;FAM118A","TSS1500;5'UTR;TSS200;5'UTR","hg38_cpg_islands; hg38_genes_introns; hg38_genes_promoters","55007"
"cg13642260",-0.0807746623425141,0,0,0,0.0807746623425141,"chr9",130955380,"+","chr9",128193101,"cg13642260","CIZ1;CIZ1","5'UTR;5'UTR","Island","CIZ1;CIZ1","TSS1500;5'UTR","hg38_cpg_islands; hg38_genes_1to5kb; hg38_genes_introns","1759; 25792"
"cg06766960",0,-0.0805574933106881,0,0,0.0805574933106881,"chr11",133703094,"+","chr11",133833199,"cg06766960","","","Island","","","hg38_cpg_islands",""
"cg05886620",-0.0532174813054969,0,0,0.0805113987383542,0.0805113987383542,"chr7",1266180,"+","chr7",1226544,"cg05886620","","","S_Shore","","","hg38_cpg_shores",""
"cg07594531",0,0,-0.0804324791980123,0,0.0804324791980123,"chr1",35225326,"+","chr1",34759725,"cg07594531","GJB4","TSS200","N_Shore","GJB4","TSS200","hg38_cpg_shores; hg38_genes_introns; hg38_genes_promoters","105378642; 127534"
"cg15750986",0,0,0,-0.0802305324535374,0.0802305324535374,"chr7",98249103,"-","chr7",98619791,"cg15750986","NPTX2","Body","S_Shore","","","hg38_cpg_shores; hg38_genes_1to5kb; hg38_genes_exons","4885"
"cg13181928",0,0,0.0800288298507254,0,0.0800288298507254,"chr17",6947323,"+","chr17",7044004,"cg13181928","SLC16A11","TSS200","Island","SLC16A11","TSS200","hg38_cpg_islands; hg38_genes_5UTRs; hg38_genes_exons; hg38_genes_promoters","162515"
"cg23428387",0,0,-0.0800082219731525,0,0.0800082219731525,"chr22",49814324,"+","chr22",49420675,"cg23428387","","","S_Shore","C22orf34","3'UTR","hg38_cpg_shores; hg38_genes_introns","348645"
"cg02771260",0,0,0.0799187593960068,0,0.0799187593960068,"chr11",59836817,"-","chr11",60069344,"cg02771260","MS4A3;MS4A3;MS4A3","Body;Body;Body","OpenSea","","","hg38_cpg_inter; hg38_genes_introns; hg38_genes_promoters","932"
"cg09013032",0,0,-0.079522128285708,0,0.079522128285708,"chr4",88225834,"+","chr4",87304682,"cg09013032","HSD17B13;HSD17B13","3'UTR;3'UTR","OpenSea","HSD17B13","3'UTR","hg38_cpg_inter; hg38_genes_1to5kb; hg38_genes_3UTRs; hg38_genes_exons","100847027; 345275"
"cg09847153",0,0,0,0.0794041619334688,0.0794041619334688,"chr1",38461540,"+","chr1",37995868,"cg09847153","","","N_Shore","","","hg38_cpg_shores",""
"cg03597174",0,0,0,-0.0793561221884824,0.0793561221884824,"chr17",27359875,"+","chr17",29032857,"cg03597174","","","OpenSea","","","hg38_cpg_inter; hg38_enhancers_fantom; hg38_genes_introns","105371716; 51268"
"cg19590140",0,0,-0.0792012319179324,0,0.0792012319179324,"chr14",101012492,"+","chr14",100546155,"cg19590140","BEGAIN;BEGAIN","Body;Body","N_Shore","BEGAIN;BEGAIN","5'UTR;3'UTR","hg38_cpg_shores; hg38_genes_exons; hg38_genes_introns; hg38_genes_promoters","57596"
"cg13636887",0,0,0,0.0791936862373925,0.0791936862373925,"chr14",105189936,"-","chr14",104723599,"cg13636887","ADSSL1","TSS1500","Island","ADSSL1","TSS1500","hg38_cpg_islands; hg38_genes_promoters","122622"
"cg01129641",0.0791746282473779,0,0,0,0.0791746282473779,"chr2",241561237,"+","chr2",240621820,"cg01129641","","","N_Shore","GPR35;GPR35","5'UTR;5'UTR","hg38_cpg_shores; hg38_enhancers_fantom; hg38_genes_1to5kb; hg38_genes_introns","2859"
"cg18910313",0,0,-0.0791214811540764,0,0.0791214811540764,"chr19",10222409,"-","chr19",10111733,"cg18910313","PPAN-P2RY11;P2RY11","Body;1stExon","S_Shore","P2RY11;P2RY11","TSS1500;1stExon","hg38_cpg_shores; hg38_genes_3UTRs; hg38_genes_exons; hg38_genes_introns; hg38_genes_promoters","5032; 56342; 692312"
"cg03257743",0,0,0.0788960518167118,0,0.0788960518167118,"chr2",11123616,"-","chr2",10983490,"cg03257743","","","OpenSea","","","hg38_cpg_inter",""
"cg26677194",0,0,0.0785791932212526,0,0.0785791932212526,"chr12",130822605,"-","chr12",130338060,"cg26677194","PIWIL1","TSS200","Island","PIWIL1;PIWIL1","1stExon;5'UTR","hg38_cpg_islands; hg38_genes_1to5kb; hg38_genes_5UTRs; hg38_genes_exons; hg38_genes_promoters","9271"
"cg14351882",0,0,-0.0785644536174506,0,0.0785644536174506,"chr9",140061878,"+","chr9",137167426,"cg14351882","GRIN1;GRIN1;GRIN1","Body;Body;Body","Island","","","hg38_cpg_islands; hg38_genes_exons; hg38_genes_introns; hg38_genes_promoters","2902"
"cg16705229",0,0,-0.0785234852324085,0,0.0785234852324085,"chr6",30019131,"+","chr6",30051354,"cg16705229","NCRNA00171","Body","OpenSea","ZNRD1-AS1;ZNRD1-AS1;ZNRD1-AS1;ZNRD1-AS1;ZNRD1-AS1;ZNRD1-AS1;ZNRD1-AS1","3'UTR;3'UTR;3'UTR;3'UTR;3'UTR;3'UTR;3'UTR","hg38_cpg_inter; hg38_genes_introns","80862"
"cg07639376",0,0,0,0.0783059487516141,0.0783059487516141,"chr16",1584516,"-","chr16",1534515,"cg07639376","IFT140;TMEM204","Body;1stExon","Island","TMEM204;IFT140","1stExon;TSS1500","hg38_cpg_islands; hg38_genes_1to5kb; hg38_genes_exons; hg38_genes_introns","79652; 9742"
"cg23691223",0,0,0,0.077964986867426,0.077964986867426,"chr1",57785036,"-","chr1",57319364,"cg23691223","DAB1","5'UTR","OpenSea","DAB1;DAB1;DAB1;DAB1","5'UTR;5'UTR;5'UTR;3'UTR","hg38_cpg_inter; hg38_genes_introns","1600"
"cg13716619",0,0,0,-0.0778813547992816,0.0778813547992816,"chr6",31829895,"+","chr6",31862118,"cg13716619","NEU1","Body","N_Shore","","","hg38_cpg_shores; hg38_genes_exons","4758"
"cg19375418",0,0,0,-0.0777342969544886,0.0777342969544886,"chr18",77292410,"+","chr18",79532410,"cg19375418","","","Island","","","hg38_cpg_islands",""
"cg24936273",0,0,0,0.077681105032755,0.077681105032755,"chr6",62642433,"-","chr6",61932528,"cg24936273","KHDRBS2","Body","OpenSea","","","hg38_cpg_inter; hg38_genes_introns","202559"
"cg13853046",0,0,0.0776656010893716,0,0.0776656010893716,"chr17",56603735,"-","chr17",58526374,"cg13853046","SEPT4;SEPT4;SEPT4","Body;Body;Body","OpenSea","","","hg38_cpg_inter; hg38_genes_exons; hg38_genes_introns","101927688; 5414"
"cg27586596",0.0771832666879907,0,0,0,0.0771832666879907,"chr7",41426609,"+","chr7",41387011,"cg27586596","","","OpenSea","","","hg38_cpg_inter",""
"cg21221545",0,-0.0771800790556951,0,0,0.0771800790556951,"chr2",9286050,"-","chr2",9145921,"cg21221545","","","OpenSea","RP11-734K21.4","5'UTR","hg38_cpg_inter; hg38_genes_introns",""
"cg22972858",0,0,0.0771377392008443,0,0.0771377392008443,"chr12",123215248,"+","chr12",122730701,"cg22972858","GPR81","TSS200","OpenSea","HCAR1;HCAR1;HCAR1;HCAR1","1stExon;1stExon;5'UTR;TSS200","hg38_cpg_inter; hg38_genes_5UTRs; hg38_genes_exons","27198"
"cg07402062",0,0.0771188478975769,0,-0.0661480863721624,0.0771188478975769,"chr16",89894098,"-","chr16",89827690,"cg07402062","SPIRE2","TSS1500","N_Shore","SPIRE2;SPIRE2;SPIRE2;SPIRE2","TSS1500;TSS1500;TSS1500;5'UTR","hg38_cpg_shores; hg38_enhancers_fantom; hg38_genes_1to5kb; hg38_genes_introns; hg38_genes_promoters","84501"
"cg19504605",0.0770544942827063,0,0,0,0.0770544942827063,"chr8",144339106,"-","chr8",143256936,"cg19504605","ZFP41","3'UTR","S_Shore","ZFP41;ZFP41","3'UTR;3'UTR","hg38_cpg_shores; hg38_genes_introns","286128"
"cg07839926",0,0,0,-0.0766704488133531,0.0766704488133531,"chr10",121771388,"-","chr10",120011876,"cg07839926","","","Island","","","hg38_cpg_islands",""
"cg12801791",0,0,0,-0.0766323488145573,0.0766323488145573,"chr12",117478480,"-","chr12",117040675,"cg12801791","TESC;TESC;TESC","Body;Body;Body","S_Shore","","","hg38_cpg_shores; hg38_genes_introns","54997"
"cg13946767",0,0,0,-0.0765262563362236,0.0765262563362236,"chr1",153599671,"-","chr1",153627195,"cg13946767","S100A13;S100A13;S100A13;S100A13;S100A1;S100A13;S100A13","5'UTR;1stExon;5'UTR;TSS200;TSS1500;5'UTR;5'UTR","OpenSea","S100A13;S100A13;S100A13;S100A13;S100A1;S100A13;S100A13;S100A13;S100A1;S100A1;S100A1","5'UTR;TSS200;1stExon;3'UTR;TSS1500;5'UTR;5'UTR;5'UTR;TSS1500;TSS1500;TSS1500","hg38_cpg_inter; hg38_genes_1to5kb; hg38_genes_5UTRs; hg38_genes_exons; hg38_genes_introns; hg38_genes_promoters","6271; 6284"
"cg00647820",-0.0765235479215617,0,0,0,0.0765235479215617,"chr17",40259828,"+","chr17",42107810,"cg00647820","DHX58","Body","Island","DHX58","ExonBnd","hg38_cpg_islands; hg38_genes_1to5kb; hg38_genes_exons; hg38_genes_introns","79132"
"cg03677069",0,0,0,-0.0763905675128584,0.0763905675128584,"chr10",88718317,"+","chr10",86958560,"cg03677069","SNCG;SNCG;MMRN2","1stExon;5'UTR;TSS1500","OpenSea","MMRN2;MMRN2;SNCG;SNCG;SNCG;MMRN2","TSS1500;TSS1500;TSS1500;TSS200;TSS200;3'UTR","hg38_cpg_inter; hg38_genes_1to5kb; hg38_genes_introns; hg38_genes_promoters","100133190; 6623; 79812"
"cg22904096",0.0762751784306012,0,0,0,0.0762751784306012,"chr2",211180386,"+","chr2",210315662,"cg22904096","MYL1","TSS1500","OpenSea","MYL1","TSS1500","hg38_cpg_inter; hg38_genes_promoters","4632"
"cg06127202",0,0,-0.0762224259875645,0,0.0762224259875645,"chr6",116338847,"+","chr6",116017684,"cg06127202","FRK","Body","OpenSea","","","hg38_cpg_inter; hg38_genes_introns","2444"
"cg23573665",0,0,0,0.0762173022957229,0.0762173022957229,"chr14",55907122,"-","chr14",55440404,"cg23573665","TBPL2","1stExon","N_Shore","TBPL2","1stExon","hg38_cpg_shores; hg38_genes_5UTRs; hg38_genes_exons","387332"
"cg05455729",0.0762058161479613,0,0,0,0.0762058161479613,"chr7",3338723,"+","chr7",3299091,"cg05455729","","","N_Shore","AC073316.1","3'UTR","hg38_cpg_shores; hg38_genes_1to5kb; hg38_genes_introns","105375132; 221935"
"cg10364115",0,0,0,-0.0761971433091089,0.0761971433091089,"chr7",2560976,"-","chr7",2521342,"cg10364115","LFNG;LFNG;LFNG;LFNG","Body;Body;Body;Body","S_Shore","","","hg38_cpg_shores; hg38_genes_1to5kb; hg38_genes_introns","3955"
"cg12078157",0,0,0.0757837471652709,0,0.0757837471652709,"chr6",13612218,"-","chr6",13611986,"cg12078157","SIRT5","3'UTR","N_Shelf","SIRT5;SIRT5","3'UTR;3'UTR","hg38_cpg_shelves; hg38_genes_1to5kb; hg38_genes_3UTRs; hg38_genes_exons","23408; 51406"
"cg01964852",0,0,0.0756726585041497,0,0.0756726585041497,"chr7",27146262,"-","chr7",27106643,"cg01964852","HOXA3;HOXA3;HOXA3","3'UTR;3'UTR;3'UTR","Island","HOXA3;HOXA-AS2","3'UTR;TSS1500","hg38_cpg_islands; hg38_genes_1to5kb; hg38_genes_3UTRs; hg38_genes_exons","3199; 3200"
"cg03350683",0,0,0,0.0755904411599169,0.0755904411599169,"chr6",125448105,"+","chr6",125126959,"cg03350683","","","OpenSea","","","hg38_cpg_inter; hg38_genes_introns","7164"
"cg07110405",0,0,0.0755883720071318,0,0.0755883720071318,"chr11",70917533,"+","chr11",71206487,"cg07110405","SHANK2","5'UTR","OpenSea","","","hg38_cpg_inter; hg38_genes_introns","22941"
"cg26621607",0.0755503165298016,0,0,0,0.0755503165298016,"chr12",133180238,"+","chr12",132603652,"cg26621607","","","Island","RP13-554M15.6;RP13-554M15.6","3'UTR;3'UTR","hg38_cpg_islands; hg38_genes_introns","100507055"
"cg05771342",0,0,-0.07546276296405,0,0.07546276296405,"chr11",68782202,"-","chr11",69014734,"cg05771342","MRGPRF;MRGPRF","TSS1500;TSS1500","S_Shelf","MRGPRF;MRGPRF;MRGPRF;RP11-554A11.6","TSS1500;TSS1500;TSS1500;5'UTR","hg38_cpg_shelves; hg38_genes_1to5kb; hg38_genes_introns","101928200; 116535"
"cg18684142",0,0,0,-0.0753903931114244,0.0753903931114244,"chr17",46682394,"+","chr17",48605032,"cg18684142","LOC404266;LOC404266;HOXB6","Body;Body;TSS200","N_Shelf","HOXB6;HOXB3;HOXB6;HOXB6;HOXB-AS3","TSS1500;TSS200;TSS200;TSS200;5'UTR","hg38_cpg_shelves; hg38_genes_introns; hg38_genes_promoters","3216; 404266"
"cg26837773",0.0751500306141917,0,0,0,0.0751500306141917,"chr1",947091,"-","chr1",1011711,"cg26837773","","","N_Shore","","","hg38_cpg_shores; hg38_genes_1to5kb; hg38_genes_introns","9636"
"cg01777300",0,0,-0.0751104169475838,0,0.0751104169475838,"chr14",104837070,"+","chr14",104370733,"cg01777300","","","OpenSea","","","hg38_cpg_inter",""
"cg23987027",-0.0749778303550145,0,0,0,0.0749778303550145,"chr17",7003199,"+","chr17",7099880,"cg23987027","","","OpenSea","","","hg38_cpg_inter",""
"cg12186219",0,0.0747995391309528,0,0,0.0747995391309528,"chr11",1463541,"+","chr11",1442311,"cg12186219","BRSK2","Body","N_Shore","BRSK2","TSS1500","hg38_cpg_shores; hg38_genes_introns; hg38_genes_promoters","9024"
"cg17765387",-0.0747546702856983,0,0,0,0.0747546702856983,"chr12",117354824,"+","chr12",116917019,"cg17765387","FBXW8;FBXW8","Body;Body","OpenSea","","","hg38_cpg_inter; hg38_genes_1to5kb; hg38_genes_introns","26259"
"cg19045427",0,0,-0.0746542393312733,0,0.0746542393312733,"chr11",361221,"-","chr11",361221,"cg19045427","","","OpenSea","","","hg38_cpg_inter",""
"cg06915202",0,0.0746314962087149,0,0,0.0746314962087149,"chr7",98029285,"+","chr7",98399973,"cg06915202","BAIAP2L1","Body","N_Shore","BAIAP2L1","3'UTR","hg38_cpg_shores; hg38_genes_introns","55971"
"cg26504835",0,0,-0.0745652165896196,0,0.0745652165896196,"chr6",31143710,"+","chr6",31175933,"cg26504835","PSORS1C3","Body","OpenSea","PSORS1C3;POU5F1","3'UTR;5'UTR","hg38_cpg_inter; hg38_genes_introns","100130889; 5460"
"cg26200585",0,0,0,-0.0745196724844294,0.0745196724844294,"chr19",40919245,"+","chr19",40413338,"cg26200585","PRX;PRX;PRX;PRX","1stExon;5'UTR;1stExon;5'UTR","OpenSea","PRX;PRX;PRX;PRX","5'UTR;5'UTR;1stExon;1stExon","hg38_cpg_inter; hg38_genes_1to5kb; hg38_genes_5UTRs; hg38_genes_exons; hg38_genes_introns","57716"
"cg10747531",0,0,0.0744109177544796,0,0.0744109177544796,"chr17",38936092,"+","chr17",40779840,"cg10747531","KRT27","Body","Island","","","hg38_cpg_islands; hg38_genes_1to5kb; hg38_genes_exons","342574"
"cg00625949",0.0744064510695729,0,0,0,0.0744064510695729,"chr12",87119199,"-","chr12",86725422,"cg00625949","MGAT4C","5'UTR","OpenSea","RP11-202H2.1","3'UTR","hg38_cpg_inter; hg38_genes_introns","25834"
"cg00169354",0.0743098869037824,0,0,0,0.0743098869037824,"chr20",54922827,"-","chr20",56347771,"cg00169354","","","S_Shelf","","","hg38_cpg_shelves",""
"cg02024846",0,0,-0.074223897162415,0,0.074223897162415,"chr9",99382466,"+","chr9",96620184,"cg02024846","CDC14B;CDC14B","TSS1500;TSS1500","S_Shore","CDC14B;CDC14B;CDC14B","TSS1500;TSS1500;TSS1500","hg38_cpg_shores; hg38_genes_1to5kb; hg38_genes_promoters","8555"
"cg20853889",0,0,0,-0.0741000639218624,0.0741000639218624,"chr15",93580227,"-","chr15",93036997,"cg20853889","","","OpenSea","","","hg38_cpg_inter; hg38_genes_3UTRs; hg38_genes_exons","56963"
"cg25764570",0,0,0,0.0740784673280275,0.0740784673280275,"chr6",32407289,"-","chr6",32439512,"cg25764570","HLA-DRA","TSS1500","OpenSea","HLA-DRA;HLA-DRA;HLA-DRA","TSS1500;TSS1500;TSS1500","hg38_cpg_inter; hg38_genes_promoters","3122"
"cg24992577",0,0,0,0.073904155502503,0.073904155502503,"chr5",140431329,"+","chr5",141051744,"cg24992577","PCDHB1","1stExon","OpenSea","PCDHB1","1stExon","hg38_cpg_inter; hg38_genes_exons; hg38_genes_introns","101926905; 29930"
"cg06158627",0,-0.0738384082729102,0,0,0.0738384082729102,"chr4",7768357,"+","chr4",7766630,"cg06158627","AFAP1;AFAP1;LOC84740","Body;Body;Body","OpenSea","AFAP1","3'UTR","hg38_cpg_inter; hg38_genes_introns","60312; 84740"
"cg26429520",0.0737197938442199,0,0,0,0.0737197938442199,"chr11",1283875,"-","chr11",1262645,"cg26429520","","","OpenSea","","","hg38_cpg_inter",""
"cg10502303",-0.0736003280736532,0,0,0,0.0736003280736532,"chr2",16847831,"+","chr2",16666563,"cg10502303","FAM49A","TSS1500","OpenSea","FAM49A;FAM49A","TSS1500;TSS1500","hg38_cpg_inter; hg38_genes_promoters","81553"
"cg04602696",0,0,0.0734814958763916,-0.000888612155944534,0.0734814958763916,"chr16",88846723,"+","chr16",88780315,"cg04602696","FAM38A","Body","S_Shore","","","hg38_cpg_shores; hg38_genes_introns","9780"
"cg00161124",0,0,0,0.073374678847086,0.073374678847086,"chr1",234366259,"-","chr1",234230513,"cg00161124","SLC35F3","Body","N_Shore","","","hg38_cpg_shores; hg38_genes_introns","148641"
"cg05368731",-0.0733519482060009,0,0,0,0.0733519482060009,"chr17",41323189,"+","chr17",43171172,"cg05368731","NBR1;NBR1;NBR1","5'UTR;5'UTR;TSS200","Island","BRCA1;NBR1;NBR1;NBR1;NBR1","TSS1500;5'UTR;TSS200;TSS200;TSS200","hg38_cpg_islands; hg38_genes_1to5kb; hg38_genes_introns; hg38_genes_promoters","101929767; 124900391; 4077; 672"
"cg16126458",0.0733364090775541,0,0,0,0.0733364090775541,"chr1",19615370,"+","chr1",19288876,"cg16126458","AKR7A3","TSS200","Island","AKR7A3;AKR7A3","1stExon;5'UTR","hg38_cpg_islands; hg38_genes_promoters","22977"
"cg21394273",0,0,0,0.0729568506420381,0.0729568506420381,"chr8",1899231,"+","chr8",1951065,"cg21394273","ARHGEF10","Body","OpenSea","ARHGEF10","5'UTR","hg38_cpg_inter; hg38_genes_introns","9639"
"cg07293736",0,0.072499806057947,0,0,0.072499806057947,"chr12",132670858,"-","chr12",132186313,"cg07293736","","","N_Shelf","","","hg38_cpg_shelves; hg38_genes_1to5kb",""
"cg09395443",0.0722204604459396,0,0,0,0.0722204604459396,"chr7",4746437,"-","chr7",4706806,"cg09395443","FOXK1","Body","OpenSea","FOXK1","5'UTR","hg38_cpg_inter; hg38_genes_introns","221937"
"cg05926928",0,0,0,0.0722175653333531,0.0722175653333531,"chr17",57297772,"-","chr17",59220411,"cg05926928","GDPD1;GDPD1;GDPD1","TSS200;TSS200;TSS200","N_Shore","GDPD1","TSS200","hg38_cpg_shores; hg38_genes_promoters","284161"
"cg18198730",0.0721979579590821,0,0,0,0.0721979579590821,"chr1",247681584,"-","chr1",247518282,"cg18198730","","","Island","C1orf150;C1orf150;C1orf150;C1orf150;C1orf150;C1orf150;C1orf150","TSS200;TSS200;5'UTR;5'UTR;5'UTR;5'UTR;5'UTR","hg38_cpg_islands; hg38_genes_introns; hg38_genes_promoters","148823"
"cg05674036",0,-0.0721705487924467,0,0,0.0721705487924467,"chr17",3323791,"+","chr17",3420497,"cg05674036","OR3A3","TSS200","OpenSea","OR3A3","TSS200","hg38_cpg_inter; hg38_genes_introns; hg38_genes_promoters","8392"
"cg25213350",0.0717732739787834,0,0,0,0.0717732739787834,"chr1",109802435,"+","chr1",109259813,"cg25213350","CELSR2","Body","S_Shore","","","hg38_cpg_shores; hg38_genes_introns","1952"
"cg13832201",0,0,0,0.0717402975184779,0.0717402975184779,"chr17",19282521,"+","chr17",19379208,"cg13832201","MAPK7;MAPK7;MAPK7;MAPK7","Body;Body;5'UTR;Body","Island","MAPK7;B9D1;MAPK7","5'UTR;TSS1500;5'UTR","hg38_cpg_islands; hg38_genes_1to5kb; hg38_genes_exons; hg38_genes_introns","27077; 5598"
"cg25387487",0,0,-0.071708663334068,0,0.071708663334068,"chr5",157003181,"+","chr5",157576173,"cg25387487","ADAM19","TSS1500","Island","ADAM19;ADAM19;ADAM19","TSS1500;TSS1500;TSS1500","hg38_cpg_islands; hg38_genes_1to5kb; hg38_genes_promoters","8728"
"cg10616319",0,-0.0715022987294999,0,0,0.0715022987294999,"chr10",15468812,"-","chr10",15426813,"cg10616319","","","OpenSea","","","hg38_cpg_inter",""
"cg12243133",-0.0711504733936754,0,0,0,0.0711504733936754,"chr11",66823616,"+","chr11",67056145,"cg12243133","RHOD","TSS1500","N_Shore","RHOD;RHOD;RHOD","TSS1500;TSS1500;TSS1500","hg38_cpg_shores; hg38_genes_promoters","29984"
"cg09353251",0,0,0,-0.0708815898700746,0.0708815898700746,"chr2",133343373,"+","chr2",132585800,"cg09353251","GPR39","Body","Island","","","hg38_cpg_islands; hg38_genes_introns","2863"
"cg20430773",0,0,-0.0707895535399359,0,0.0707895535399359,"chr1",16534157,"+","chr1",16207662,"cg20430773","ARHGEF19","Body","Island","ARHGEF19;ARHGEF19","TSS1500;ExonBnd","hg38_cpg_islands; hg38_genes_1to5kb; hg38_genes_introns; hg38_genes_promoters","128272"
"cg04329125",0.0705999677110447,0,0,0,0.0705999677110447,"chr14",105945022,"+","chr14",105478685,"cg04329125","CRIP2","Body","Island","CRIP2","5'UTR","hg38_cpg_islands; hg38_genes_exons; hg38_genes_introns","1397"
"cg23657718",-0.0704762032782753,0,0,0,0.0704762032782753,"chr4",1495933,"+","chr4",1494206,"cg23657718","","","S_Shore","","","hg38_cpg_shores",""
"cg20325293",0.0697686871183476,0,0,0,0.0697686871183476,"chr4",54244256,"+","chr4",53378089,"cg20325293","FIP1L1;FIP1L1;FIP1L1","Body;Body;Body","Island","FIP1L1","TSS200","hg38_cpg_islands; hg38_genes_1to5kb; hg38_genes_exons; hg38_genes_introns; hg38_genes_promoters","5156; 81608"
"cg15744005",0,0,-0.069463763649679,0,0.069463763649679,"chr10",104629667,"-","chr10",102869910,"cg15744005","AS3MT","Body","S_Shore","","","hg38_cpg_shores; hg38_genes_introns","100528007; 57412"
"cg10125317",0,0,-0.0691915164157414,0,0.0691915164157414,"chr2",176982230,"+","chr2",176117502,"cg10125317","HOXD10","1stExon","Island","HOXD10;HOXD10","1stExon;5'UTR","hg38_cpg_islands; hg38_genes_exons; hg38_genes_introns","3236; 3237"
"cg00721819",0,0,0.0691064062750769,0,0.0691064062750769,"chr6",32016520,"+","chr6",32048743,"cg00721819","TNXB","Body","OpenSea","","","hg38_cpg_inter; hg38_genes_1to5kb; hg38_genes_introns","7148"
"cg11762703",0,0,0,0.068863041874074,0.068863041874074,"chr17",78929938,"-","chr17",80956138,"cg11762703","RPTOR;RPTOR","Body;Body","OpenSea","RPTOR","5'UTR","hg38_cpg_inter; hg38_genes_introns","57521"
"cg22994198",0,0,0,0.0688273141427614,0.0688273141427614,"chr19",1508528,"-","chr19",1508529,"cg22994198","ADAMTSL5","Body","N_Shore","ADAMTSL5","5'UTR","hg38_cpg_islands; hg38_genes_1to5kb; hg38_genes_5UTRs; hg38_genes_exons; hg38_genes_introns; hg38_genes_promoters","126520; 339366"
"cg14367306",0,0,0,-0.0682638082214065,0.0682638082214065,"chr6",8279138,"-","chr6",8278905,"cg14367306","","","OpenSea","","","hg38_cpg_inter; hg38_genes_1to5kb; hg38_genes_introns","105374910; 105374911"
"cg15423357",0.068238647336858,0,0,0,0.068238647336858,"chr2",25149977,"-","chr2",24927108,"cg15423357","","","OpenSea","","","hg38_cpg_inter",""
"cg16936421",-0.0682304827654977,0,0,0,0.0682304827654977,"chr10",729226,"-","chr10",683286,"cg16936421","DIP2C","Body","OpenSea","","","hg38_cpg_shelves; hg38_enhancers_fantom; hg38_genes_introns","22982"
"cg21252047",0,0,0.0680280718435668,0,0.0680280718435668,"chr9",116419843,"-","chr9",113657563,"cg21252047","","","OpenSea","RP11-18B16.2","5'UTR","hg38_cpg_inter; hg38_genes_introns","105376223"
"cg24503407",0,0,0,0.0679577292030121,0.0679577292030121,"chr1",205819492,"-","chr1",205850364,"cg24503407","PM20D1","TSS1500","S_Shore","PM20D1;PM20D1","TSS1500;TSS1500","hg38_cpg_shores; hg38_genes_introns; hg38_genes_promoters","148811; 284581"
"cg01466011",0,0,-0.0679003813212612,0,0.0679003813212612,"chr3",156837590,"-","chr3",157119801,"cg01466011","","","N_Shore","RP11-6F2.4","3'UTR","hg38_cpg_shores; hg38_enhancers_fantom; hg38_genes_introns","100498859; 339894"
"cg09590377",0,0,0,-0.0675998491765119,0.0675998491765119,"chr2",8597389,"-","chr2",8457259,"cg09590377","","","Island","","","hg38_cpg_islands; hg38_enhancers_fantom; hg38_genes_1to5kb; hg38_genes_introns",""
"cg23981702",0.0674137365622911,0,0,0,0.0674137365622911,"chr1",115732999,"-","chr1",115190378,"cg23981702","","","OpenSea","","","hg38_cpg_inter; hg38_enhancers_fantom",""
"cg17944885",0,0,-0.0671727425736193,0,0.0671727425736193,"chr19",12225735,"-","chr19",12114920,"cg17944885","","","N_Shelf","","","hg38_cpg_shelves; hg38_genes_introns","388507; 7568"
"cg05517541",0.0670760369180309,0,0,0,0.0670760369180309,"chr6",112115209,"+","chr6",111794006,"cg05517541","FYN","5'UTR","OpenSea","FYN;FYN;FYN;FYN;FYN;FYN","TSS200;TSS200;5'UTR;5'UTR;5'UTR;5'UTR","hg38_cpg_inter; hg38_genes_introns; hg38_genes_promoters","2534"
"cg05963179",0.0667947942663952,0,0,0,0.0667947942663952,"chr10",127203074,"-","chr10",125514505,"cg05963179","","","OpenSea","","","hg38_cpg_inter",""
"cg22940954",0,0,0,-0.0665126356177656,0.0665126356177656,"chr2",218937635,"-","chr2",218072912,"cg22940954","RUFY4","Body","OpenSea","RUFY4","5'UTR","hg38_cpg_inter; hg38_genes_introns","285180"
"cg09506600",0,0,0,0.0663991955034321,0.0663991955034321,"chr1",248100228,"+","chr1",247936926,"cg09506600","OR2L13","TSS1500","N_Shore","OR2L13","TSS1500","hg38_cpg_shores; hg38_genes_1to5kb; hg38_genes_exons; hg38_genes_promoters",""
"cg19469447",-0.0663959748486345,0,0,0,0.0663959748486345,"chr10",135341870,"+","chr10",133528366,"cg19469447","CYP2E1","Body","Island","CYP2E1;CYP2E1;SPRN","1stExon;5'UTR;5'UTR","hg38_cpg_islands; hg38_genes_1to5kb; hg38_genes_exons; hg38_genes_introns; hg38_genes_promoters","1571"
"cg01767544",0,0,0.0661593434390068,0,0.0661593434390068,"chr14",106321115,"-","chr14",105855010,"cg01767544","","","N_Shore","","","hg38_cpg_shores; hg38_genes_exons",""
"cg15618908",0,0,0.06579170840889,0,0.06579170840889,"chr5",173141761,"-","chr5",173714758,"cg15618908","","","OpenSea","CTB-43E15.3;CTB-43E15.3","3'UTR;3'UTR","hg38_cpg_inter; hg38_genes_introns","101928136; 107984118"
"cg15245051",0.0657882512010178,0,0,0,0.0657882512010178,"chr22",36563117,"+","chr22",36167069,"cg15245051","APOL3;APOL3","TSS1500;TSS1500","OpenSea","APOL3","TSS1500","hg38_cpg_inter; hg38_genes_promoters","80833"
"cg00048759",0,0,0,0.065787594726542,0.065787594726542,"chr7",99775422,"+","chr7",100177799,"cg00048759","STAG3;GPC2","TSS200;TSS1500","Island","STAG3;STAG3;GPC2;STAG3;STAG3;STAG3;STAG3","1stExon;5'UTR;TSS1500;TSS200;TSS200;1stExon;5'UTR","hg38_cpg_islands; hg38_genes_1to5kb; hg38_genes_5UTRs; hg38_genes_exons; hg38_genes_promoters","10734; 221914"
"cg08433504",0,0,0,-0.0654188783411332,0.0654188783411332,"chr15",39872071,"+","chr15",39579870,"cg08433504","THBS1","TSS1500","N_Shore","THBS1","TSS1500","hg38_cpg_shores; hg38_genes_1to5kb","7057"
"cg25940248",0,0,0,0.0652104292003309,0.0652104292003309,"chr4",39448464,"+","chr4",39446844,"cg25940248","KLB","Body","Island","","","hg38_cpg_islands; hg38_genes_exons","152831"
"cg01070987",0,0,0,-0.0651580931963633,0.0651580931963633,"chr3",149687002,"-","chr3",149969215,"cg01070987","PFN2;PFN2","Body;Body","N_Shore","PFN2;PFN2;PFN2;PFN2;PFN2;PFN2;PFN2","5'UTR;5'UTR;5'UTR;5'UTR;5'UTR;5'UTR;5'UTR","hg38_cpg_shores; hg38_genes_introns; hg38_genes_promoters","389161; 5217"
"cg08762247",0,0,0,-0.0651314246428473,0.0651314246428473,"chr17",53800372,"-","chr17",55723011,"cg08762247","TMEM100;TMEM100","TSS200;5'UTR","OpenSea","TMEM100;TMEM100;TMEM100","TSS200;3'UTR;5'UTR","hg38_cpg_inter; hg38_genes_1to5kb; hg38_genes_exons; hg38_genes_introns; hg38_genes_promoters","55273"
"cg15696634",0.064979630814636,0,0,0,0.064979630814636,"chr18",19746953,"+","chr18",22166992,"cg15696634","","","Island","","","hg38_cpg_islands; hg38_genes_1to5kb; hg38_genes_exons; hg38_genes_introns","100128893; 2627"
"cg00901687",0.0649558340513548,0,0,0,0.0649558340513548,"chr17",48585270,"+","chr17",50507909,"cg00901687","MYCBPAP","TSS1500","N_Shore","RP11-94C24.6;MYCBPAP;MYCBPAP;MYCBPAP","3'UTR;TSS1500;TSS1500;TSS1500","hg38_cpg_shores; hg38_genes_introns; hg38_genes_promoters","84073"
"cg24129356",0,0,0,0.0649444110205158,0.0649444110205158,"chr6",32920735,"+","chr6",32952958,"cg24129356","HLA-DMA","1stExon","OpenSea","HLA-DMA;HLA-DMA;HLA-DMA;XXbac-BPG181M17.5;HLA-DMA","ExonBnd;1stExon;1stExon;1stExon;3'UTR","hg38_cpg_inter; hg38_genes_1to5kb; hg38_genes_exons; hg38_genes_introns; hg38_genes_promoters","3108; 3109"
"cg16518861",0,0,0.0648749393292389,0,0.0648749393292389,"chr14",35871715,"-","chr14",35402509,"cg16518861","NFKBIA","Body","N_Shore","NFKBIA","3'UTR","hg38_cpg_shores; hg38_genes_3UTRs; hg38_genes_exons; hg38_genes_promoters","4792"
"cg03396347",0.0647513633908268,0,0,0,0.0647513633908268,"chr1",1875803,"+","chr1",1944364,"cg03396347","","","Island","","","hg38_cpg_islands; hg38_genes_exons","85452"
"cg02772905",0.0647200273830268,0,0,0,0.0647200273830268,"chr2",203484258,"+","chr2",202619535,"cg02772905","","","OpenSea","","","hg38_cpg_inter; hg38_genes_exons",""
"cg09155905",0,0,0,-0.0647067972504291,0.0647067972504291,"chr17",33447236,"+","chr17",35120217,"cg09155905","FNDC8;RAD51L3;RAD51L3;RAD51L3","TSS1500;TSS1500;TSS1500;TSS1500","S_Shore","RAD51D;RAD51D;FNDC8","TSS1500;TSS1500;TSS1500","hg38_cpg_shores; hg38_genes_1to5kb; hg38_genes_introns; hg38_genes_promoters","100529207; 54752; 5892"
"cg00060374",0,0,0,-0.0646049728165084,0.0646049728165084,"chr1",1355235,"-","chr1",1419855,"cg00060374","LOC441869;LOC441869","Body;Body","Island","RP4-758J18.7;ANKRD65","TSS1500;3'UTR","hg38_cpg_islands; hg38_genes_introns; hg38_genes_promoters","105378585; 441869"
"cg04804377",0,0,0.0643905431952202,0,0.0643905431952202,"chr2",17699746,"+","chr2",17518479,"cg04804377","RAD51AP2","TSS200","OpenSea","RAD51AP2","TSS200","hg38_cpg_inter; hg38_genes_promoters","729475"
"cg16404106",0,0,0,-0.0643618034773001,0.0643618034773001,"chr11",86085623,"-","chr11",86374581,"cg16404106","CCDC81;CCDC81","TSS200;TSS200","N_Shore","CCDC81;CCDC81","TSS1500;TSS200","hg38_cpg_shores; hg38_genes_promoters","60494"
"cg26576890",-0.064225755820865,0,0,0,0.064225755820865,"chr6",41374939,"-","chr6",41407201,"cg26576890","","","Island","","","hg38_cpg_islands",""
"cg20674635",0,0,0,0.064224260097422,0.064224260097422,"chr20",44640803,"-","chr20",46012164,"cg20674635","MMP9","Body","Island","MMP9","1stExon","hg38_cpg_islands; hg38_genes_exons","4318"
"cg10875695",-0.0641835184968296,0,0,0,0.0641835184968296,"chr13",114966314,"+","chr13",114200839,"cg10875695","","","S_Shore","","","hg38_cpg_shores; hg38_genes_introns","101929355"
"cg26685515",0,0,0,-0.0639108074830414,0.0639108074830414,"chr1",181394054,"+","chr1",181424918,"cg26685515","","","OpenSea","","","hg38_cpg_inter; hg38_genes_introns","777"
"cg24082526",0,0,0.0638942472710691,0,0.0638942472710691,"chr19",49993125,"-","chr19",49489868,"cg24082526","RPL13AP5;SNORD33;SNORD35A;SNORD34;RPL13A;SNORD32A","Body;TSS1500;TSS1500;TSS1500;Body;TSS200","S_Shore","RPL13A;SNORD33;SNORD34;SNORD35A;SNORD32A;RPL13A","5'UTR;TSS1500;TSS1500;TSS1500;TSS200;ExonBnd","hg38_cpg_shores; hg38_genes_1to5kb; hg38_genes_5UTRs; hg38_genes_exons; hg38_genes_promoters","23521; 26816; 26817; 26818; 26819"
"cg14984341",0,0,-0.0638810685149436,0,0.0638810685149436,"chr2",97136729,"-","chr2",96470992,"cg14984341","","","OpenSea","","","hg38_cpg_inter",""
"cg15148078",0,0,-0.0637523184567282,0,0.0637523184567282,"chr19",3480561,"-","chr19",3480563,"cg15148078","C19orf77","TSS200","N_Shore","C19orf77","TSS200","hg38_cpg_shores; hg38_genes_1to5kb; hg38_genes_promoters","284422"
"cg26229990",0,0,0,0.063738884575192,0.063738884575192,"chr14",24801301,"-","chr14",24332095,"cg26229990","ADCY4","Body","N_Shore","ADCY4","5'UTR","hg38_cpg_shores; hg38_genes_1to5kb; hg38_genes_exons; hg38_genes_introns","196883"
"cg25620430",0,0,0.063642574124854,0,0.063642574124854,"chr15",53093405,"-","chr15",52801208,"cg25620430","","","N_Shelf","","","hg38_cpg_shelves; hg38_genes_introns","101928499"
"cg06021784",0,0,0.0632158613794355,0,0.0632158613794355,"chr6",38092211,"-","chr6",38124435,"cg06021784","ZFAND3","Body","OpenSea","","","hg38_cpg_inter; hg38_genes_introns","60685"
"cg19403586",0,0,-0.0630326116520484,0.00459771834375079,0.0630326116520484,"chr8",80938785,"+","chr8",80026550,"cg19403586","MRPS28","Body","N_Shelf","MRPS28","3'UTR","hg38_cpg_shelves; hg38_genes_introns","124188259; 28957"
"cg04573398",0,0,0,-0.0630177908475677,0.0630177908475677,"chr11",86086005,"+","chr11",86374963,"cg04573398","CCDC81;CCDC81;CCDC81;CCDC81","1stExon;5'UTR;1stExon;5'UTR","Island","CCDC81;CCDC81;CCDC81;CCDC81;CCDC81","5'UTR;1stExon;5'UTR;1stExon;5'UTR","hg38_cpg_islands; hg38_genes_5UTRs; hg38_genes_exons","60494"
"cg23686831",0,0,0,-0.0628018358375728,0.0628018358375728,"chr15",93653310,"+","chr15",93110081,"cg23686831","","","S_Shore","","","hg38_cpg_shores",""
"cg18039042",0,0,-0.0626535642156555,0,0.0626535642156555,"chr12",3308349,"-","chr12",3199183,"cg18039042","TSPAN9;TSPAN9","5'UTR;5'UTR","N_Shore","TSPAN9;TSPAN9","5'UTR;5'UTR","hg38_cpg_shores; hg38_genes_1to5kb; hg38_genes_introns; hg38_genes_promoters","10867"
"cg14893161",0,0,0,0.0624748948576453,0.0624748948576453,"chr1",205819251,"-","chr1",205850123,"cg14893161","PM20D1;PM20D1","5'UTR;1stExon","S_Shore","PM20D1;PM20D1;PM20D1","1stExon;TSS200;3'UTR","hg38_cpg_shores; hg38_genes_5UTRs; hg38_genes_exons; hg38_genes_introns","148811; 284581"
"cg00273464",0,0,0,0.0621890766816743,0.0621890766816743,"chr11",2170412,"+","chr11",2149182,"cg00273464","INS-IGF2;INS-IGF2;IGF2;IGF2","Body;Body;1stExon;5'UTR","OpenSea","IGF2;IGF2;IGF2;IGF2;INS-IGF2","TSS1500;1stExon;5'UTR;5'UTR;3'UTR","hg38_cpg_inter; hg38_genes_5UTRs; hg38_genes_exons","3481; 723961"
"cg01308258",0,0,0.0620563167231313,0,0.0620563167231313,"chr2",124783243,"+","chr2",124025666,"cg01308258","CNTNAP5","1stExon","Island","CNTNAP5;AC079154.1;CNTNAP5","1stExon;TSS1500;5'UTR","hg38_cpg_islands; hg38_genes_exons; hg38_genes_promoters","107985820; 129684"
"cg11343894",0,0,0,-0.0617891921986063,0.0617891921986063,"chr1",153599704,"+","chr1",153627228,"cg11343894","S100A13;S100A13;S100A13;S100A13;S100A1;S100A13;S100A13","5'UTR;1stExon;5'UTR;TSS200;TSS1500;5'UTR;5'UTR","OpenSea","S100A13;S100A13;S100A13;S100A13;S100A1;S100A13;S100A13;S100A13;S100A1;S100A1;S100A1","5'UTR;TSS200;1stExon;3'UTR;TSS1500;5'UTR;5'UTR;5'UTR;TSS1500;TSS1500;TSS1500","hg38_cpg_inter; hg38_genes_1to5kb; hg38_genes_5UTRs; hg38_genes_exons; hg38_genes_introns; hg38_genes_promoters","6271; 6284"
"cg23574427",0.0614309601041726,0,0,0,0.0614309601041726,"chr4",122746245,"-","chr4",121825090,"cg23574427","BBS7;CCNA2","3'UTR;TSS1500","S_Shore","CCNA2;BBS7","TSS1500;3'UTR","hg38_cpg_shores; hg38_genes_1to5kb; hg38_genes_3UTRs; hg38_genes_exons","55212; 890"
"cg05815374",-0.0610333744623445,0,0,0,0.0610333744623445,"chr7",158788363,"-","chr7",158995672,"cg05815374","","","N_Shore","","","hg38_cpg_shores",""
"cg07241675",0,0,0,-0.0607584300981924,0.0607584300981924,"chr7",99067143,"+","chr7",99469520,"cg07241675","","","N_Shelf","","","hg38_cpg_shelves; hg38_genes_1to5kb","100526740; 285989; 9551"
"cg19651757",0,0,0.0605726840807884,0,0.0605726840807884,"chr12",10096118,"+","chr12",9943519,"cg19651757","","","OpenSea","AC091814.2","TSS200","hg38_cpg_inter; hg38_genes_promoters","100506159"
"cg06297958",0,0,0,-0.0604968044097815,0.0604968044097815,"chr16",67313019,"+","chr16",67279116,"cg06297958","PLEKHG4;PLEKHG4;PLEKHG4;PLEKHG4;PLEKHG4;PLEKHG4","TSS1500;1stExon;5'UTR;TSS200;5'UTR;TSS1500","Island","PLEKHG4;PLEKHG4;PLEKHG4;PLEKHG4;PLEKHG4;PLEKHG4;PLEKHG4;PLEKHG4","5'UTR;1stExon;5'UTR;1stExon;TSS1500;TSS1500;TSS1500;TSS200","hg38_cpg_islands; hg38_genes_5UTRs; hg38_genes_exons; hg38_genes_introns; hg38_genes_promoters","25894"
"cg08207895",0,0,0,-0.0603991154870077,0.0603991154870077,"chr3",50388901,"+","chr3",50351470,"cg08207895","TUSC4;CYB561D2","TSS1500;Body","S_Shore","CYB561D2;CYB561D2;CYB561D2;NPRL2","1stExon;1stExon;5'UTR;TSS1500","hg38_cpg_shores; hg38_genes_1to5kb; hg38_genes_exons; hg38_genes_promoters","10641; 11068; 127898564"
"cg10074409",0,0,0.0602872457968843,0,0.0602872457968843,"chr1",209979377,"+","chr1",209806032,"cg10074409","IRF6;IRF6","5'UTR;1stExon","Island","IRF6;IRF6;IRF6;IRF6","1stExon;1stExon;5'UTR;5'UTR","hg38_cpg_islands; hg38_genes_1to5kb; hg38_genes_5UTRs; hg38_genes_exons","148304; 3664"
"cg25669249",0,0,0,0.0601602322652429,0.0601602322652429,"chr15",29442169,"-","chr15",29149966,"cg25669249","FAM189A1","Body","OpenSea","","","hg38_cpg_inter; hg38_genes_introns","23359"
"cg12924095",0,0,0,0.0601258482257357,0.0601258482257357,"chr5",151150029,"+","chr5",151770468,"cg12924095","G3BP1;G3BP1","TSS1500;TSS1500","Island","G3BP1;G3BP1;G3BP1;G3BP1;ATOX1","TSS1500;TSS1500;TSS1500;TSS1500;5'UTR","hg38_cpg_islands; hg38_genes_1to5kb; hg38_genes_exons; hg38_genes_introns; hg38_genes_promoters","100652758; 10146; 475"
"cg18993778",-0.0600575323934034,0,0,0,0.0600575323934034,"chr7",139313985,"+","chr7",139629239,"cg18993778","HIPK2;HIPK2","Body;Body","OpenSea","","","hg38_cpg_inter; hg38_genes_introns","28996"
"cg15297799",0,0,0.0598618093908262,0,0.0598618093908262,"chr18",77794239,"+","chr18",80034239,"cg15297799","C18orf22","TSS200","N_Shore","RBFA;RBFA;RP11-795F19.1","TSS200;TSS200;TSS200","hg38_cpg_islands; hg38_genes_1to5kb; hg38_genes_promoters","100506070; 10907; 79863"
"cg03999872",0,-0.0595978537921999,0,0,0.0595978537921999,"chr20",62272968,"-","chr20",63641615,"cg03999872","STMN3","Body","Island","","","hg38_cpg_islands; hg38_genes_introns","50861"
"cg12499235",0,-0.0595644982074528,0,0,0.0595644982074528,"chr11",2293173,"-","chr11",2271943,"cg12499235","ASCL2","TSS1500","S_Shore","ASCL2","TSS1500","hg38_cpg_shores; hg38_genes_1to5kb","430"
"cg08468913",0,0,0,0.0591830230057373,0.0591830230057373,"chr3",122632352,"+","chr3",122913505,"cg08468913","SEMA5B","Body","Island","","","hg38_cpg_islands; hg38_genes_1to5kb; hg38_genes_introns","54437"
"cg26779305",0.0591626050000654,0,-0.0356046493993861,0,0.0591626050000654,"chr17",11985228,"+","chr17",12081911,"cg26779305","MAP2K4;MIR744","Body;Body","OpenSea","MIR744","5'UTR","hg38_cpg_inter; hg38_genes_exons; hg38_genes_introns","100126313; 6416"
"cg13694179",0.0590734913733514,0,0,0,0.0590734913733514,"chr9",90896143,"-","chr9",88281228,"cg13694179","","","OpenSea","","","hg38_cpg_inter",""
"cg01421309",0,0,0,0.0589772458306867,0.0589772458306867,"chr13",114084041,"-","chr13",113429726,"cg01421309","ADPRHL1;ADPRHL1","Body;Body","N_Shore","","","hg38_cpg_shores; hg38_genes_introns","113622"
"cg11965913",0,0,0,0.0587168458626611,0.0587168458626611,"chr1",205819406,"-","chr1",205850278,"cg11965913","PM20D1","TSS200","S_Shore","PM20D1;PM20D1","TSS200;TSS200","hg38_cpg_shores; hg38_genes_introns; hg38_genes_promoters","148811; 284581"
"cg08582701",0,0,0.0585622383368078,0,0.0585622383368078,"chr16",6070005,"+","chr16",6020004,"cg08582701","A2BP1;A2BP1","5'UTR;5'UTR","Island","RP11-420N3.2;RBFOX1","5'UTR;5'UTR","hg38_cpg_islands; hg38_genes_introns","54715"
"cg27641136",0,0,0.0585598316806892,0,0.0585598316806892,"chr6",146920035,"-","chr6",146598899,"cg27641136","C6orf103","TSS200","Island","RP11-715G15.1;ADGB;ADGB;RP11-715G15.1","3'UTR;TSS200;TSS200;1stExon","hg38_cpg_islands; hg38_genes_exons; hg38_genes_promoters","101928661; 79747"
"cg02079413",0.0585544694516984,0,0,0,0.0585544694516984,"chr11",2986505,"-","chr11",2965275,"cg02079413","SNORA54;NAP1L4","TSS1500;Body","OpenSea","SNORA54","TSS1500","hg38_cpg_inter; hg38_genes_1to5kb; hg38_genes_introns; hg38_genes_promoters","4676; 677833"
"cg20647118",0,0,0,-0.0585476366359539,0.0585476366359539,"chr13",92051786,"-","chr13",91399532,"cg20647118","GPC5","Body","S_Shore","","","hg38_cpg_shores; hg38_genes_introns","2262"
"cg21751684",0,0,-0.058389639942413,0,0.058389639942413,"chr15",89920887,"-","chr15",89377656,"cg21751684","LOC254559","TSS1500","Island","CTD-2335A18.1;CTD-2335A18.1;CTD-2335A18.1;CTD-2335A18.1;CTD-2335A18.1;CTD-2335A18.1;CTD-2335A18.1;CTD-2335A18.1;CTD-2335A18.1;CTD-2335A18.1","TSS1500;TSS1500;TSS1500;TSS1500;TSS1500;TSS1500;5'UTR;5'UTR;5'UTR;5'UTR","hg38_cpg_islands; hg38_genes_1to5kb; hg38_genes_introns; hg38_genes_promoters","254559"
"cg16744973",0,0,0,0.0583616650804057,0.0583616650804057,"chr20",738228,"-","chr20",757584,"cg16744973","","","N_Shelf","","","hg38_cpg_shelves",""
"cg19403377",0,0,0,-0.0582812426045604,0.0582812426045604,"chr17",53800225,"-","chr17",55722864,"cg19403377","TMEM100;TMEM100","TSS200;5'UTR","OpenSea","TMEM100;TMEM100;TMEM100","TSS200;3'UTR;5'UTR","hg38_cpg_inter; hg38_genes_1to5kb; hg38_genes_5UTRs; hg38_genes_exons; hg38_genes_introns","55273"
"cg26306476",0.0551451751195998,0,-0.058102682911173,0,0.058102682911173,"chr19",5783127,"-","chr19",5783116,"cg26306476","PRR22;PRR22","Body;1stExon","N_Shelf","PRR22","1stExon","hg38_cpg_shelves; hg38_genes_3UTRs; hg38_genes_exons","163154"
"cg13563193",0,0,0,-0.0579884629118409,0.0579884629118409,"chr19",33072644,"-","chr19",32581738,"cg13563193","PDCD5","Body","Island","","","hg38_cpg_islands; hg38_genes_1to5kb; hg38_genes_introns","9141"
"cg12863693",0,0,0,0.0573049012211728,0.0573049012211728,"chr15",85201151,"-","chr15",84657920,"cg12863693","NMB;NMB","Body;Body","N_Shore","","","hg38_cpg_shores; hg38_genes_1to5kb; hg38_genes_introns","4828; 84942"
"cg19907305",0,0,0,0.0571915701512143,0.0571915701512143,"chr19",18902117,"-","chr19",18791308,"cg19907305","COMP","TSS200","Island","COMP;COMP;COMP","1stExon;5'UTR;TSS200","hg38_cpg_islands; hg38_genes_1to5kb; hg38_genes_promoters","1311"
"cg03752138",0,0,0,-0.0571450538710383,0.0571450538710383,"chr17",76357232,"+","chr17",78361151,"cg03752138","SOCS3","TSS1500","S_Shore","SOCS3","TSS1500","hg38_cpg_shores; hg38_enhancers_fantom; hg38_genes_1to5kb; hg38_genes_exons; hg38_genes_introns","101928674; 9021"
"cg27188243",0,0,-0.0569402316463585,0,0.0569402316463585,"chr11",12851817,"-","chr11",12830270,"cg27188243","TEAD1","Body","OpenSea","","","hg38_cpg_inter; hg38_genes_introns","7003"
"cg04022194",0,0,0,-0.056896173927738,0.056896173927738,"chr4",8317995,"-","chr4",8316268,"cg04022194","","","OpenSea","","","hg38_cpg_inter; hg38_genes_1to5kb","105374374"
"cg03310691",0,0,0.0566812421285796,0,0.0566812421285796,"chr10",34505321,"-","chr10",34216393,"cg03310691","PARD3","Body","OpenSea","","","hg38_cpg_inter; hg38_genes_introns","56288"
"cg07869907",0,0,0,0.056678153789436,0.056678153789436,"chr20",44839187,"-","chr20",46210548,"cg07869907","CDH22","Body","Island","CDH22;CDH22","ExonBnd;3'UTR","hg38_cpg_islands; hg38_genes_exons","64405"
"cg07010633",-0.0564237189906488,0,0,0,0.0564237189906488,"chr17",73824396,"-","chr17",75828315,"cg07010633","UNC13D","Body","OpenSea","","","hg38_cpg_inter; hg38_genes_introns","201294"
"cg08477332",-0.0564054601887936,0,0,0,0.0564054601887936,"chr1",153590243,"-","chr1",153617767,"cg08477332","S100A14","TSS1500","OpenSea","S100A14;S100A14;S100A14","TSS1500;TSS1500;TSS1500","hg38_cpg_inter; hg38_genes_1to5kb; hg38_genes_promoters","140576; 57402"
"cg11618577",0,0.0563836708307592,0,0,0.0563836708307592,"chr2",27665543,"-","chr2",27442676,"cg11618577","KRTCAP3;KRTCAP3","Body;Body","Island","KRTCAP3","1stExon","hg38_cpg_islands; hg38_genes_exons; hg38_genes_introns; hg38_genes_promoters","200634"
"cg25125298",0.0558506782096858,0,0,0,0.0558506782096858,"chr5",71853215,"+","chr5",72557388,"cg25125298","","","OpenSea","","","hg38_cpg_inter",""
"cg13013644",0,0,-0.0558190446050815,0,0.0558190446050815,"chr5",502571,"-","chr5",502456,"cg13013644","SLC9A3","Body","S_Shore","","","hg38_cpg_shores; hg38_genes_introns","6550"
"cg23841819",0,0,-0.055796773528877,0,0.055796773528877,"chr1",204970383,"+","chr1",205001255,"cg23841819","NFASC;NFASC;NFASC;NFASC","Body;Body;Body;Body","OpenSea","NFASC","5'UTR","hg38_cpg_inter; hg38_genes_exons; hg38_genes_introns","23114"
"cg18190219",-0.0555603467500493,0,0,0,0.0555603467500493,"chr22",46762943,"-","chr22",46367046,"cg18190219","CELSR1","Body","Island","","","hg38_cpg_islands; hg38_genes_exons; hg38_genes_promoters","9620"
"cg00055292",0,0,0,-0.0555344407686656,0.0555344407686656,"chr7",4846846,"-","chr7",4807215,"cg00055292","RADIL","Body","N_Shore","RADIL","3'UTR","hg38_cpg_shores; hg38_genes_1to5kb; hg38_genes_introns","55698"
"cg22502459",0,0,0.0553607014048342,0,0.0553607014048342,"chr8",141108998,"+","chr8",140098899,"cg22502459","TRAPPC9;TRAPPC9","Body;Body","Island","","","hg38_cpg_islands; hg38_enhancers_fantom; hg38_genes_1to5kb; hg38_genes_exons; hg38_genes_introns","359809; 83696"
"cg01548742",0,0,0.0552671358970864,0,0.0552671358970864,"chr16",3311857,"+","chr16",3261857,"cg01548742","","","N_Shelf","","","hg38_cpg_shelves; hg38_genes_1to5kb","10127; 283876"
"cg00295744",0,0,-0.0550446636528481,0,0.0550446636528481,"chr1",151689985,"+","chr1",151717509,"cg00295744","TNRC4","TSS1500","OpenSea","CELF3;CELF3;AL589765.1","TSS1500;TSS1500;3'UTR","hg38_cpg_inter; hg38_genes_1to5kb; hg38_genes_introns; hg38_genes_promoters","11189; 284485"
"cg04586502",-0.054862166157491,0,0,0,0.054862166157491,"chr6",33264356,"+","chr6",33296579,"cg04586502","RGL2;RGL2","Body;Body","N_Shore","RGL2;RGL2","ExonBnd;3'UTR","hg38_cpg_shores; hg38_genes_1to5kb; hg38_genes_introns; hg38_genes_promoters","10471; 5863"
"cg07679219",0,0,0,0.0548415300671967,0.0548415300671967,"chr12",77417738,"+","chr12",77023958,"cg07679219","E2F7","3'UTR","OpenSea","E2F7;E2F7","3'UTR;3'UTR","hg38_cpg_inter; hg38_genes_3UTRs; hg38_genes_exons","144455"
"cg04286823",0,0,0,-0.0546398539523289,0.0546398539523289,"chr2",109747003,"-","chr2",109130547,"cg04286823","LOC100287216;SH3RF3","TSS1500;Body","S_Shore","","","hg38_cpg_shores; hg38_genes_1to5kb; hg38_genes_introns","100287216; 344558"
"cg04300684",0,0,0,0.0545442637564535,0.0545442637564535,"chr4",1523326,"+","chr4",1521599,"cg04300684","","","S_Shore","","","hg38_cpg_shores",""
"cg14371312",0,0,-0.0540990700161772,0,0.0540990700161772,"chr9",115874001,"+","chr9",113111721,"cg14371312","C9orf110;C9orf109","TSS200;TSS1500","N_Shore","LINC00256A;LINC00256B","TSS1500;TSS1500","hg38_cpg_shores; hg38_genes_1to5kb; hg38_genes_promoters","100128385; 286333"
"cg08381504",0,0,0,0.0539903684808969,0.0539903684808969,"chr3",46792357,"-","chr3",46750867,"cg08381504","","","Island","PRSS50","5'UTR","hg38_cpg_islands; hg38_genes_exons; hg38_genes_introns","29122; 377047; 729756"
"cg13416381",0,0.0539261953562776,0,0,0.0539261953562776,"chr17",46090231,"+","chr17",48012865,"cg13416381","","","S_Shore","","","hg38_cpg_shores",""
"cg27211696",0,0,0,0.0538376350424065,0.0538376350424065,"chr2",191398769,"+","chr2",190534043,"cg27211696","TMEM194B","Body","N_Shore","AC093388.3;TMEM194B;TMEM194B","TSS1500;1stExon;3'UTR","hg38_cpg_shores; hg38_genes_5UTRs; hg38_genes_exons; hg38_genes_introns; hg38_genes_promoters","100131211; 105376748"
"cg02516288",0,0,-0.0537257726906096,0,0.0537257726906096,"chr1",155177783,"+","chr1",155207992,"cg02516288","MTX1;THBS3;MTX1","TSS1500;TSS200;TSS1500","N_Shore","MTX1;MTX1;MTX1;THBS3;THBS3;THBS3;THBS3","TSS1500;TSS1500;TSS1500;TSS200;TSS200;TSS200;TSS200","hg38_cpg_shores; hg38_genes_1to5kb; hg38_genes_introns; hg38_genes_promoters","4580; 7059"
"cg03310027",-0.0536186543655663,0,0,0,0.0536186543655663,"chr15",43941072,"+","chr15",43648874,"cg03310027","CATSPER2;CATSPER2;CATSPER2","TSS200;TSS200;TSS200","Island","CATSPER2;CATSPER2;CATSPER2;CATSPER2;CATSPER2;PPIP5K1;CKMT1A;STRC","TSS1500;TSS200;TSS200;TSS200;3'UTR;5'UTR;5'UTR;5'UTR","hg38_cpg_islands; hg38_genes_exons; hg38_genes_introns; hg38_genes_promoters","110006325; 117155"
"cg05441107",0,0,0,-0.0536091266460998,0.0536091266460998,"chr10",134972886,"+","chr10",133159382,"cg05441107","KNDC1","TSS1500","N_Shore","KNDC1;KNDC1","TSS1500;TSS1500","hg38_cpg_shores; hg38_genes_1to5kb; hg38_genes_promoters","85442"
"cg00335715",0,0,0,-0.0536042900394126,0.0536042900394126,"chr5",90575459,"+","chr5",91279642,"cg00335715","","","N_Shore","","","hg38_cpg_shores; hg38_genes_introns; hg38_genes_promoters","100505994; 107986432"
"cg16874583",0,0,-0.0535640696416912,0.0322815356530949,0.0535640696416912,"chr12",7781004,"-","chr12",7628408,"cg16874583","","","Island","","","hg38_cpg_islands",""
"cg07513657",0,0,-0.0533624152566159,0.0127235322307967,0.0533624152566159,"chr16",86353539,"+","chr16",86319933,"cg07513657","","","OpenSea","","","hg38_cpg_inter",""
"cg01757168",0,0,0.0531617611039501,0,0.0531617611039501,"chr3",128215565,"-","chr3",128496722,"cg01757168","","","Island","RP11-475N22.4","5'UTR","hg38_cpg_islands; hg38_genes_1to5kb; hg38_genes_exons; hg38_genes_introns","101927167; 2624"
"cg10877241",0,0,0,-0.0531279852234455,0.0531279852234455,"chr13",52131904,"-","chr13",51557768,"cg10877241","","","OpenSea","","","hg38_cpg_inter",""
"cg22172057",0.0530979214775637,0,0,0,0.0530979214775637,"chr10",1405937,"+","chr10",1363742,"cg22172057","ADARB2","Body","Island","","","hg38_cpg_islands; hg38_genes_1to5kb; hg38_genes_exons","105"
"cg10601181",0,0,-0.0528909371057767,0,0.0528909371057767,"chr15",75095006,"+","chr15",74802665,"cg10601181","CSK;CSK","3'UTR;3'UTR","N_Shore","CSK;CSK;CSK;CSK","3'UTR;3'UTR;3'UTR;3'UTR","hg38_cpg_shores; hg38_genes_3UTRs; hg38_genes_exons","1445"
"cg20435535",0,0,0,0.0526726010428847,0.0526726010428847,"chr6",31651151,"-","chr6",31683374,"cg20435535","","","Island","LY6G5C","TSS200","hg38_cpg_islands; hg38_genes_1to5kb; hg38_genes_introns","80741"
"cg02248763",0,0,0.052636630310405,0,0.052636630310405,"chr11",1580098,"+","chr11",1558868,"cg02248763","DUSP8;HCCA2","Body;Body","S_Shore","DUSP8;DUSP8","3'UTR;ExonBnd","hg38_cpg_shores; hg38_genes_introns","1850"
"cg15035382",0,0,0,0.0524810839312036,0.0524810839312036,"chr19",40728255,"-","chr19",40222348,"cg15035382","CNTD2","3'UTR","Island","CNTD2","3'UTR","hg38_cpg_shores; hg38_genes_1to5kb; hg38_genes_3UTRs; hg38_genes_exons","148014; 79935"
"cg04896168",0,0,-0.0523937303093119,0,0.0523937303093119,"chr1",86968543,"-","chr1",86502860,"cg04896168","","","OpenSea","","","hg38_cpg_inter; hg38_enhancers_fantom",""
"cg02947450",-0.0523776262670287,0,0,0,0.0523776262670287,"chr10",22766861,"-","chr10",22477932,"cg02947450","","","Island","","","hg38_cpg_islands; hg38_genes_1to5kb; hg38_genes_exons; hg38_genes_introns","124902392"
"cg23461216",0,0,-0.0523259351975131,0,0.0523259351975131,"chr19",18896632,"-","chr19",18785822,"cg23461216","COMP","Body","Island","","","hg38_cpg_islands; hg38_genes_exons","1311"
"cg20897136",0,0,0.0519396691717128,0,0.0519396691717128,"chr10",74034667,"-","chr10",72274909,"cg20897136","DDIT4","Body","Island","DDIT4","TSS200","hg38_cpg_islands; hg38_genes_1to5kb; hg38_genes_exons","54541"
"cg17558623",0,0,0.0518088708453196,0,0.0518088708453196,"chr12",4397947,"+","chr12",4288781,"cg17558623","CCND2","Body","OpenSea","","","hg38_cpg_inter; hg38_genes_introns","57103; 894"
"cg09359103",0,-0.0185111991964725,0,0.0514809043577254,0.0514809043577254,"chr1",154839909,"+","chr1",154867433,"cg09359103","KCNN3","Body","OpenSea","KCNN3","5'UTR","hg38_cpg_inter; hg38_genes_introns","3782"
"cg13205528",0,0,0.0513530444732671,0,0.0513530444732671,"chr1",2705849,"-","chr1",2789284,"cg13205528","","","N_Shore","","","hg38_cpg_shores; hg38_genes_introns","100287898"
"cg03394401",0,0.0513359209560777,0,0,0.0513359209560777,"chr6",170599826,"+","chr6",170290738,"cg03394401","DLL1","TSS200","Island","DLL1;FAM120B;FAM120B","TSS1500;5'UTR;1stExon","hg38_cpg_islands; hg38_genes_1to5kb; hg38_genes_5UTRs; hg38_genes_exons; hg38_genes_introns","28514; 84498"
"cg22372668",0,0,0.0513250281971489,0,0.0513250281971489,"chr1",167525175,"-","chr1",167555938,"cg22372668","","","S_Shelf","","","hg38_cpg_shelves; hg38_genes_1to5kb","107985224; 8804"
"cg00290607",0,0,-0.0512995630497572,0,0.0512995630497572,"chr11",67383545,"-","chr11",67616074,"cg00290607","","","Island","","","hg38_cpg_islands; hg38_genes_1to5kb; hg38_genes_exons; hg38_genes_promoters","390213"
"cg07185983",0,0,0,0.0511080995310777,0.0511080995310777,"chr6",139012860,"-","chr6",138691723,"cg07185983","","","N_Shore","RP11-390P2.4","TSS1500","hg38_cpg_shores; hg38_genes_1to5kb; hg38_genes_introns; hg38_genes_promoters","124900217; 57224"
"cg21453758",-0.0509590841936277,0,0,0,0.0509590841936277,"chr17",80185943,"-","chr17",82228067,"cg21453758","SLC16A3;SLC16A3","TSS1500;TSS1500","N_Shore","SLC16A3","TSS1500","hg38_cpg_shores; hg38_genes_1to5kb; hg38_genes_introns; hg38_genes_promoters","9123"
"cg06783423",0.0507018086113418,0,0,0,0.0507018086113418,"chr3",42538831,"+","chr3",42497339,"cg06783423","","","N_Shelf","VIPR1","5'UTR","hg38_cpg_shelves; hg38_genes_1to5kb; hg38_genes_introns","7433"
"cg26960333",0,0,0,-0.0505947492404896,0.0505947492404896,"chr13",92051705,"+","chr13",91399451,"cg26960333","GPC5","Body","Island","","","hg38_cpg_islands; hg38_genes_introns","2262"
"cg16225804",0,0,-0.05051887420568,0,0.05051887420568,"chr15",29210759,"+","chr15",28918556,"cg16225804","","","OpenSea","APBA2;APBA2;APBA2","5'UTR;5'UTR;5'UTR","hg38_cpg_inter; hg38_genes_1to5kb; hg38_genes_introns; hg38_genes_promoters","321"
"cg01458105",0,0,-0.0504357330754579,0,0.0504357330754579,"chr10",134045514,"-","chr10",132232010,"cg01458105","STK32C","Body","S_Shelf","STK32C;STK32C","3'UTR;5'UTR","hg38_cpg_shelves; hg38_genes_introns","282974"
"cg17240725",0,0,0,-0.0503768508610752,0.0503768508610752,"chr7",73149356,"+","chr7",73735026,"cg17240725","WBSCR26","TSS200","N_Shelf","ABHD11-AS1;ABHD11-AS2","TSS200;TSS1500","hg38_cpg_shelves; hg38_genes_1to5kb; hg38_genes_exons; hg38_genes_promoters","171022"
"cg24027100",0,0,0.0502392865583886,0,0.0502392865583886,"chr19",36822549,"+","chr19",36331647,"cg24027100","","","Island","AC092296.1;AC092296.1","1stExon;3'UTR","hg38_cpg_islands; hg38_genes_1to5kb; hg38_genes_exons; hg38_genes_introns; hg38_genes_promoters","100506930"
"cg22352273",0,0,0,-0.050149499798157,0.050149499798157,"chr2",238969464,"+","chr2",238060823,"cg22352273","SCLY","TSS200","Island","SCLY;SCLY;SCLY;SCLY;SCLY;RP11-526L8.1","TSS1500;TSS1500;TSS1500;TSS200;TSS200;3'UTR","hg38_cpg_islands; hg38_genes_1to5kb; hg38_genes_introns; hg38_genes_promoters","100533179; 51540"
"cg03290530",0,0,0.0499898997691878,0,0.0499898997691878,"chr3",137361526,"+","chr3",137642684,"cg03290530","","","OpenSea","","","hg38_cpg_inter",""
"cg13092405",0,0,0,-0.0497360696360315,0.0497360696360315,"chr1",228075423,"-","chr1",227887722,"cg13092405","","","Island","","","hg38_cpg_islands",""
"cg03637976",-0.0495152692597568,0,0,0,0.0495152692597568,"chr6",33268071,"+","chr6",33300294,"cg03637976","TAPBP;TAPBP;RGL2;RGL2","3'UTR;3'UTR;TSS1500;TSS1500","S_Shore","RGL2;RGL2;RGL2;RGL2;TAPBP","TSS1500;TSS1500;TSS1500;TSS1500;3'UTR","hg38_cpg_shores; hg38_genes_1to5kb; hg38_genes_3UTRs; hg38_genes_exons","5863; 6892"
"cg09982942",0.04936562083021,0,0,0,0.04936562083021,"chr2",112898400,"+","chr2",112140823,"cg09982942","FBLN7;FBLN7","Body;Body","S_Shore","","","hg38_cpg_shores; hg38_genes_introns","129804"
"cg23415203",0,0,0,0.0492168575751714,0.0492168575751714,"chr17",7975930,"+","chr17",8072612,"cg23415203","","","OpenSea","","","hg38_cpg_inter",""
"cg05528516",-0.0490560469578314,0,0,0,0.0490560469578314,"chr1",1070040,"-","chr1",1134660,"cg05528516","","","N_Shelf","","","hg38_cpg_shelves; hg38_genes_1to5kb","254099"
"cg12709009",0,-0.0489816083163745,0,0,0.0489816083163745,"chr6",170557582,"-","chr6",170248494,"cg12709009","","","OpenSea","","","hg38_cpg_inter; hg38_genes_introns","154449"
"cg13667243",0,0,0.0489228142947464,0,0.0489228142947464,"chr5",157001561,"+","chr5",157574553,"cg13667243","ADAM19","Body","Island","ADAM19","5'UTR","hg38_cpg_islands; hg38_enhancers_fantom; hg38_genes_1to5kb; hg38_genes_introns","8728"
"cg02210151",0,0.0488337511413653,0,0,0.0488337511413653,"chr10",123356041,"-","chr10",121596527,"cg02210151","FGFR2;FGFR2;FGFR2;FGFR2;FGFR2;FGFR2;FGFR2","5'UTR;5'UTR;5'UTR;5'UTR;5'UTR;1stExon;5'UTR","N_Shore","FGFR2;FGFR2;FGFR2;FGFR2;FGFR2;FGFR2;FGFR2;FGFR2","1stExon;5'UTR;5'UTR;5'UTR;5'UTR;5'UTR;5'UTR;5'UTR","hg38_cpg_shores; hg38_genes_1to5kb; hg38_genes_5UTRs; hg38_genes_exons; hg38_genes_introns; hg38_genes_promoters","2263"
"cg24729378",0.0487989490480147,0,0,0,0.0487989490480147,"chr1",43609431,"+","chr1",43143760,"cg24729378","","","OpenSea","FAM183A;FAM183A","TSS1500;TSS1500","hg38_cpg_shelves; hg38_genes_1to5kb","440585"
"cg07181209",0,0,-0.00528223077272731,0.0487568188817453,0.0487568188817453,"chr5",153585979,"+","chr5",154206419,"cg07181209","GALNT10","Body","OpenSea","MFAP3","5'UTR","hg38_cpg_inter; hg38_genes_introns","107986465; 55568"
"cg17339147",0,0,0.0484126086009969,0,0.0484126086009969,"chr7",116963500,"+","chr7",117323446,"cg17339147","WNT2;WNT2","TSS200;TSS200","Island","WNT2","TSS200","hg38_cpg_islands; hg38_genes_introns; hg38_genes_promoters","1080; 7472"
"cg06751007",0,0,0,0.0482971123243768,0.0482971123243768,"chr17",78233937,"-","chr17",80260138,"cg06751007","RNF213;RNF213","TSS1500;TSS1500","Island","RNF213;RNF213;RNF213","TSS1500;TSS1500;TSS1500","hg38_cpg_shores; hg38_genes_promoters","57674"
"cg18668511",0,-0.0481860672011262,0,0.00548829456351795,0.0481860672011262,"chr5",140557227,"-","chr5",141177646,"cg18668511","PCDHB8","TSS1500","N_Shore","PCDHB8","TSS200","hg38_cpg_shores; hg38_genes_1to5kb; hg38_genes_introns; hg38_genes_promoters","56128; 57717"
"cg14364129",0,0,0,-0.04811346946714,0.04811346946714,"chr9",111883717,"+","chr9",109121437,"cg14364129","C9orf5","TSS1500","S_Shore","TMEM245","TSS1500","hg38_cpg_shores; hg38_genes_1to5kb","23731"
"cg17524265",0,0,0,-0.0481040483917701,0.0481040483917701,"chr8",144659883,"-","chr8",143577713,"cg17524265","NAPRT1","Body","Island","","","hg38_cpg_islands; hg38_genes_1to5kb; hg38_genes_exons; hg38_genes_promoters","642475; 93100"
"cg25710298",0,0,0.0480430875569434,0,0.0480430875569434,"chr2",286830,"+","chr2",286830,"cg25710298","FAM150B","Body","N_Shore","FAM150B;FAM150B;FAM150B;AC079779.4","5'UTR;5'UTR;5'UTR;5'UTR","hg38_cpg_shores; hg38_genes_introns","101927262; 285016"
"cg08886020",0,0,-0.0480282785213906,0,0.0480282785213906,"chr16",1080388,"+","chr16",1030388,"cg08886020","","","Island","","","hg38_cpg_islands",""
"cg26843498",0,0,0,-0.0477248481844368,0.0477248481844368,"chr19",2361574,"-","chr19",2361576,"cg26843498","","","S_Shore","","","hg38_cpg_shores; hg38_genes_introns","360200"
"cg15828235",0,0,-0.047475700838214,0,0.047475700838214,"chr19",7699591,"+","chr19",7634705,"cg15828235","PCP2","TSS1500","N_Shelf","PCP2","TSS1500","hg38_cpg_shelves; hg38_genes_1to5kb; hg38_genes_introns; hg38_genes_promoters","126006; 6813"
"cg20181420",-0.0473417402311547,0,0,0,0.0473417402311547,"chr10",60028918,"+","chr10",58269158,"cg20181420","CISD1;IPMK;CISD1","1stExon;TSS1500;5'UTR","Island","IPMK;CISD1;CISD1","TSS1500;5'UTR;1stExon","hg38_cpg_islands; hg38_genes_1to5kb; hg38_genes_promoters","253430; 55847"
"cg11256152",0.0472314532193978,0,0,0,0.0472314532193978,"chr8",141359786,"+","chr8",140349687,"cg11256152","TRAPPC9;TRAPPC9","Body;Body","S_Shore","","","hg38_cpg_shores; hg38_genes_introns","83696"
"cg05029148",0,0,0,-0.0469833478416668,0.0469833478416668,"chr8",1321883,"-","chr8",1373717,"cg05029148","","","S_Shore","","","hg38_cpg_shores; hg38_genes_1to5kb; hg38_genes_exons; hg38_genes_introns","9228"
"cg17618327",0,0,0,-0.0469536329503399,0.0469536329503399,"chr7",2143942,"+","chr7",2104307,"cg17618327","MAD1L1;MAD1L1;MAD1L1","Body;Body;Body","OpenSea","","","hg38_cpg_inter; hg38_enhancers_fantom; hg38_genes_introns","8379"
"cg12918457",0,0,0.0468765390689483,0,0.0468765390689483,"chr11",115630748,"-","chr11",115760030,"cg12918457","","","Island","CTC-774J1.2;CTC-774J1.2;CTC-774J1.2;CTC-774J1.2;CTC-774J1.2;CTC-774J1.2;CTC-774J1.2;CTC-774J1.2;CTC-774J1.2;AP000797.3","3'UTR;3'UTR;3'UTR;3'UTR;3'UTR;1stExon;1stExon;1stExon;1stExon;5'UTR","hg38_cpg_islands; hg38_genes_1to5kb; hg38_genes_exons; hg38_genes_introns","105369512; 283143"
"cg09211763",0,0,0.0467906663999867,0,0.0467906663999867,"chr2",190044504,"-","chr2",189179778,"cg09211763","COL5A2;COL5A2","1stExon;5'UTR","OpenSea","COL5A2;COL5A2","1stExon;5'UTR","hg38_cpg_inter; hg38_genes_5UTRs; hg38_genes_exons; hg38_genes_introns; hg38_genes_promoters","1290"
"cg06634552",-0.0465713035086219,0,0,0,0.0465713035086219,"chr6",13873667,"+","chr6",13873436,"cg06634552","","","N_Shore","","","hg38_cpg_shores",""
"cg23359385",0.0465141256631933,0,0,0,0.0465141256631933,"chr8",145759815,"-","chr8",144534431,"cg23359385","KIAA1688","Body","S_Shore","","","hg38_cpg_shores; hg38_genes_introns","80728"
"cg01301885",0,0,-0.046420127930567,0,0.046420127930567,"chr10",128258570,"-","chr10",126570001,"cg01301885","","","OpenSea","C10orf90","3'UTR","hg38_cpg_inter; hg38_enhancers_fantom; hg38_genes_introns","118611"
"cg04474049",0.0457086568428061,0,0,0,0.0457086568428061,"chr7",116164533,"-","chr7",116524479,"cg04474049","CAV1","TSS1500","N_Shore","CAV1;CAV1;CAV1","TSS1500;TSS1500;TSS1500","hg38_cpg_shores; hg38_genes_1to5kb; hg38_genes_promoters","857"
"cg23216724",0,0,0,0.0456554228282229,0.0456554228282229,"chr6",167571584,"+","chr6",167158096,"cg23216724","GPR31","TSS1500","OpenSea","GPR31;GPR31","1stExon;5'UTR","hg38_cpg_inter; hg38_genes_introns; hg38_genes_promoters","2853; 401285"
"cg06549928",0,0,0,-0.045612612667299,0.045612612667299,"chr1",89990868,"-","chr1",89525309,"cg06549928","LRRC8B","5'UTR","Island","LRRC8B","5'UTR","hg38_cpg_islands; hg38_genes_exons; hg38_genes_introns","105378844; 23507"
"cg24377604",0,0,0.0453484692741445,0,0.0453484692741445,"chr4",57181042,"-","chr4",56314876,"cg24377604","KIAA1211","Body","Island","","","hg38_cpg_islands; hg38_genes_1to5kb; hg38_genes_exons","57482"
"cg05620261",0,0,0,-0.0452859083040383,0.0452859083040383,"chr19",34991070,"+","chr19",34500165,"cg05620261","WTIP","Body","S_Shelf","","","hg38_cpg_shelves; hg38_genes_exons","126374"
"cg04088932",0,0,0,-0.0452624060088685,0.0452624060088685,"chr2",235953856,"+","chr2",235045212,"cg04088932","SH3BP4","Body","S_Shelf","","","hg38_cpg_shelves; hg38_genes_introns","23677"
"cg00556515",0.0451385222553138,0,0,0,0.0451385222553138,"chr12",6442607,"+","chr12",6333441,"cg00556515","TNFRSF1A","Body","S_Shelf","TNFRSF1A","3'UTR","hg38_cpg_shelves; hg38_genes_1to5kb; hg38_genes_3UTRs; hg38_genes_exons","7132"
"cg17171407",0,0,-0.0450412866279457,0,0.0450412866279457,"chr8",119960777,"-","chr8",118948538,"cg17171407","TNFRSF11B","Body","N_Shelf","","","hg38_cpg_shelves; hg38_enhancers_fantom; hg38_genes_introns","4982"
"cg00101154",0,0,0.0448753340624756,0,0.0448753340624756,"chr16",420108,"-","chr16",370108,"cg00101154","MRPL28","Body","Island","MRPL28;MRPL28","1stExon;TSS1500","hg38_cpg_islands; hg38_genes_exons","10573"
"cg21917740",0,0,0,-0.044846960044678,0.044846960044678,"chr2",8597923,"+","chr2",8457793,"cg21917740","","","S_Shore","","","hg38_cpg_shores; hg38_genes_1to5kb; hg38_genes_introns",""
"cg21169914",0,0,0.0448319918270884,0,0.0448319918270884,"chr4",165304488,"-","chr4",164383336,"cg21169914","MARCH1","TSS200","Island","MARCH1;MARCH1;MARCH1;MARCH1;MARCH1","1stExon;1stExon;5'UTR;5'UTR;3'UTR","hg38_cpg_islands; hg38_genes_5UTRs; hg38_genes_exons; hg38_genes_introns","55016"
"cg01564165",0.0446534153401249,0,0,0,0.0446534153401249,"chr13",114109526,"+","chr13",113455211,"cg01564165","","","OpenSea","DCUN1D2-AS1","TSS1500","hg38_cpg_inter; hg38_genes_1to5kb","113622"
"cg01829817",0,0.0445721001897757,0,0,0.0445721001897757,"chr16",86774519,"-","chr16",86740913,"cg01829817","","","OpenSea","","","hg38_cpg_inter; hg38_genes_exons","102724344"
"cg07079724",0,0,0,0.0445699271156775,0.0445699271156775,"chr4",780591,"+","chr4",786803,"cg07079724","CPLX1","Body","Island","","","hg38_cpg_islands; hg38_genes_1to5kb; hg38_genes_introns","100129917; 105374339; 10815; 124900163"
"cg27279301",0.0445630259552906,0,0,0,0.0445630259552906,"chr14",105945287,"+","chr14",105478950,"cg27279301","CRIP2","Body","Island","CRIP2","5'UTR","hg38_cpg_islands; hg38_genes_introns","1397"
"cg14740952",0.0444372389812286,0,0,-0.0384839729769297,0.0444372389812286,"chr19",489669,"+","chr19",489669,"cg14740952","","","Island","","","hg38_cpg_islands; hg38_genes_5UTRs; hg38_genes_exons","8174"
"cg25597117",0,0,0.04425242897804,0,0.04425242897804,"chr1",161349116,"-","chr1",161379326,"cg25597117","","","OpenSea","","","hg38_cpg_inter; hg38_enhancers_fantom; hg38_genes_exons",""
"cg17508434",0,0,0,0.0442031287194194,0.0442031287194194,"chr7",97831974,"-","chr7",98202662,"cg17508434","LMTK2","Body","N_Shelf","","","hg38_cpg_shelves; hg38_genes_introns","22853"
"cg11062466",0,0,0.0441514331821929,0,0.0441514331821929,"chr8",58055876,"-","chr8",57143317,"cg11062466","","","N_Shore","","","hg38_cpg_islands; hg38_genes_introns","100507651"
"cg19837214",0,0,0.0440592412778721,0,0.0440592412778721,"chr12",133402551,"-","chr12",132825965,"cg19837214","GOLGA3","5'UTR","N_Shelf","GOLGA3;GOLGA3;GOLGA3;RP11-46H11.10","5'UTR;5'UTR;5'UTR;3'UTR","hg38_cpg_shelves; hg38_genes_1to5kb; hg38_genes_exons; hg38_genes_introns; hg38_genes_promoters","2802; 55743"
"cg19021383",0,0,0,0.0440177653544124,0.0440177653544124,"chr11",45922184,"-","chr11",45900633,"cg19021383","MAPK8IP1","Body","N_Shore","MAPK8IP1","5'UTR","hg38_cpg_shores; hg38_genes_1to5kb; hg38_genes_introns","9479"
"cg02331910",0,0,0,-0.0439977249915121,0.0439977249915121,"chr1",153599831,"+","chr1",153627355,"cg02331910","S100A13;S100A13;S100A1;S100A13;S100A13;S100A13","5'UTR;5'UTR;TSS1500;TSS200;5'UTR;TSS1500","OpenSea","S100A13;S100A13;S100A1;S100A13;S100A13;S100A13;S100A1;S100A1;S100A1;S100A13","TSS200;3'UTR;TSS1500;5'UTR;5'UTR;5'UTR;TSS1500;TSS1500;TSS1500;TSS1500","hg38_cpg_inter; hg38_genes_1to5kb; hg38_genes_exons; hg38_genes_introns; hg38_genes_promoters","6271; 6284"
"cg22259797",0,-0.00122696775026182,0.0438098644932057,0,0.0438098644932057,"chr11",118986860,"+","chr11",119116150,"cg22259797","C2CD2L","Body","OpenSea","C2CD2L","3'UTR","hg38_cpg_inter; hg38_genes_3UTRs; hg38_genes_exons","9854"
"cg19300923",0,0,0,-0.0436858486357522,0.0436858486357522,"chr1",14026137,"-","chr1",13699642,"cg19300923","PRDM2","TSS1500","N_Shore","PRDM2","TSS1500","hg38_cpg_shores; hg38_genes_1to5kb; hg38_genes_promoters","124900446; 7799"
"cg21238284",0,0,0,-0.0436361657533677,0.0436361657533677,"chr8",127889295,"+","chr8",126877050,"cg21238284","","","OpenSea","PCAT1","5'UTR","hg38_cpg_inter; hg38_genes_1to5kb; hg38_genes_exons; hg38_genes_introns","100750225; 105375751"
"cg04486778",0,0,0.0435375657730892,0,0.0435375657730892,"chr21",47394431,"+","chr21",45974517,"cg04486778","","","Island","","","hg38_cpg_islands; hg38_enhancers_fantom; hg38_genes_exons",""
"cg24680439",0,0,-0.0434531677621114,0,0.0434531677621114,"chr10",134778467,"+","chr10",132964963,"cg24680439","","","N_Shore","RP13-137A17.6;RP13-137A17.4","TSS1500;3'UTR","hg38_cpg_shores; hg38_genes_1to5kb; hg38_genes_introns; hg38_genes_promoters","101927590; 103695432; 399829"
"cg27518631",0,0,0.0432748293433574,0,0.0432748293433574,"chr16",2846005,"-","chr16",2796004,"cg27518631","","","N_Shelf","","","hg38_cpg_shelves; hg38_enhancers_fantom; hg38_genes_1to5kb","360226"
"cg14659008",-0.0431882595364133,0,0,0,0.0431882595364133,"chr8",102090315,"+","chr8",101078087,"cg14659008","","","N_Shelf","","","hg38_cpg_shelves",""
"cg16815625",0.0430112465221201,0,0,0,0.0430112465221201,"chr8",141229477,"-","chr8",140219378,"cg16815625","TRAPPC9;TRAPPC9","Body;Body","OpenSea","","","hg38_cpg_inter; hg38_genes_introns","83696"
"cg18291238",0,0,0.042897223849991,0,0.042897223849991,"chr14",70696523,"-","chr14",70229806,"cg18291238","","","OpenSea","RP11-486O13.2;RP11-486O13.2","5'UTR;5'UTR","hg38_cpg_inter; hg38_genes_1to5kb; hg38_genes_introns; hg38_genes_promoters","646548"
"cg00749672",0,0,0,-0.0428144262320842,0.0428144262320842,"chr7",26437192,"+","chr7",26397572,"cg00749672","","","N_Shore","AC004540.5","TSS1500","hg38_cpg_shores; hg38_enhancers_fantom; hg38_genes_1to5kb","441204"
"cg13410764",0,0,0.0427273046199823,0,0.0427273046199823,"chr9",90407888,"-","chr9",87792973,"cg13410764","","","OpenSea","","","hg38_cpg_inter; hg38_enhancers_fantom",""
"cg22216157",0,0.0426778355585285,0,0,0.0426778355585285,"chr7",157643037,"+","chr7",157850345,"cg22216157","PTPRN2;PTPRN2;PTPRN2","Body;Body;Body","OpenSea","","","hg38_cpg_inter; hg38_genes_1to5kb; hg38_genes_introns","100506585; 5799"
"cg09357276",0,0,0,0.0423783058993552,0.0423783058993552,"chr4",188917856,"-","chr4",187996702,"cg09357276","ZFP42","5'UTR","S_Shore","ZFP42","5'UTR","hg38_cpg_inter; hg38_genes_introns","132625"
"cg18289141",0,0,0,0.0417315387495097,0.0417315387495097,"chr1",30182218,"-","chr1",29709371,"cg18289141","","","OpenSea","RP4-656G21.1;RP4-656G21.1","3'UTR;1stExon","hg38_cpg_inter; hg38_genes_exons",""
"cg00021237",0,0,-0.0417259757148244,0,0.0417259757148244,"chr8",67525849,"+","chr8",66613614,"cg00021237","MYBL1;MYBL1","TSS1500;TSS1500","Island","MYBL1;MYBL1;MYBL1","TSS1500;TSS1500;TSS1500","hg38_cpg_islands; hg38_genes_exons; hg38_genes_promoters","4603"
"cg14836335",-0.0414703504867828,0,0,0,0.0414703504867828,"chr1",59367279,"+","chr1",58901607,"cg14836335","","","N_Shelf","","","hg38_cpg_shelves; hg38_genes_1to5kb; hg38_genes_introns","105378753"
"cg02668177",0,0,-0.0414664115804806,0,0.0414664115804806,"chr2",133733241,"+","chr2",132975668,"cg02668177","NCKAP5;NCKAP5","Body;Body","OpenSea","","","hg38_cpg_inter; hg38_genes_introns","344148"
"cg27298324",0.0414467190983521,0,-0.0145873312449497,0,0.0414467190983521,"chr1",182587340,"-","chr1",182618205,"cg27298324","","","S_Shelf","","","hg38_cpg_shelves",""
"cg24876187",0,0,0.0413410167102983,0,0.0413410167102983,"chr6",31126871,"+","chr6",31159094,"cg24876187","CCHCR1;CCHCR1;TCF19;TCF19;CCHCR1","TSS1500;TSS1500;5'UTR;5'UTR;TSS1500","S_Shore","CCHCR1;CCHCR1;CCHCR1;CCHCR1;CCHCR1;CCHCR1;TCF19;TCF19","TSS1500;TSS1500;TSS1500;TSS1500;TSS1500;TSS1500;5'UTR;5'UTR","hg38_cpg_shores; hg38_genes_1to5kb; hg38_genes_5UTRs; hg38_genes_exons; hg38_genes_introns; hg38_genes_promoters","54535; 6941"
"cg26695758",0,0,0,-0.041259029803337,0.041259029803337,"chr6",32063607,"+","chr6",32095830,"cg26695758","TNXB","Body","Island","","","hg38_cpg_islands; hg38_genes_exons","7148"
"cg04517722",0,0,0,0.0412501303314353,0.0412501303314353,"chr19",17905589,"-","chr19",17794780,"cg04517722","B3GNT3","TSS1500","Island","B3GNT3","TSS1500","hg38_cpg_shores; hg38_genes_promoters","10331"
"cg05504665",0,0,0,-0.0411877107301949,0.0411877107301949,"chr10",134061684,"+","chr10",132248180,"cg05504665","STK32C","Body","OpenSea","STK32C;STK32C","3'UTR;5'UTR","hg38_cpg_inter; hg38_genes_introns","282974"
"cg27266060",-0.0411705685511808,0,0,0,0.0411705685511808,"chr8",22091797,"-","chr8",22234284,"cg27266060","","","S_Shelf","","","hg38_cpg_inter; hg38_genes_1to5kb","9796"
"cg09063859",0,0,0,-0.0410942625716519,0.0410942625716519,"chr10",1086904,"-","chr10",1040964,"cg09063859","IDI1;C10orf110;C10orf110;C10orf110;C10orf110","3'UTR;Body;Body;Body;Body","OpenSea","IDI1;IDI1;IDI2-AS1;IDI2-AS1;IDI2-AS1;IDI2-AS1","3'UTR;3'UTR;5'UTR;5'UTR;5'UTR;5'UTR","hg38_cpg_inter; hg38_genes_3UTRs; hg38_genes_exons; hg38_genes_introns","3422; 55853"
"cg01004457",0,0,0,-0.0410929763495872,0.0410929763495872,"chr19",15851571,"-","chr19",15740761,"cg01004457","OR10H3","TSS1500","OpenSea","OR10H3","TSS1500","hg38_cpg_inter; hg38_genes_introns","26532"
"cg23163573",0,0,0,0.0408814591896023,0.0408814591896023,"chr2",108905468,"-","chr2",108289012,"cg23163573","SULT1C2;SULT1C2;SULT1C2;SULT1C2","5'UTR;1stExon;1stExon;5'UTR","OpenSea","SULT1C2;SULT1C2;SULT1C2;SULT1C2","1stExon;5'UTR;1stExon;5'UTR","hg38_cpg_inter; hg38_genes_1to5kb; hg38_genes_5UTRs; hg38_genes_exons","6819"
"cg11076954",0,0,0,0.0407491863815915,0.0407491863815915,"chr17",1508444,"+","chr17",1605150,"cg11076954","SLC43A2","Body","N_Shore","SLC43A2;SLC43A2","TSS200;3'UTR","hg38_cpg_shores; hg38_genes_introns; hg38_genes_promoters","124935"
"cg24859433",0,0,0.0407246977863346,0,0.0407246977863346,"chr6",30720203,"-","chr6",30752426,"cg24859433","","","OpenSea","","","hg38_cpg_inter; hg38_enhancers_fantom; hg38_genes_introns","105375013"
"cg26860273",0,0,0,-0.0406516087034854,0.0406516087034854,"chr19",56687197,"+","chr19",56175828,"cg26860273","GALP;GALP","TSS200;TSS200","OpenSea","GALP","TSS200","hg38_cpg_inter; hg38_genes_1to5kb; hg38_genes_promoters","85569"
"cg21733531",0,0,0,0.0404463132998012,0.0404463132998012,"chr7",63560711,"-","chr7",64100333,"cg21733531","","","Island","","","hg38_cpg_islands; hg38_genes_exons; hg38_genes_introns","442319"
"cg21224286",0,0,0,0.0400887059713001,0.0400887059713001,"chr12",1909916,"-","chr12",1800750,"cg21224286","CACNA2D4","Body","S_Shelf","","","hg38_cpg_shelves; hg38_genes_1to5kb; hg38_genes_exons; hg38_genes_introns; hg38_genes_promoters","105369602; 93589"
"cg00319223",0,0,0,-0.0400368357103787,0.0400368357103787,"chr8",2012508,"-","chr8",2064388,"cg00319223","MYOM2","Body","OpenSea","MYOM2","5'UTR","hg38_cpg_inter; hg38_genes_introns","9172"
"cg03227037",0.0399966901363613,0,0,0,0.0399966901363613,"chr20",62212228,"-","chr20",63580875,"cg03227037","","","S_Shelf","","","hg38_cpg_shelves",""
"cg09759994",0.0398485797296345,0,0,0,0.0398485797296345,"chr2",113238376,"-","chr2",112480799,"cg09759994","TTL","TSS1500","N_Shore","TTL","TSS1500","hg38_cpg_shores; hg38_genes_1to5kb","150465"
"cg04892170",0,0,0.039808725002019,0,0.039808725002019,"chr10",128076910,"-","chr10",126388341,"cg04892170","ADAM12;ADAM12;ADAM12;ADAM12","1stExon;5'UTR;5'UTR;1stExon","Island","ADAM12;ADAM12","1stExon;5'UTR","hg38_cpg_islands; hg38_genes_5UTRs; hg38_genes_exons","8038"
"cg06572093",0,0,0.0397489735744301,0,0.0397489735744301,"chr14",69095231,"-","chr14",68628514,"cg06572093","","","Island","CTD-2325P2.4","TSS200","hg38_cpg_islands; hg38_genes_introns; hg38_genes_promoters","100996664; 5890"
"cg17178900",0,0,0,0.0397469514060131,0.0397469514060131,"chr1",205818956,"-","chr1",205849828,"cg17178900","PM20D1","Body","Island","PM20D1","3'UTR","hg38_cpg_islands; hg38_genes_introns","148811; 284581"
"cg09408571",-0.0397138986785989,0,0,0,0.0397138986785989,"chr1",101003634,"-","chr1",100538078,"cg09408571","GPR88","TSS200","N_Shore","GPR88","TSS200","hg38_cpg_shores; hg38_genes_promoters","54112"
"cg00387090",0.0396013166093594,0,0,0,0.0396013166093594,"chr1",201615401,"+","chr1",201646273,"cg00387090","","","N_Shore","","","hg38_cpg_shores; hg38_genes_1to5kb; hg38_genes_introns","89796"
"cg08479752",0.0394355891337183,0,0,0,0.0394355891337183,"chr19",54567279,"+","chr19",54064025,"cg08479752","VSTM1","TSS200","OpenSea","VSTM1;VSTM1","TSS200;TSS1500","hg38_cpg_inter; hg38_genes_promoters","284415"
"cg20784950",0.0394241885288356,0,0,0,0.0394241885288356,"chr8",145002522,"-","chr8",143928354,"cg20784950","PLEC1;PLEC1;PLEC1;PLEC1;PLEC1;PLEC1;PLEC1;PLEC1","Body;Body;Body;Body;Body;Body;Body;Body","N_Shore","","","hg38_cpg_shores; hg38_enhancers_fantom; hg38_genes_introns","5339"
"cg20519373",0,0,-0.0392313877018824,0,0.0392313877018824,"chr8",119456570,"-","chr8",118444331,"cg20519373","SAMD12;SAMD12","Body;Body","OpenSea","","","hg38_cpg_inter; hg38_genes_1to5kb; hg38_genes_introns","401474"
"cg14859324",0.0392236866079362,0,0,0,0.0392236866079362,"chr15",26874363,"-","chr15",26629216,"cg14859324","GABRB3;GABRB3","Body;Body","Island","GABRB3;GABRB3","TSS200;5'UTR","hg38_cpg_islands; hg38_genes_introns; hg38_genes_promoters","2562"
"cg05043910",0,0,-0.03922362599497,0,0.03922362599497,"chr2",99872119,"-","chr2",99255656,"cg05043910","LYG2","TSS1500","OpenSea","LYG2;LYG2;LYG2","TSS1500;TSS1500;TSS1500","hg38_cpg_inter; hg38_genes_1to5kb; hg38_genes_5UTRs; hg38_genes_exons; hg38_genes_introns; hg38_genes_promoters","254773; 51263"
"cg02276826",0,0,-0.0391973120083722,0,0.0391973120083722,"chr10",134778648,"-","chr10",132965144,"cg02276826","","","N_Shore","RP13-137A17.6;RP13-137A17.4","TSS1500;3'UTR","hg38_cpg_shores; hg38_genes_1to5kb; hg38_genes_introns; hg38_genes_promoters","101927590; 103695432; 399829"
"cg07906193",0,0,0,-0.0391935050351201,0.0391935050351201,"chr10",126599966,"-","chr10",124911397,"cg07906193","","","OpenSea","","","hg38_cpg_inter",""
"cg13385220",0,0,0,-0.0390577549212767,0.0390577549212767,"chr1",202250453,"+","chr1",202281325,"cg13385220","LGR6;LGR6;LGR6","Body;Body;Body","OpenSea","LGR6","5'UTR","hg38_cpg_inter; hg38_genes_introns","59352"
"cg14335069",0,0,0,0.0389560483952282,0.0389560483952282,"chr22",41956810,"-","chr22",41560806,"cg14335069","CSDC2","TSS1500","OpenSea","CSDC2;CSDC2","1stExon;5'UTR","hg38_cpg_inter; hg38_genes_exons; hg38_genes_promoters","105373044; 27254"
"cg14159672",0,0,0,0.0388689349296895,0.0388689349296895,"chr1",205819179,"+","chr1",205850051,"cg14159672","PM20D1","1stExon","Island","PM20D1;PM20D1;PM20D1","1stExon;1stExon;3'UTR","hg38_cpg_islands; hg38_genes_exons; hg38_genes_introns","148811; 284581"
"cg03288922",0,0,0,-0.038843875484239,0.038843875484239,"chr2",118616237,"-","chr2",117858661,"cg03288922","","","N_Shore","","","hg38_cpg_shores; hg38_genes_1to5kb; hg38_genes_promoters","101929908"
"cg20651758",0,0,0.038831396062932,0,0.038831396062932,"chr15",93425245,"-","chr15",92882015,"cg20651758","","","N_Shore","","","hg38_cpg_shores; hg38_genes_1to5kb; hg38_genes_exons; hg38_genes_introns; hg38_genes_promoters","100507217; 1106"
"cg11956953",0,0,0,-0.0384432887495612,0.0384432887495612,"chr17",27347092,"+","chr17",29020074,"cg11956953","","","Island","","","hg38_cpg_islands; hg38_genes_introns","105371716; 51268"
"cg02613435",0,0,0,-0.038375027836312,0.038375027836312,"chr10",102756977,"-","chr10",100997220,"cg02613435","LZTS2;LZTS2","5'UTR;1stExon","Island","LZTS2;LZTS2;LZTS2","TSS1500;1stExon;5'UTR","hg38_cpg_islands; hg38_genes_1to5kb; hg38_genes_5UTRs; hg38_genes_exons; hg38_genes_introns","84445"
"cg12819393",0,0,0.0383111463532394,0,0.0383111463532394,"chr9",127240449,"+","chr9",124478170,"cg12819393","","","Island","GPR144","3'UTR","hg38_cpg_islands; hg38_genes_introns","347088"
"cg05830791",0,0,0.0382061484114995,0,0.0382061484114995,"chr14",21128277,"+","chr14",20660118,"cg05830791","","","OpenSea","","","hg38_cpg_inter",""
"cg09633081",0.0381986952365523,0,0,-0.0154915980099714,0.0381986952365523,"chr6",7692342,"+","chr6",7692109,"cg09633081","","","OpenSea","","","hg38_cpg_inter",""
"cg03763873",0,0,0,0.0380947828509432,0.0380947828509432,"chr13",43565901,"+","chr13",42991765,"cg03763873","EPSTI1;EPSTI1","Body;Body","N_Shore","EPSTI1","3'UTR","hg38_cpg_shores; hg38_genes_introns; hg38_genes_promoters","94240"
"cg21145980",0,0,0,-0.0380410792676809,0.0380410792676809,"chr5",175000987,"-","chr5",175573984,"cg21145980","","","OpenSea","","","hg38_cpg_inter",""
"cg00784161",0,0,0,0.0379770672434864,0.0379770672434864,"chr2",238406432,"-","chr2",237497789,"cg00784161","MLPH;MLPH","Body;Body","OpenSea","MLPH","5'UTR","hg38_cpg_inter; hg38_genes_introns","79083"
"cg10927968",0,0,0.0379497487346655,0,0.0379497487346655,"chr11",1807333,"+","chr11",1786103,"cg10927968","","","OpenSea","","","hg38_cpg_inter",""
"cg14384748",0.0379237142751375,0,0,0,0.0379237142751375,"chr12",132859951,"+","chr12",132283365,"cg14384748","GALNT9","Body","Island","","","hg38_cpg_islands; hg38_genes_1to5kb; hg38_genes_exons; hg38_genes_introns","50614"
"cg14481208",0,0,0,-0.0378974739659513,0.0378974739659513,"chr2",74669375,"+","chr2",74442248,"cg14481208","RTKN","TSS1500","Island","RTKN;RTKN;RTKN","1stExon;TSS1500;3'UTR","hg38_cpg_islands; hg38_genes_1to5kb; hg38_genes_5UTRs; hg38_genes_exons; hg38_genes_promoters","6242"
"cg19531075",0,0,0,-0.0378651498228557,0.0378651498228557,"chr5",1857828,"-","chr5",1857714,"cg19531075","","","Island","CTD-2194D22.2","TSS1500","hg38_cpg_islands; hg38_genes_1to5kb","101929034"
"cg16367168",0,0,-0.0377239346485375,0,0.0377239346485375,"chr16",231905,"+","chr16",181906,"cg16367168","","","S_Shore","","","hg38_cpg_shores; hg38_genes_1to5kb",""
"cg07745373",0,0,0,0.0377034832607093,0.0377034832607093,"chr11",58941415,"-","chr11",59173942,"cg07745373","DTX4","Body","S_Shore","DTX4","5'UTR","hg38_cpg_shores; hg38_genes_introns","23220"
"cg05772155",0,0,-0.0376737904113307,0,0.0376737904113307,"chr10",65801432,"+","chr10",64041672,"cg05772155","","","OpenSea","","","hg38_cpg_inter; hg38_genes_1to5kb; hg38_genes_introns","105378333; 124902439"
"cg20669292",0,0,0,0.0376548652934437,0.0376548652934437,"chr17",40823420,"+","chr17",42671402,"cg20669292","PLEKHH3","Body","Island","","","hg38_cpg_islands; hg38_genes_1to5kb; hg38_genes_exons","79990"
"cg08762603",0,0,0,0.0374613025556383,0.0374613025556383,"chr12",2031417,"+","chr12",1922251,"cg08762603","","","OpenSea","RP5-1096D14.3","5'UTR","hg38_cpg_inter; hg38_genes_1to5kb; hg38_genes_introns","93589"
"cg01651570",0,0,-0.0374010206098682,0,0.0374010206098682,"chr14",104194141,"-","chr14",103727804,"cg01651570","ZFYVE21","Body","Island","","","hg38_cpg_islands; hg38_genes_1to5kb; hg38_genes_3UTRs; hg38_genes_exons; hg38_genes_introns; hg38_genes_promoters","79038"
"cg23698649",0,0,0,-0.0372423881179072,0.0372423881179072,"chr7",43481974,"+","chr7",43442375,"cg23698649","HECW1","Body","N_Shelf","","","hg38_cpg_shelves; hg38_genes_introns","23072"
"cg08720517",0,0.0371919693429333,0,0,0.0371919693429333,"chr5",138729919,"-","chr5",139394230,"cg08720517","LOC389333","1stExon","Island","C5orf65","1stExon","hg38_cpg_islands; hg38_genes_1to5kb; hg38_genes_exons","389333; 51237"
"cg14174912",0,0,0,0.0371465475675266,0.0371465475675266,"chr10",3824516,"+","chr10",3782324,"cg14174912","KLF6;KLF6;KLF6;KLF6","Body;Body;Body;Body","S_Shore","KLF6","TSS1500","hg38_cpg_shores; hg38_genes_1to5kb; hg38_genes_introns; hg38_genes_promoters","1316"
"cg02135682",0.0370461107096917,0,0,0,0.0370461107096917,"chr16",74729465,"-","chr16",74695567,"cg02135682","MLKL;MLKL","Body;Body","OpenSea","","","hg38_cpg_inter; hg38_genes_1to5kb; hg38_genes_exons","197259"
"cg24341615",0.036998037131052,0,0,0,0.036998037131052,"chr19",675741,"+","chr19",675741,"cg24341615","FSTL3","TSS1500","Island","FSTL3","TSS1500","hg38_cpg_islands; hg38_enhancers_fantom; hg38_genes_1to5kb; hg38_genes_promoters","10272"
"cg21156386",0,0,-0.0368874369001893,0,0.0368874369001893,"chr11",692983,"+","chr11",692983,"cg21156386","DEAF1","Body","N_Shore","","","hg38_cpg_shores; hg38_genes_1to5kb; hg38_genes_exons; hg38_genes_introns; hg38_genes_promoters","10522; 283232; 64787"
"cg11006267",0,0,0.0368640322410818,0,0.0368640322410818,"chr5",139017424,"-","chr5",139637839,"cg11006267","","","Island","","","hg38_cpg_islands; hg38_enhancers_fantom",""
"cg00820311",0,0,-0.0367906409203191,0,0.0367906409203191,"chr16",921351,"-","chr16",871351,"cg00820311","LMF1","Body","N_Shore","LMF1;LMF1","ExonBnd;3'UTR","hg38_cpg_shores; hg38_genes_1to5kb; hg38_genes_exons; hg38_genes_introns; hg38_genes_promoters","64788"
"cg16550264",0,0,-0.0366743263185746,0,0.0366743263185746,"chr12",115813214,"-","chr12",115375409,"cg16550264","","","OpenSea","","","hg38_cpg_inter",""
"cg05717871",0,0,-0.0365223048511717,0,0.0365223048511717,"chr11",638507,"-","chr11",638507,"cg05717871","DRD4","Body","Island","DRD4","TSS1500","hg38_cpg_islands; hg38_genes_introns; hg38_genes_promoters","1815"
"cg26316423",0,0,0.0363069569613958,0,0.0363069569613958,"chr10",6104137,"-","chr10",6062174,"cg26316423","IL2RA;IL2RA","1stExon;5'UTR","OpenSea","IL2RA;IL2RA;IL2RA;IL2RA;IL2RA;IL2RA;IL2RA;IL2RA;IL2RA","1stExon;1stExon;1stExon;1stExon;5'UTR;5'UTR;5'UTR;5'UTR;3'UTR","hg38_cpg_inter; hg38_genes_5UTRs; hg38_genes_exons","3559"
"cg16298927",0,0,0,-0.0362441878054521,0.0362441878054521,"chr6",170191076,"-","chr6",169790980,"cg16298927","C6orf122;C6orf208","Body;Body","S_Shore","LINC00242;LINC00574","3'UTR;5'UTR","hg38_cpg_shores; hg38_genes_exons; hg38_genes_introns","401288; 80069"
"cg22987448",0,0,0,0.0360926044057357,0.0360926044057357,"chr19",8591364,"+","chr19",8526480,"cg22987448","MYO1F","Body","Island","","","hg38_cpg_islands; hg38_genes_exons","4542"
"cg11920449",-0.0360152044060116,0,0,0,0.0360152044060116,"chr6",36645608,"+","chr6",36677831,"cg11920449","CDKN1A;CDKN1A","TSS1500;TSS1500","N_Shore","CDKN1A;CDKN1A;CDKN1A;CDKN1A;CDKN1A;CDKN1A;PI16","TSS1500;TSS1500;TSS1500;TSS1500;5'UTR;1stExon;5'UTR","hg38_cpg_shores; hg38_genes_1to5kb; hg38_genes_exons; hg38_genes_introns; hg38_genes_promoters","101154753; 1026; 108783646"
"cg03146219",0,0,0,-0.0358208945714681,0.0358208945714681,"chr11",71189514,"-","chr11",71478468,"cg03146219","NADSYN1","Body","OpenSea","NADSYN1;NADSYN1","TSS1500;ExonBnd","hg38_cpg_inter; hg38_genes_1to5kb; hg38_genes_3UTRs; hg38_genes_5UTRs; hg38_genes_exons; hg38_genes_promoters","55191"
"cg04554929",0,0,0,0.0357829388109509,0.0357829388109509,"chr8",105342491,"-","chr8",104330263,"cg04554929","","","Island","","","hg38_cpg_islands",""
"cg01099825",0,0,-0.035725394077309,0,0.035725394077309,"chr9",140166114,"-","chr9",137271662,"cg01099825","COBRA1","Body","N_Shore","","","hg38_cpg_shores; hg38_genes_introns","25920"
"cg14251267",0,0,0.0356157118773716,0,0.0356157118773716,"chr20",62406428,"-","chr20",63775075,"cg14251267","ZBTB46","Body","N_Shore","","","hg38_cpg_shores; hg38_genes_introns","140685"
"cg14855679",0,0,0,-0.0356155394778278,0.0356155394778278,"chr4",115649889,"-","chr4",114728733,"cg14855679","","","OpenSea","","","hg38_cpg_inter",""
"cg16106427",0,0,-0.0353329289558794,0,0.0353329289558794,"chr10",134045609,"+","chr10",132232105,"cg16106427","STK32C","Body","S_Shelf","STK32C;STK32C","3'UTR;5'UTR","hg38_cpg_shelves; hg38_genes_introns","282974"
"cg21700663",0,0,0,-0.0353164712381423,0.0353164712381423,"chr15",101093900,"-","chr15",100553695,"cg21700663","","","N_Shore","RP11-526I2.3","3'UTR","hg38_cpg_shores; hg38_genes_1to5kb; hg38_genes_exons","102723335; 441733"
"cg15277677",0,0,0,0.0351729743767756,0.0351729743767756,"chr11",131630648,"-","chr11",131760754,"cg15277677","NTM","Body","OpenSea","","","hg38_cpg_inter; hg38_genes_introns","50863"
"cg19729930",0,0,0,-0.0351281095162047,0.0351281095162047,"chr2",74357872,"-","chr2",74130745,"cg19729930","","","Island","","","hg38_cpg_islands; hg38_genes_1to5kb; hg38_genes_exons; hg38_genes_introns","200424"
"cg10922881",0,0,0.0351076587158208,0,0.0351076587158208,"chr4",7438657,"-","chr4",7436930,"cg10922881","SORCS2","Body","OpenSea","SORCS2","5'UTR","hg38_cpg_inter; hg38_genes_1to5kb; hg38_genes_introns","57537; 768239"
"cg27251412",0,0,0,-0.035071926779033,0.035071926779033,"chr21",45705740,"-","chr21",44285857,"cg27251412","AIRE","TSS200","Island","AIRE","TSS200","hg38_cpg_islands; hg38_genes_1to5kb; hg38_genes_exons; hg38_genes_promoters","326"
"cg22587600",0.0350471063969102,0,0,0,0.0350471063969102,"chr2",46883368,"-","chr2",46656229,"cg22587600","","","OpenSea","","","hg38_cpg_inter",""
"cg14305313",0,0,0.0348895947419087,0,0.0348895947419087,"chr9",109623054,"-","chr9",106860773,"cg14305313","","","Island","","","hg38_cpg_islands; hg38_genes_1to5kb","58499"
"cg17074213",0.0348387145352461,0,0,0,0.0348387145352461,"chr1",92351695,"+","chr1",91886138,"cg17074213","TGFBR3;TGFBR3","1stExon;5'UTR","Island","TGFBR3;TGFBR3;TGFBR3;TGFBR3","1stExon;TSS200;5'UTR;5'UTR","hg38_cpg_islands; hg38_genes_5UTRs; hg38_genes_exons; hg38_genes_introns; hg38_genes_promoters","7049"
"cg07687354",-0.0347502946051879,0,0,0,0.0347502946051879,"chr16",1217857,"-","chr16",1167857,"cg07687354","CACNA1H;CACNA1H","Body;Body","N_Shore","","","hg38_cpg_shores; hg38_genes_introns","8912"
"cg27129504",0,0,0,-0.0347370957473027,0.0347370957473027,"chr8",144730562,"-","chr8",143648392,"cg27129504","ZNF623;ZNF623","5'UTR;TSS1500","OpenSea","ZNF623;ZNF623;ZNF623;ZNF623;ZNF623","TSS1500;TSS1500;5'UTR;5'UTR;5'UTR","hg38_cpg_inter; hg38_genes_1to5kb; hg38_genes_introns","9831"
"cg18576957",0,0,0,0.0345777927821745,0.0345777927821745,"chr6",31651020,"-","chr6",31683243,"cg18576957","","","Island","LY6G5C","TSS200","hg38_cpg_islands; hg38_genes_1to5kb; hg38_genes_exons; hg38_genes_introns","80741"
"cg19610750",0,0,-0.0344784592533751,0,0.0344784592533751,"chr2",231714995,"-","chr2",230850280,"cg19610750","","","S_Shelf","","","hg38_cpg_shelves",""
"cg27631597",0,0,-0.0343830221814478,0,0.0343830221814478,"chr5",75903397,"-","chr5",76607572,"cg27631597","IQGAP2","Body","OpenSea","CTD-2236F14.1","3'UTR","hg38_cpg_inter; hg38_genes_1to5kb; hg38_genes_exons; hg38_genes_introns","101929109; 10788"
"cg23112188",0,0,0,0.0342669800339416,0.0342669800339416,"chr14",24563095,"-","chr14",24093886,"cg23112188","PCK2;PCK2","TSS1500;TSS1500","N_Shore","PCK2;PCK2;PCK2;PCK2;PCK2;PCK2;PCK2;NRL;NRL","TSS1500;TSS1500;TSS1500;TSS1500;TSS1500;TSS1500;TSS200;5'UTR;5'UTR","hg38_cpg_shores; hg38_genes_1to5kb; hg38_genes_introns; hg38_genes_promoters","4901; 5106"
"cg10347335",-0.0341889589766924,0,0,0,0.0341889589766924,"chr1",59042971,"+","chr1",58577299,"cg10347335","TACSTD2;TACSTD2","5'UTR;1stExon","Island","TACSTD2;TACSTD2","1stExon;5'UTR","hg38_cpg_islands; hg38_genes_promoters","4070"
"cg14780837",0.0340645895678522,0,0,0,0.0340645895678522,"chr22",39760267,"-","chr22",39364262,"cg14780837","SYNGR1;SYNGR1;SYNGR1","Body;1stExon;Body","OpenSea","SYNGR1","1stExon","hg38_cpg_inter; hg38_genes_exons; hg38_genes_introns","9145"
"cg06611532",0,0,0,-0.0338570564796988,0.0338570564796988,"chr13",114900021,"+","chr13",114134546,"cg06611532","","","S_Shore","","","hg38_cpg_shores; hg38_genes_1to5kb","22821"
"cg19462087",0,0.0338021692991492,0,0,0.0338021692991492,"chr17",9809381,"-","chr17",9906064,"cg19462087","RCVRN","TSS1500","S_Shore","RCVRN","TSS1500","hg38_cpg_shores; hg38_genes_1to5kb; hg38_genes_promoters","5957"
"cg18136963",0,0,0,0.0337823973132664,0.0337823973132664,"chr6",139013146,"+","chr6",138692009,"cg18136963","","","N_Shore","RP11-390P2.4","TSS1500","hg38_cpg_shores; hg38_genes_1to5kb; hg38_genes_introns; hg38_genes_promoters","124900217; 57224"
"cg11775292",0,0,0,-0.0337246022405806,0.0337246022405806,"chr15",33487631,"+","chr15",33195430,"cg11775292","","","S_Shore","FMN1","TSS1500","hg38_cpg_shores; hg38_genes_exons; hg38_genes_promoters","342184"
"cg23545458",0,0,-0.0335278351730699,0,0.0335278351730699,"chr12",133239966,"+","chr12",132663380,"cg23545458","POLE","Body","OpenSea","","","hg38_cpg_inter; hg38_genes_1to5kb; hg38_genes_introns","5426"
"cg23663547",0,0,0,0.0335217692008797,0.0335217692008797,"chr17",38710320,"-","chr17",40554068,"cg23663547","CCR7","3'UTR","OpenSea","CCR7","3'UTR","hg38_cpg_inter; hg38_genes_3UTRs; hg38_genes_exons","1236"
"cg03744975",0,0,0,0.0333619520589048,0.0333619520589048,"chr12",56212418,"-","chr12",55818634,"cg03744975","SARNP;SARNP;SARNP;ORMDL2","TSS1500;TSS1500;TSS1500;5'UTR","S_Shore","SARNP;ORMDL2;SARNP;SARNP;ORMDL2;ORMDL2;ORMDL2;RP11-762I7.5","TSS1500;5'UTR;TSS1500;TSS1500;5'UTR;5'UTR;5'UTR;3'UTR","hg38_cpg_shores; hg38_genes_exons; hg38_genes_introns; hg38_genes_promoters","29095; 84324; 85406"
"cg13581362",0,0,0,0.0333048661283106,0.0333048661283106,"chr14",105287326,"-","chr14",104820989,"cg13581362","MGC23270","TSS1500","OpenSea","RP11-477I4.3","TSS1500","hg38_cpg_inter; hg38_genes_promoters","196872"
"cg13667739",0.0332471875747372,-0.0143077733916632,0,0,0.0332471875747372,"chr14",105944604,"+","chr14",105478267,"cg13667739","CRIP2","Body","Island","CRIP2;CRIP2","5'UTR;ExonBnd","hg38_cpg_islands; hg38_genes_exons; hg38_genes_introns; hg38_genes_promoters","1397"
"cg18019372",0,0,0,0.0331997899810078,0.0331997899810078,"chr2",1498065,"+","chr2",1494293,"cg18019372","TPO;TPO;TPO;TPO","Body;Body;Body;Body","S_Shelf","TPO;TPO","3'UTR;5'UTR","hg38_cpg_shelves; hg38_genes_introns","7173"
"cg25206134",0,0,0,0.0330691803770552,0.0330691803770552,"chr2",45395956,"+","chr2",45168817,"cg25206134","","","Island","AC009236.2;AC009236.2;AC009236.1","1stExon;5'UTR;3'UTR","hg38_cpg_islands; hg38_genes_1to5kb; hg38_genes_exons; hg38_genes_promoters","105374576; 400952"
"cg24392970",0,-0.0330068395620302,0,0,0.0330068395620302,"chr13",86373600,"-","chr13",85799465,"cg24392970","SLITRK6","TSS200","OpenSea","SLITRK6;SLITRK6","5'UTR;1stExon","hg38_cpg_inter; hg38_genes_introns; hg38_genes_promoters","84189"
"cg04640885",0,0,0,0.0328809635354185,0.0328809635354185,"chr2",145273345,"+","chr2",144515778,"cg04640885","ZEB2;ZEB2;ZEB2","Body;Body;Body","N_Shore","ZEB2","3'UTR","hg38_cpg_shores; hg38_genes_1to5kb; hg38_genes_introns","100303491; 9839"
"cg12319143",-0.0328563519713227,0,0,0,0.0328563519713227,"chr10",134726771,"+","chr10",132913267,"cg12319143","","","N_Shelf","TTC40","ExonBnd","hg38_cpg_shelves; hg38_genes_1to5kb; hg38_genes_introns","54777"
"cg12526471",0,0,0,0.0327259774187012,0.0327259774187012,"chr11",113929188,"+","chr11",114058466,"cg12526471","ZBTB16","TSS1500","N_Shore","ZBTB16","TSS1500","hg38_cpg_shores; hg38_genes_1to5kb; hg38_genes_exons; hg38_genes_promoters","7704"
"cg24690094",0,0,-0.0325973957258217,0,0.0325973957258217,"chr11",67383802,"-","chr11",67616331,"cg24690094","","","Island","","","hg38_cpg_islands; hg38_genes_1to5kb; hg38_genes_promoters","390213"
"cg23324537",0.032534743269986,0,0,0,0.032534743269986,"chr8",110656096,"-","chr8",109643867,"cg23324537","GOLSYN;GOLSYN;GOLSYN;GOLSYN;GOLSYN;GOLSYN;GOLSYN;GOLSYN;GOLSYN;GOLSYN;GOLSYN;GOLSYN;GOLSYN;GOLSYN;GOLSYN","Body;Body;Body;Body;5'UTR;5'UTR;Body;Body;Body;Body;Body;TSS1500;Body;5'UTR;Body","N_Shore","RP11-422N16.3;SYBU;SYBU;SYBU;SYBU","TSS1500;TSS200;5'UTR;5'UTR;5'UTR","hg38_cpg_shores; hg38_genes_introns; hg38_genes_promoters","100132813; 55638"
"cg12759523",0,0,-0.0324791821388443,0,0.0324791821388443,"chr15",22923501,"-","chr15",22949567,"cg12759523","CYFIP1","5'UTR","OpenSea","CYFIP1;CYFIP1","5'UTR;5'UTR","hg38_cpg_inter; hg38_genes_1to5kb; hg38_genes_introns","23191"
"cg12377874",0,0,-0.0323575693630536,0,0.0323575693630536,"chr18",52495404,"+","chr18",54828173,"cg12377874","RAB27B","TSS1500","N_Shore","RAB27B","TSS1500","hg38_cpg_shores; hg38_genes_introns; hg38_genes_promoters","5874"
"cg11786255",0.0323352563218692,0,0,0,0.0323352563218692,"chr5",126565417,"+","chr5",127229725,"cg11786255","","","Island","","","hg38_cpg_islands; hg38_genes_exons; hg38_genes_promoters","105379198"
"cg13282195",0,0,0,-0.0320238215966087,0.0320238215966087,"chr8",144660772,"-","chr8",143578602,"cg13282195","NAPRT1","TSS1500","S_Shore","NAPRT1;RP11-661A12.7;NAPRT1;NAPRT1;NAPRT1","1stExon;TSS1500;5'UTR;TSS1500;TSS1500","hg38_cpg_shores; hg38_genes_1to5kb; hg38_genes_exons; hg38_genes_promoters","93100"
"cg12718519",0,0,0.0319310559886192,-0.0226320645990678,0.0319310559886192,"chr1",2058417,"-","chr1",2126978,"cg12718519","PRKCZ;PRKCZ;PRKCZ","5'UTR;Body;5'UTR","OpenSea","PRKCZ;PRKCZ","5'UTR;5'UTR","hg38_cpg_shelves; hg38_genes_introns","5590"
"cg22276896",-0.0317268095950855,0,0,0,0.0317268095950855,"chr19",42946985,"+","chr19",42442833,"cg22276896","CXCL17;CXCL17","1stExon;5'UTR","OpenSea","CXCL17;CXCL17;AC011497.1","1stExon;5'UTR;3'UTR","hg38_cpg_inter; hg38_genes_5UTRs; hg38_genes_exons; hg38_genes_introns","100996307; 284340"
"cg08155325",0,0,0.0314807335731035,0,0.0314807335731035,"chr5",140857813,"+","chr5",141478246,"cg08155325","PCDHGA4;PCDHGA12;PCDHGA11;PCDHGA11;PCDHGA9;PCDHGA1;PCDHGB1;PCDHGB6;PCDHGC3;PCDHGB3;PCDHGB7;PCDHGA6;PCDHGA8;PCDHGA10;PCDHGA5;PCDHGB4;PCDHGA3;PCDHGA2;PCDHGA7;PCDHGB2;PCDHGB5;PCDHGC3;PCDHGC3","Body;Body;Body;Body;Body;Body;Body;Body;1stExon;Body;Body;Body;Body;Body;Body;Body;Body;Body;Body;Body;Body;1stExon;Body","N_Shore","PCDHGC3","1stExon","hg38_cpg_shores; hg38_genes_1to5kb; hg38_genes_exons; hg38_genes_introns","26025; 5098; 56099; 56100; 56101; 56102; 56103; 56104; 56105; 56106; 56107; 56108; 56109; 56110; 56111; 56112; 56113; 56114; 8641; 9708"
"cg03571393",0,0,0.0313895915522257,0,0.0313895915522257,"chr14",101244373,"+","chr14",100778036,"cg03571393","","","OpenSea","MEG3","TSS1500","hg38_cpg_inter; hg38_genes_1to5kb","55384"
"cg06682185",0,0,0,0.031289998743996,0.031289998743996,"chr18",61157615,"+","chr18",63490382,"cg06682185","SERPINB5","Body","OpenSea","SERPINB5","TSS1500","hg38_cpg_inter; hg38_genes_introns; hg38_genes_promoters","5268"
"cg07937578",0,0,0.0310150083748253,0,0.0310150083748253,"chr4",25487481,"+","chr4",25485859,"cg07937578","","","OpenSea","","","hg38_cpg_inter",""
"cg07167872",0,0,0,0.0310104450940036,0.0310104450940036,"chr1",205819463,"+","chr1",205850335,"cg07167872","PM20D1","TSS200","S_Shore","PM20D1;PM20D1","TSS1500;TSS1500","hg38_cpg_shores; hg38_genes_introns; hg38_genes_promoters","148811; 284581"
"cg22332049",0,0,-0.0309219541387791,0,0.0309219541387791,"chr2",240609875,"-","chr2",239688181,"cg22332049","","","N_Shelf","","","hg38_cpg_shelves",""
"cg21149466",0,0,0,-0.0309067306071323,0.0309067306071323,"chr18",12896164,"-","chr18",12896165,"cg21149466","","","N_Shore","","","hg38_cpg_shores; hg38_genes_introns","5771"
"cg14285533",0,0,0.0308899125899774,0,0.0308899125899774,"chr7",63386328,"-","chr7",63925950,"cg14285533","","","N_Shore","RP11-73B2.6;RP11-73B2.6","3'UTR;1stExon","hg38_cpg_shores; hg38_genes_exons; hg38_genes_promoters","105375318; 124901653"
"cg17174307",0,0,0,-0.0308488120980112,0.0308488120980112,"chr2",19427767,"-","chr2",19228006,"cg17174307","","","OpenSea","AC092594.1;AC092594.1;AC092594.1","3'UTR;3'UTR;3'UTR","hg38_cpg_inter; hg38_genes_introns","400945"
"cg09681675",0,0,0.0308022849133241,0,0.0308022849133241,"chr16",3481785,"+","chr16",3431785,"cg09681675","","","OpenSea","LA16c-306E5.2","5'UTR","hg38_cpg_inter; hg38_genes_introns","79903"
"cg06433895",0,0,0,-0.0307679913861793,0.0307679913861793,"chr16",68873850,"+","chr16",68839947,"cg06433895","","","N_Shelf","","","hg38_cpg_shelves; hg38_genes_1to5kb","79613"
"cg10627839",0,0,0,-0.0307309108393124,0.0307309108393124,"chr1",196866512,"-","chr1",196897382,"cg10627839","CFHR4","Body","OpenSea","","","hg38_cpg_inter; hg38_genes_1to5kb; hg38_genes_introns; hg38_genes_promoters","10877"
"cg14830045",0,0,0,-0.030683570261237,0.030683570261237,"chr1",1173264,"+","chr1",1237884,"cg14830045","","","N_Shore","","","hg38_cpg_inter",""
"cg25197194",0,0,-0.0306769937254415,0,0.0306769937254415,"chr3",128758787,"+","chr3",129039944,"cg25197194","CCDC48","3'UTR","OpenSea","CCDC48;CCDC48","3'UTR;3'UTR","hg38_cpg_inter; hg38_genes_3UTRs; hg38_genes_exons","79825"
"cg20798574",0,0,0.0306330869834756,0,0.0306330869834756,"chr1",229479495,"-","chr1",229343748,"cg20798574","C1orf96","TSS1500","S_Shore","C1orf96;C1orf96;C1orf96","TSS1500;TSS1500;TSS1500","hg38_cpg_shores; hg38_genes_1to5kb; hg38_genes_promoters","126731"
"cg27289463",0,0,0.0305437586582795,0,0.0305437586582795,"chr11",110649234,"-","chr11",110778511,"cg27289463","","","OpenSea","","","hg38_cpg_inter",""
"cg26059468",0,0,0.0304205972791255,0,0.0304205972791255,"chr8",55370579,"+","chr8",54458019,"cg26059468","SOX17;SOX17","5'UTR;1stExon","Island","SOX17;SOX17","5'UTR;1stExon","hg38_cpg_islands; hg38_genes_5UTRs; hg38_genes_exons","64321"
"cg10640845",0,0,-0.0303769209271936,0,0.0303769209271936,"chr19",1775211,"+","chr19",1775212,"cg10640845","ONECUT3","Body","Island","","","hg38_cpg_islands; hg38_genes_exons","390874"
"cg10915739",0,0,0.0302154265737895,0,0.0302154265737895,"chr21",34405733,"+","chr21",33033425,"cg10915739","","","Island","AP000282.2","3'UTR","hg38_cpg_islands; hg38_genes_introns",""
"cg02768760",0,0,-0.0300091012685341,0,0.0300091012685341,"chr16",5117824,"-","chr16",5067823,"cg02768760","","","N_Shelf","","","hg38_cpg_shelves; hg38_genes_1to5kb; hg38_genes_introns","146556; 56052"
"cg11155090",-0.0299636592824718,0,0,0,0.0299636592824718,"chr20",30584531,"+","chr20",31996728,"cg11155090","XKR7","Body","Island","","","hg38_cpg_islands; hg38_genes_exons","343702"
"cg09231171",0.0299103806860399,0,0,0,0.0299103806860399,"chr16",49518414,"-","chr16",49484503,"cg09231171","","","OpenSea","","","hg38_cpg_inter",""
"cg03892543",-0.0298843490643922,0,0,0,0.0298843490643922,"chr16",84650330,"-","chr16",84616724,"cg03892543","COTL1","Body","N_Shore","COTL1","5'UTR","hg38_cpg_shores; hg38_genes_introns","23406"
"cg16701907",0,0,0.0298504885762242,0,0.0298504885762242,"chr3",72067763,"+","chr3",72018612,"cg16701907","","","OpenSea","","","hg38_cpg_inter; hg38_genes_introns","285286"
"cg03124146",0,0,0.0296755551408673,0,0.0296755551408673,"chr7",63361127,"-","chr7",63900749,"cg03124146","","","Island","RP11-340I6.8","TSS200","hg38_cpg_islands; hg38_genes_1to5kb; hg38_genes_exons; hg38_genes_introns; hg38_genes_promoters","124901654"
"cg03893701",-0.029607057064706,0,0,0,0.029607057064706,"chr3",139395765,"-","chr3",139676923,"cg03893701","NMNAT3","5'UTR","N_Shore","NMNAT3;NMNAT3;NMNAT3;NMNAT3;NMNAT3;NMNAT3;NMNAT3;NMNAT3","5'UTR;5'UTR;5'UTR;5'UTR;5'UTR;5'UTR;5'UTR;5'UTR","hg38_cpg_shores; hg38_genes_introns","100507291; 349565"
"cg03298700",0.0295052808947483,0,0,0,0.0295052808947483,"chr2",220295753,"+","chr2",219431031,"cg03298700","","","N_Shelf","","","hg38_cpg_shelves; hg38_genes_1to5kb","10290"
"cg13491731",0.0294576308768883,0,0,0,0.0294576308768883,"chr14",76594783,"+","chr14",76128440,"cg13491731","","","N_Shelf","","","hg38_cpg_shelves",""
"cg03863817",0,0,0,0.0293623215327003,0.0293623215327003,"chr3",96495925,"-","chr3",96777081,"cg03863817","","","Island","","","hg38_cpg_islands; hg38_genes_exons",""
"cg26964426",0,-0.0293318590599297,0,0,0.0293318590599297,"chr16",85455911,"-","chr16",85422305,"cg26964426","","","OpenSea","","","hg38_cpg_inter; hg38_genes_introns","23199"
"cg03770646",0,0,0,-0.0293313241712106,0.0293313241712106,"chr19",17504972,"+","chr19",17394163,"cg03770646","","","Island","","","hg38_cpg_islands; hg38_genes_1to5kb; hg38_genes_5UTRs; hg38_genes_exons","110806280"
"cg23475489",0,0,0,-0.0289504661455277,0.0289504661455277,"chr8",16142199,"+","chr8",16284690,"cg23475489","","","OpenSea","MSR1","3'UTR","hg38_cpg_inter; hg38_genes_introns","101929028; 4481"
"cg03325407",0.0289468403656301,0,0,0,0.0289468403656301,"chr1",114423726,"-","chr1",113881104,"cg03325407","BCL2L15","3'UTR","OpenSea","BCL2L15;RP5-1073O3.5;BCL2L15","3'UTR;5'UTR;3'UTR","hg38_cpg_inter; hg38_genes_3UTRs; hg38_genes_exons; hg38_genes_introns","100287722; 440603"
"cg27394566",-0.0287783397101738,0,0,0,0.0287783397101738,"chr14",105391635,"-","chr14",104925298,"cg27394566","PLD4","5'UTR","OpenSea","PLD4;PLD4","5'UTR;5'UTR","hg38_cpg_inter; hg38_genes_introns","122618"
"cg09984392",0,0,0,0.028755471496518,0.028755471496518,"chr8",126011784,"-","chr8",124999542,"cg09984392","SQLE","1stExon","S_Shore","RP11-6D1.3;SQLE;SQLE;SQLE","TSS1500;1stExon;1stExon;5'UTR","hg38_cpg_shores; hg38_genes_1to5kb; hg38_genes_exons; hg38_genes_introns","105375744; 6713"
"cg17096412",0,0,-0.0287417884878779,0,0.0287417884878779,"chr17",31254544,"-","chr17",32927526,"cg17096412","TMEM98;TMEM98","TSS1500;TSS1500","N_Shore","TMEM98;TMEM98","TSS1500;TSS1500","hg38_cpg_shores; hg38_genes_1to5kb; hg38_genes_promoters","26022"
"cg13315147",-0.0284889055289017,0,0,0,0.0284889055289017,"chr10",135341528,"-","chr10",133528024,"cg13315147","CYP2E1","Body","Island","CYP2E1;SPRN","TSS200;5'UTR","hg38_cpg_islands; hg38_genes_1to5kb; hg38_genes_introns; hg38_genes_promoters","1571"
"cg01365762",0,0,0,0.0282370064235802,0.0282370064235802,"chr6",30457827,"+","chr6",30490050,"cg01365762","HLA-E","Body","Island","","","hg38_cpg_islands; hg38_genes_exons; hg38_genes_introns","3133"
"cg07149179",0,0,-0.0280070784643361,0,0.0280070784643361,"chr3",134978680,"+","chr3",135259838,"cg07149179","EPHB1","3'UTR","OpenSea","EPHB1","3'UTR","hg38_cpg_inter; hg38_genes_3UTRs; hg38_genes_exons; hg38_genes_introns","102724019; 105374122; 2047"
"cg16185956",0,0,0,-0.027940417332839,0.027940417332839,"chr2",11730475,"-","chr2",11590349,"cg16185956","GREB1;GREB1","Body;Body","N_Shelf","","","hg38_cpg_shelves; hg38_genes_introns","9687"
"cg09584118",0,0,-0.0278621438149341,0,0.0278621438149341,"chr11",45273975,"+","chr11",45252424,"cg09584118","SYT13","Body","OpenSea","CTD-2560E9.5;SYT13","TSS1500;ExonBnd","hg38_cpg_inter; hg38_genes_1to5kb; hg38_genes_3UTRs; hg38_genes_exons","57586"
"cg03025337",0,0,0,-0.0277771663471136,0.0277771663471136,"chr19",57078173,"-","chr19",56566804,"cg03025337","ZNF470","TSS1500","N_Shore","ZNF470;ZNF470","TSS1500;TSS1500","hg38_cpg_shores; hg38_genes_1to5kb; hg38_genes_exons; hg38_genes_introns; hg38_genes_promoters","112268241; 388566"
"cg12883014",0,0,-0.0277488432059556,0,0.0277488432059556,"chr12",104855500,"-","chr12",104461722,"cg12883014","CHST11","Body","S_Shelf","","","hg38_cpg_shelves; hg38_genes_introns","50515"
"cg09453103",0,0,0.0277088398940442,0,0.0277088398940442,"chr16",1095865,"-","chr16",1045865,"cg09453103","","","N_Shelf","","","hg38_cpg_inter",""
"cg12236088",0,0,0,0.0277057035588159,0.0277057035588159,"chr2",105275812,"+","chr2",104659354,"cg12236088","","","Island","AC013402.5;AC013402.5","1stExon;5'UTR","hg38_cpg_islands; hg38_genes_exons; hg38_genes_introns; hg38_genes_promoters","105373526"
"cg10249828",0,0,0,0.0275006879035446,0.0275006879035446,"chr1",75594261,"+","chr1",75128576,"cg10249828","LHX8;LHX8","1stExon;5'UTR","N_Shore","LHX8;RP11-510C10.2;LHX8","1stExon;3'UTR;5'UTR","hg38_cpg_shores; hg38_genes_1to5kb; hg38_genes_5UTRs; hg38_genes_exons; hg38_genes_introns","431707"
"cg07882648",0,0,0,0.0274917852494145,0.0274917852494145,"chr20",62153067,"-","chr20",63521714,"cg07882648","PPDPF","Body","Island","PPDPF;PPDPF","5'UTR;ExonBnd","hg38_cpg_islands; hg38_genes_exons","79144"
"cg06791446",0,0.0274766315308247,0,0,0.0274766315308247,"chr10",123355268,"+","chr10",121595754,"cg06791446","FGFR2;FGFR2;FGFR2;FGFR2;FGFR2;FGFR2;FGFR2","5'UTR;5'UTR;5'UTR;5'UTR;TSS1500;5'UTR;5'UTR","N_Shore","FGFR2;FGFR2;FGFR2;FGFR2;FGFR2;FGFR2;FGFR2","5'UTR;5'UTR;5'UTR;5'UTR;5'UTR;5'UTR;5'UTR","hg38_cpg_shores; hg38_genes_1to5kb; hg38_genes_5UTRs; hg38_genes_exons; hg38_genes_introns","2263"
"cg12968598",0,0,0,0.0274429857629992,0.0274429857629992,"chr6",47444699,"+","chr6",47476963,"cg12968598","CD2AP","TSS1500","N_Shore","CD2AP","TSS1500","hg38_cpg_shores; hg38_genes_promoters","23607"
"cg17328665",0,0,0.0270855911624203,0,0.0270855911624203,"chr1",7887199,"-","chr1",7827139,"cg17328665","PER3","Body","Island","RP3-467L1.4;RP3-467L1.4;PER3","1stExon;3'UTR;5'UTR","hg38_cpg_islands; hg38_genes_exons","124903833; 8863"
"cg02331262",0,0,0,-0.0269608434083494,0.0269608434083494,"chr16",87988631,"-","chr16",87955025,"cg02331262","BANP;BANP","5'UTR;5'UTR","N_Shelf","BANP;BANP;BANP","5'UTR;5'UTR;5'UTR","hg38_cpg_shelves; hg38_genes_1to5kb; hg38_genes_introns","54971"
"cg00872695",0,0,-0.0268951065705804,0,0.0268951065705804,"chr16",86592030,"+","chr16",86558424,"cg00872695","","","S_Shelf","","","hg38_cpg_shelves; hg38_genes_1to5kb","64779"
"cg02380135",0.0268432049468111,0,0,0,0.0268432049468111,"chr2",149866270,"-","chr2",149009756,"cg02380135","KIF5C","Body","N_Shore","KIF5C","5'UTR","hg38_cpg_shores; hg38_genes_exons; hg38_genes_introns","3800"
"cg20734569",0,0,0,-0.0268331321089344,0.0268331321089344,"chr3",48348370,"+","chr3",48306880,"cg20734569","SPINK8","3'UTR","OpenSea","SPINK8","3'UTR","hg38_cpg_inter; hg38_genes_3UTRs; hg38_genes_exons","646424"
"cg24087613",-0.0265626918563411,0,0,0,0.0265626918563411,"chr4",129112470,"+","chr4",128191315,"cg24087613","LARP1B","Body","OpenSea","LARP1B","5'UTR","hg38_cpg_inter; hg38_genes_introns","55132"
"cg12091331",-0.0264151805092681,0,0,0,0.0264151805092681,"chr8",42065314,"-","chr8",42207796,"cg12091331","PLAT;PLAT","TSS200;TSS200","OpenSea","PLAT;PLAT;PLAT","TSS200;TSS200;TSS1500","hg38_cpg_inter; hg38_genes_promoters","5327"
"cg22792461",-0.0261487981680972,0,0,0,0.0261487981680972,"chr10",97850322,"+","chr10",96090565,"cg22792461","","","S_Shore","RP11-429G19.2","TSS1500","hg38_cpg_shores; hg38_genes_promoters","728558"
"cg21192063",0,0,-0.0261393877311606,0,0.0261393877311606,"chr7",150948686,"-","chr7",151251600,"cg21192063","SMARCD3;SMARCD3","Body;Body","Island","RP5-1070G24.2;SMARCD3","5'UTR;3'UTR","hg38_cpg_shores; hg38_enhancers_fantom; hg38_genes_1to5kb; hg38_genes_introns","6604"
"cg01850179",0,0,-0.0259216645458587,0,0.0259216645458587,"chr19",10340795,"+","chr19",10230119,"cg01850179","S1PR2","5'UTR","Island","S1PR2","5'UTR","hg38_cpg_islands; hg38_genes_introns; hg38_genes_promoters","100422925; 1786; 9294"
"cg10318313",0,0,0.0259007753935566,0,0.0259007753935566,"chr11",3014937,"-","chr11",2993707,"cg10318313","NAP1L4","TSS1500","S_Shore","NAP1L4","TSS1500","hg38_cpg_shores; hg38_genes_1to5kb","4676"
"cg13944507",0,0,0.0258691997627031,0,0.0258691997627031,"chr12",10096112,"+","chr12",9943513,"cg13944507","","","OpenSea","AC091814.2","TSS200","hg38_cpg_inter; hg38_genes_promoters","100506159"
"cg14630382",0,0,0,-0.0258522899238369,0.0258522899238369,"chr18",13824396,"-","chr18",13824397,"cg14630382","MC5R","TSS1500","N_Shore","MC5R;AP001525.1","TSS1500;TSS1500","hg38_cpg_shores; hg38_genes_1to5kb; hg38_genes_introns","4161"
"cg10571901",0,0,0,-0.0258234476534805,0.0258234476534805,"chr2",43295303,"-","chr2",43068165,"cg10571901","","","Island","","","hg38_cpg_islands",""
"cg04738224",0,0,-0.0257983488453842,0,0.0257983488453842,"chr19",15618961,"-","chr19",15508150,"cg04738224","CYP4F22","TSS1500","N_Shore","","","hg38_cpg_inter; hg38_genes_promoters","126410"
"cg02513556",0,0,0.0255431415932748,0,0.0255431415932748,"chr12",10095902,"-","chr12",9943303,"cg02513556","","","OpenSea","AC091814.2;AC091814.2","1stExon;3'UTR","hg38_cpg_inter; hg38_genes_exons","100506159"
"cg03972071",0,0,0,-0.0254855112285887,0.0254855112285887,"chr18",72917163,"+","chr18",75205208,"cg03972071","ZADH2","Body","Island","ZADH2;ZADH2","5'UTR;1stExon","hg38_cpg_islands; hg38_genes_5UTRs; hg38_genes_exons; hg38_genes_introns","284273"
"cg22112075",0,0,0,-0.0253598474632439,0.0253598474632439,"chr2",85658146,"+","chr2",85431023,"cg22112075","","","OpenSea","SH2D6;SH2D6","5'UTR;5'UTR","hg38_cpg_inter; hg38_genes_1to5kb; hg38_genes_introns","284948"
"cg07011163",0,0,0.0253457538981715,0,0.0253457538981715,"chr17",6947325,"+","chr17",7044006,"cg07011163","SLC16A11","TSS200","Island","SLC16A11","TSS200","hg38_cpg_islands; hg38_genes_5UTRs; hg38_genes_exons; hg38_genes_promoters","162515"
"cg16474696",0,0,-0.0253342988988545,0,0.0253342988988545,"chr19",13875014,"-","chr19",13764200,"cg16474696","MRI1;MRI1","TSS1500;TSS1500","N_Shore","MRI1","TSS1500","hg38_cpg_shores; hg38_genes_promoters","84245"
"cg25903497",0.0252891288028949,0,0,0,0.0252891288028949,"chr2",219157103,"+","chr2",218292380,"cg25903497","PNKD;TMBIM1","Body;5'UTR","Island","PNKD;TMBIM1;TMBIM1;TMBIM1","5'UTR;5'UTR;5'UTR;5'UTR","hg38_cpg_islands; hg38_genes_1to5kb; hg38_genes_introns","105373880; 25953; 64114"
"cg14122961",0,0,0,-0.0252754977523863,0.0252754977523863,"chr9",35805041,"+","chr9",35805044,"cg14122961","NPR2","Body","OpenSea","","","hg38_cpg_inter; hg38_genes_1to5kb; hg38_genes_introns; hg38_genes_promoters","4882"
"cg00889599",0,0,0.0252580245329037,0,0.0252580245329037,"chr10",21810105,"+","chr10",21521176,"cg00889599","C10orf140","5'UTR","S_Shelf","C10orf140;C10orf140","3'UTR;5'UTR","hg38_cpg_shelves; hg38_genes_1to5kb; hg38_genes_introns","387640; 8028"
"cg08799816",0.0251519229251543,0,0,0,0.0251519229251543,"chr7",4854126,"+","chr7",4814495,"cg08799816","RADIL","Body","N_Shore","RADIL","3'UTR","hg38_cpg_shores; hg38_genes_1to5kb; hg38_genes_introns","55698"
"cg15978899",0,0,0,-0.0251049348645372,0.0251049348645372,"chr6",30882994,"+","chr6",30915217,"cg15978899","VARS2;VARS2;VARS2","Body;5'UTR;Body","S_Shore","VARS2;VARS2","5'UTR;ExonBnd","hg38_cpg_shores; hg38_genes_1to5kb; hg38_genes_5UTRs; hg38_genes_exons","57176"
"cg17621438",0,0,-0.0248419177305198,0,0.0248419177305198,"chr5",63461216,"+","chr5",64165389,"cg17621438","RNF180;RNF180","TSS1500;TSS1500","N_Shore","RNF180;RNF180","TSS1500;TSS1500","hg38_cpg_shores; hg38_genes_promoters","285671"
"cg17029694",0.0121577299251828,0,0,-0.024779407883447,0.024779407883447,"chr20",62166255,"-","chr20",63534902,"cg17029694","PTK6","Body","S_Shore","","","hg38_cpg_shores; hg38_genes_introns","5753"
"cg27105123",0,0,0,-0.0247444530793921,0.0247444530793921,"chr19",55582635,"-","chr19",55071267,"cg27105123","","","OpenSea","EPS8L1","TSS1500","hg38_cpg_inter; hg38_enhancers_fantom; hg38_genes_1to5kb; hg38_genes_exons; hg38_genes_promoters","112724; 54869"
"cg01988325",0,0,0,-0.0247034825386228,0.0247034825386228,"chr5",54467378,"+","chr5",55171550,"cg01988325","MIR449B;MIR449A;CDC20B;CDC20B;CDC20B","TSS1500;TSS1500;Body;Body;Body","N_Shore","MIR449A;MIR449B","TSS1500;TSS1500","hg38_cpg_shores; hg38_genes_introns; hg38_genes_promoters","166979; 554213; 693123"
"cg13534536",0,0,0,-0.0244806366196933,0.0244806366196933,"chr4",7938304,"-","chr4",7936577,"cg13534536","AFAP1;AFAP1","5'UTR;5'UTR","N_Shelf","AFAP1","5'UTR","hg38_cpg_shelves; hg38_genes_1to5kb; hg38_genes_introns","389199; 60312"
"cg15954353",0,-0.0242348393806532,0,0,0.0242348393806532,"chr17",5403337,"+","chr17",5500017,"cg15954353","LOC728392","3'UTR","Island","","","hg38_cpg_islands; hg38_genes_introns","124900388; 22861"
"cg01631226",0.0161855440048225,0,-0.0241447737424938,0,0.0241447737424938,"chr22",48792702,"-","chr22",48396890,"cg01631226","","","OpenSea","","","hg38_cpg_inter",""
"cg23167606",0,0,0,0.0237585856461128,0.0237585856461128,"chr14",22265369,"+","chr14",21797197,"cg23167606","","","OpenSea","TRAV8-1","TSS200","hg38_cpg_inter; hg38_genes_promoters",""
"cg06787104",0,0.0235008242092434,0,0,0.0235008242092434,"chr11",1457119,"-","chr11",1435889,"cg06787104","BRSK2","Body","OpenSea","BRSK2","5'UTR","hg38_cpg_shores; hg38_genes_1to5kb; hg38_genes_introns","9024"
"cg17600662",0.023347537152369,0,0,0,0.023347537152369,"chr17",2952767,"+","chr17",3049473,"cg17600662","","","S_Shore","","","hg38_cpg_shores",""
"cg21784894",0,0,0,-0.0231737421353998,0.0231737421353998,"chr4",648495,"-","chr4",654706,"cg21784894","PDE6B;PDE6B;PDE6B","Body;Body;Body","N_Shore","RP11-1191J2.2;RP11-1191J2.2","3'UTR;3'UTR","hg38_cpg_shores; hg38_genes_1to5kb; hg38_genes_introns; hg38_genes_promoters","101928521; 5158"
"cg08133641",-0.0151613081798645,0.0229274189778037,0,0,0.0229274189778037,"chr19",55888082,"-","chr19",55376714,"cg08133641","TMEM190","TSS200","N_Shore","TMEM190","TSS200","hg38_cpg_shores; hg38_genes_promoters","147744"
"cg06657721",0,0,0,0.022883419007221,0.022883419007221,"chr6",25027618,"-","chr6",25027390,"cg06657721","","","OpenSea","","","hg38_cpg_inter; hg38_enhancers_fantom; hg38_genes_1to5kb; hg38_genes_introns","102724765; 9750"
"cg00156669",0,0,0.0224892429696742,0,0.0224892429696742,"chr8",144852118,"-","chr8",143769948,"cg00156669","","","N_Shore","RP11-429J17.7","3'UTR","hg38_cpg_shores; hg38_genes_introns","105375800; 642574"
"cg04341544",0,0,0.0224159928650193,0,0.0224159928650193,"chr16",87916394,"-","chr16",87882788,"cg04341544","","","Island","","","hg38_cpg_islands; hg38_genes_introns","763"
"cg03887528",0,0,0,-0.0223569009087182,0.0223569009087182,"chr2",231090531,"+","chr2",230225816,"cg03887528","SP140;SP140;SP140;SP140","5'UTR;1stExon;1stExon;5'UTR","OpenSea","SP140;SP140;SP140;SP140;SP110;SP140;SP140;SP140;SP140;SP140;SP140;SP140;SP140;SP140;AC009950.1","5'UTR;1stExon;5'UTR;1stExon;TSS200;5'UTR;1stExon;5'UTR;1stExon;5'UTR;1stExon;5'UTR;1stExon;5'UTR;5'UTR","hg38_cpg_inter; hg38_genes_1to5kb; hg38_genes_5UTRs; hg38_genes_exons; hg38_genes_promoters","11262; 3431"
"cg13972423",0,-0.0221566718218671,0,0,0.0221566718218671,"chr14",59183596,"+","chr14",58716878,"cg13972423","","","OpenSea","","","hg38_cpg_inter; hg38_genes_introns","102723742"
"cg19351954",0,0,0.0221068081604541,0,0.0221068081604541,"chr7",156259207,"-","chr7",156466513,"cg19351954","","","OpenSea","","","hg38_cpg_inter; hg38_genes_introns","100506380; 285889"
"cg02571819",0,0,-0.0219952463870262,0,0.0219952463870262,"chr12",124017613,"+","chr12",123533066,"cg02571819","RILPL1","Body","Island","","","hg38_cpg_islands; hg38_genes_1to5kb; hg38_genes_introns","100500909; 353116"
"cg11398081",0,0,0,-0.0218570450607709,0.0218570450607709,"chr7",25268518,"+","chr7",25228899,"cg11398081","NPVF","TSS1500","OpenSea","NPVF","TSS1500","hg38_cpg_inter; hg38_genes_promoters","64111"
"cg06295987",0,0,-0.0218342049670851,0,0.0218342049670851,"chr3",80819383,"+","chr3",80770232,"cg06295987","","","N_Shore","RP11-47P18.1;RP11-47P18.2","3'UTR;5'UTR","hg38_cpg_inter; hg38_genes_introns; hg38_genes_promoters","105377175; 105377177"
"cg17802633",0,0,0,0.021738177976836,0.021738177976836,"chr2",68871468,"-","chr2",68644336,"cg17802633","PROKR1","TSS1500","S_Shore","PROKR1;PROKR1","5'UTR;TSS1500","hg38_cpg_shores; hg38_genes_introns","10887"
"cg26802564",0,0,0,-0.0216157702173063,0.0216157702173063,"chr1",30446406,"+","chr1",29973559,"cg26802564","","","OpenSea","","","hg38_cpg_inter; hg38_enhancers_fantom",""
"cg22484980",0,0,0,-0.0215957385465141,0.0215957385465141,"chr11",68815449,"+","chr11",69047981,"cg22484980","TPCN2","TSS1500","N_Shore","TPCN2;TPCN2;TPCN2","TSS1500;TSS1500;TSS1500","hg38_cpg_shores; hg38_genes_1to5kb; hg38_genes_promoters","219931"
"cg08506606",0,0,0,-0.0215552669608724,0.0215552669608724,"chr10",82295502,"-","chr10",80535746,"cg08506606","","","Island","RP11-137H2.4;RP11-137H2.4","3'UTR;1stExon","hg38_cpg_islands; hg38_genes_1to5kb; hg38_genes_exons","101929574; 387694"
"cg01635555",0,0,0,-0.0214114003601888,0.0214114003601888,"chr16",73101264,"-","chr16",73067365,"cg01635555","","","S_Shore","","","hg38_cpg_shores; hg38_genes_introns","463"
"cg18363918",0,0,-0.0213352288897627,0,0.0213352288897627,"chr19",51829984,"-","chr19",51326730,"cg18363918","IGLON5","Body","N_Shore","","","hg38_cpg_shores; hg38_genes_introns","402665"
"cg26385222",0.0212575494597099,0,0,0,0.0212575494597099,"chr7",150497077,"+","chr7",150799989,"cg26385222","TMEM176B;TMEM176B;TMEM176A;TMEM176B;TMEM176B;TMEM176B","TSS1500;5'UTR;TSS1500;5'UTR;5'UTR;5'UTR","Island","TMEM176B;TMEM176B;TMEM176B;TMEM176B;TMEM176B;TMEM176B;TMEM176A;TMEM176A;TMEM176B","5'UTR;5'UTR;5'UTR;5'UTR;5'UTR;5'UTR;TSS1500;TSS1500;ExonBnd","hg38_cpg_islands; hg38_genes_1to5kb; hg38_genes_introns; hg38_genes_promoters","28959; 55365"
"cg25271479",0,0.0212205460503004,0,0,0.0212205460503004,"chr11",1457346,"-","chr11",1436116,"cg25271479","BRSK2","Body","OpenSea","BRSK2;BRSK2","ExonBnd;5'UTR","hg38_cpg_shores; hg38_genes_1to5kb; hg38_genes_5UTRs; hg38_genes_exons","9024"
"cg05129572",0,0,0,-0.0211590691316006,0.0211590691316006,"chr15",56138634,"+","chr15",55846436,"cg05129572","NEDD4;NEDD4","Body;Body","OpenSea","","","hg38_cpg_inter; hg38_genes_introns","4734"
"cg26764761",0,0,0,-0.0210514879608087,0.0210514879608087,"chr16",87682142,"-","chr16",87648536,"cg26764761","JPH3","Body","S_Shelf","","","hg38_cpg_shelves; hg38_genes_introns","57338"
"cg26321999",-0.0209383191144163,0,0,0,0.0209383191144163,"chr6",30854011,"+","chr6",30886234,"cg26321999","DDR1;DDR1","5'UTR;5'UTR","S_Shore","DDR1;DDR1;DDR1;DDR1;DDR1;DDR1;DDR1","5'UTR;5'UTR;5'UTR;5'UTR;5'UTR;5'UTR;5'UTR","hg38_cpg_shores; hg38_genes_1to5kb; hg38_genes_introns; hg38_genes_promoters","100616237; 780"
"cg04370829",0,0,-0.0209220852610305,0,0.0209220852610305,"chr17",406249,"-","chr17",503009,"cg04370829","","","Island","RP5-1029F21.3","TSS200","hg38_cpg_islands; hg38_genes_promoters",""
"cg10639368",0,0,0,0.0208741706813413,0.0208741706813413,"chr2",240241218,"-","chr2",239319523,"cg10639368","HDAC4","Body","OpenSea","HDAC4","5'UTR","hg38_cpg_inter; hg38_genes_introns","9759"
"cg23912081",0,0.0208598384112851,0,0,0.0208598384112851,"chr2",4156091,"-","chr2",4108500,"cg23912081","","","Island","","","hg38_cpg_islands",""
"cg05184394",0,0,-0.0207896850362479,0,0.0207896850362479,"chr2",131512773,"+","chr2",130755200,"cg05184394","FAM123C;FAM123C;FAM123C;FAM123C","TSS1500;TSS1500;TSS1500;TSS1500","N_Shore","AC140481.8;AC140481.8;FAM123C;FAM123C","3'UTR;3'UTR;TSS1500;TSS1500","hg38_cpg_shores; hg38_genes_1to5kb; hg38_genes_introns; hg38_genes_promoters","124907890; 205147"
"cg24815934",0,0,0.0207370291605844,0,0.0207370291605844,"chr21",46332181,"-","chr21",44912266,"cg24815934","ITGB2;ITGB2","5'UTR;5'UTR","OpenSea","ITGB2;ITGB2;ITGB2;ITGB2;ITGB2;ITGB2;ITGB2;ITGB2","TSS1500;TSS1500;5'UTR;5'UTR;5'UTR;5'UTR;5'UTR;5'UTR","hg38_cpg_inter; hg38_genes_1to5kb; hg38_genes_introns; hg38_genes_promoters","3689"
"cg12580445",0,0,0,0.020714095389454,0.020714095389454,"chr5",121414634,"-","chr5",122078939,"cg12580445","LOX","TSS1500","S_Shore","LOX;LOX;LOX","TSS1500;TSS1500;TSS1500","hg38_cpg_shores; hg38_genes_1to5kb; hg38_genes_promoters","4015"
"cg06825163",0,0,-0.015416110294241,0.0205617219669476,0.0205617219669476,"chr1",202172912,"-","chr1",202203784,"cg06825163","LGR6;LGR6;LGR6","1stExon;Body;5'UTR","OpenSea","LGR6;LGR6;LGR6","5'UTR;1stExon;5'UTR","hg38_cpg_inter; hg38_genes_5UTRs; hg38_genes_exons; hg38_genes_introns","59352"
"cg07720851",0,0,0.0204919013636403,0,0.0204919013636403,"chr16",85650478,"-","chr16",85616872,"cg07720851","KIAA0182;KIAA0182","5'UTR;Body","S_Shore","KIAA0182","5'UTR","hg38_cpg_shores; hg38_enhancers_fantom; hg38_genes_introns","23199"
"cg19450111",0,0,0,0.0204331401198516,0.0204331401198516,"chr14",99728984,"+","chr14",99262647,"cg19450111","BCL11B;BCL11B","Body;Body","OpenSea","AL109767.1","TSS1500","hg38_cpg_inter; hg38_genes_introns; hg38_genes_promoters","64919"
"cg23522194",0.02034510251515,0,0,0,0.02034510251515,"chr19",48565189,"+","chr19",48061932,"cg23522194","PLA2G4C;PLA2G4C;PLA2G4C","Body;Body;Body","Island","","","hg38_cpg_islands; hg38_genes_exons; hg38_genes_introns","106144526; 8605"
"cg20540428",0,0,0,-0.0202492446720031,0.0202492446720031,"chr3",73045686,"+","chr3",72996535,"cg20540428","PPP4R2","TSS1500","N_Shore","PPP4R2;PPP4R2;PPP4R2","TSS1500;TSS1500;TSS1500","hg38_cpg_shores; hg38_genes_introns; hg38_genes_promoters","151987; 727936"
"cg01545223",0,0,-0.0201223830179319,0,0.0201223830179319,"chr19",22801034,"+","chr19",22618232,"cg01545223","","","Island","","","hg38_cpg_islands; hg38_genes_1to5kb; hg38_genes_introns","374890"
"cg06218338",0,0,0.0200749389065153,0,0.0200749389065153,"chr7",27231894,"-","chr7",27192275,"cg06218338","","","Island","RP1-170O19.14","3'UTR","hg38_cpg_islands; hg38_enhancers_fantom; hg38_genes_introns",""
"cg11796455",0,0,-0.019941991590775,0,0.019941991590775,"chr6",10883895,"-","chr6",10883662,"cg11796455","","","S_Shore","RP11-637O19.2;SYCP2L","5'UTR;5'UTR","hg38_cpg_shores; hg38_genes_1to5kb; hg38_genes_introns","221711; 9247"
"cg05399434",0,0,0,0.0199417419387176,0.0199417419387176,"chr10",123368681,"+","chr10",121609167,"cg05399434","","","Island","","","hg38_cpg_islands",""
"cg11211486",0,0,0,-0.0197760558424943,0.0197760558424943,"chr3",46033800,"-","chr3",45992308,"cg11211486","FYCO1","5'UTR","N_Shelf","FYCO1","5'UTR","hg38_cpg_shelves; hg38_genes_1to5kb; hg38_genes_introns","105377063; 79443"
"cg04096767",0,-0.0197713340446353,0,0,0.0197713340446353,"chr11",32449450,"+","chr11",32427904,"cg04096767","WT1;WT1;WT1;WT1","Body;Body;Body;Body","Island","","","hg38_cpg_islands; hg38_genes_introns","7490"
"cg13839957",0,0.0196635514776714,0,0,0.0196635514776714,"chr1",6165483,"-","chr1",6105423,"cg13839957","CHD5","3'UTR","OpenSea","CHD5;CHD5;CHD5;CHD5","3'UTR;3'UTR;3'UTR;3'UTR","hg38_cpg_inter; hg38_genes_3UTRs; hg38_genes_exons","26038"
"cg12006284",0,0,0,0.0196572884628719,0.0196572884628719,"chr11",32449638,"-","chr11",32428092,"cg12006284","WT1;WT1;WT1;WT1","Body;Body;Body;Body","Island","","","hg38_cpg_islands; hg38_genes_introns","7490"
"cg17607231",0,0,0,-0.0195340512360373,0.0195340512360373,"chr2",231090329,"-","chr2",230225614,"cg17607231","SP140;SP140","TSS200;TSS200","OpenSea","SP110;SP140;SP140;SP140;SP110;SP140;SP140;SP140;AC009950.1","5'UTR;TSS200;TSS200;TSS200;1stExon;TSS200;TSS200;TSS200;5'UTR","hg38_cpg_inter; hg38_genes_1to5kb; hg38_genes_5UTRs; hg38_genes_exons; hg38_genes_introns; hg38_genes_promoters","11262; 3431"
"cg22480875",0,0,0,0.0194755273241655,0.0194755273241655,"chr12",77417567,"+","chr12",77023787,"cg22480875","E2F7","3'UTR","OpenSea","E2F7;E2F7","3'UTR;3'UTR","hg38_cpg_inter; hg38_genes_3UTRs; hg38_genes_exons","144455"
"cg16127514",0,0,0,-0.0194656400091022,0.0194656400091022,"chr10",29273678,"+","chr10",28984749,"cg16127514","","","OpenSea","","","hg38_cpg_inter",""
"cg00784671",-0.0193251788836748,0,0,0,0.0193251788836748,"chr22",46762841,"+","chr22",46366944,"cg00784671","CELSR1","Body","Island","","","hg38_cpg_islands; hg38_genes_introns; hg38_genes_promoters","9620"
"cg04034577",0,0,0.0192285109622685,0,0.0192285109622685,"chr2",241836375,"+","chr2",240896958,"cg04034577","C2orf54","TSS1500","OpenSea","C2orf54","TSS1500","hg38_cpg_inter; hg38_genes_1to5kb; hg38_genes_promoters","79919"
"cg13434396",0,0,0,0.0192273250907392,0.0192273250907392,"chr19",1508555,"-","chr19",1508556,"cg13434396","ADAMTSL5","Body","N_Shore","ADAMTSL5;ADAMTSL5","5'UTR;ExonBnd","hg38_cpg_islands; hg38_genes_1to5kb; hg38_genes_5UTRs; hg38_genes_exons; hg38_genes_introns; hg38_genes_promoters","126520; 339366"
"cg02119348",0,0,0.0191709798871662,0,0.0191709798871662,"chr16",6069731,"+","chr16",6019730,"cg02119348","A2BP1;A2BP1;A2BP1;A2BP1","5'UTR;1stExon;1stExon;5'UTR","Island","RBFOX1;RBFOX1;RBFOX1;RBFOX1;RBFOX1;RP11-420N3.2;RBFOX1","1stExon;5'UTR;1stExon;5'UTR;1stExon;5'UTR;5'UTR","hg38_cpg_islands; hg38_genes_5UTRs; hg38_genes_exons; hg38_genes_introns","54715"
"cg09295799",0,0,0,0.0191604204733038,0.0191604204733038,"chr6",5994235,"+","chr6",5994002,"cg09295799","","","N_Shore","","","hg38_cpg_shores",""
"cg01815076",0,0,0,-0.0187960412364321,0.0187960412364321,"chr6",8435968,"+","chr6",8435735,"cg01815076","SLC35B3;SLC35B3;SLC35B3","TSS200;TSS200;TSS200","Island","SLC35B3;SLC35B3;SLC35B3","TSS200;TSS200;TSS1500","hg38_cpg_islands; hg38_genes_exons; hg38_genes_introns; hg38_genes_promoters","100506207; 105374910; 105374914; 112267952; 124901255; 51000"
"cg02356435",0,0,0.0187205383709386,0,0.0187205383709386,"chr3",16925533,"-","chr3",16884040,"cg02356435","PLCL2","TSS1500","Island","PLCL2;PLCL2","TSS1500;5'UTR","hg38_cpg_islands; hg38_genes_introns; hg38_genes_promoters","23228"
"cg12655137",0,0,0,0.0186987397598545,0.0186987397598545,"chr1",1609388,"-","chr1",1677949,"cg12655137","CDK11B;CDK11B;CDK11B;CDK11B;CDK11B;LOC728661;CDK11B","Body;Body;Body;Body;Body;5'UTR;5'UTR","S_Shore","SLC35E2B;SLC35E2B","5'UTR;5'UTR","hg38_cpg_shores; hg38_genes_introns","728661"
"cg02873098",0.0186677942472379,0,0,0,0.0186677942472379,"chr16",4524103,"+","chr16",4474102,"cg02873098","NMRAL1;HMOX2","Body;TSS1500","N_Shore","HMOX2;NMRAL1","TSS1500;ExonBnd","hg38_cpg_shores; hg38_genes_1to5kb; hg38_genes_exons; hg38_genes_promoters","3163; 57407"
"cg10358212",0,0,0,-0.0186503608353716,0.0186503608353716,"chr16",81069005,"-","chr16",81035400,"cg10358212","ATMIN","TSS1500","N_Shore","RP11-303E16.3;RP11-303E16.3;ATMIN","3'UTR;3'UTR;TSS1500","hg38_cpg_shores; hg38_genes_1to5kb; hg38_genes_introns; hg38_genes_promoters","107984858; 23300"
"cg13857646",0,-0.0185684417527701,0,0,0.0185684417527701,"chr9",140356757,"+","chr9",137462305,"cg13857646","PNPLA7;PNPLA7","Body;Body","Island","PNPLA7","3'UTR","hg38_cpg_islands; hg38_genes_1to5kb; hg38_genes_exons","26012; 375775"
"cg03299990",0,0,-0.0185655475931079,0,0.0185655475931079,"chr20",1757570,"-","chr20",1776924,"cg03299990","","","N_Shore","RP4-673D20.3","3'UTR","hg38_cpg_shores; hg38_genes_introns","100289473; 124904858"
"cg09553982",0,0,-0.0185550417003504,0,0.0185550417003504,"chr10",77875676,"-","chr10",76115918,"cg09553982","C10orf11","Body","S_Shelf","C10orf11","5'UTR","hg38_cpg_shelves; hg38_genes_introns","83938"
"cg18693985",0,0,0,-0.0185230897195377,0.0185230897195377,"chr5",173351052,"-","chr5",173924049,"cg18693985","CPEB4","Body","OpenSea","CPEB4","5'UTR","hg38_cpg_inter; hg38_genes_introns","80315"
"cg17091577",-0.0182121828563936,0,0,0,0.0182121828563936,"chr6",30854233,"+","chr6",30886456,"cg17091577","DDR1;DDR1","5'UTR;5'UTR","S_Shore","DDR1;DDR1;DDR1;DDR1;DDR1;DDR1;DDR1","5'UTR;5'UTR;5'UTR;5'UTR;5'UTR;5'UTR;5'UTR","hg38_cpg_shelves; hg38_genes_1to5kb; hg38_genes_introns; hg38_genes_promoters","100616237; 780"
"cg15465743",0,0,0.0180402184819165,0,0.0180402184819165,"chr11",1413145,"+","chr11",1391915,"cg15465743","BRSK2","Body","S_Shore","","","hg38_cpg_shores; hg38_genes_introns","9024"
"cg15439745",0,0,0.017886143883584,0,0.017886143883584,"chr17",29158582,"+","chr17",30831564,"cg15439745","ATAD5","TSS1500","N_Shore","ATAD5","TSS1500","hg38_cpg_shores; hg38_genes_1to5kb; hg38_genes_promoters","79915"
"cg24432245",0,0,0,0.0177458967334368,0.0177458967334368,"chr17",72350581,"+","chr17",74354442,"cg24432245","KIF19","Body","Island","","","hg38_cpg_islands; hg38_genes_exons","124602"
"cg20311631",0,0,0.0176695195962218,0,0.0176695195962218,"chr19",11517268,"+","chr19",11406592,"cg20311631","RGL3;RGL3","Body;Body","Island","","","hg38_cpg_islands; hg38_genes_1to5kb; hg38_genes_3UTRs; hg38_genes_exons","57139"
"cg22262704",0,0,-0.0176571842591161,0,0.0176571842591161,"chr20",23861280,"-","chr20",23880643,"cg22262704","CST5","TSS1500","OpenSea","CST5","TSS1500","hg38_cpg_inter; hg38_genes_promoters","1473"
"cg11841562",0,0,-0.0176184692375694,0.0175086948411247,0.0176184692375694,"chr5",128320387,"+","chr5",128984694,"cg11841562","SLC27A6;SLC27A6","Body;Body","OpenSea","","","hg38_cpg_inter; hg38_genes_introns","28965"
"cg09271661",0,0,0,-0.0174582496552178,0.0174582496552178,"chr1",3039059,"-","chr1",3122495,"cg09271661","PRDM16;PRDM16","Body;Body","S_Shore","","","hg38_cpg_shores; hg38_genes_introns","63976"
"cg10886225",0,0,0.0174326061879289,0,0.0174326061879289,"chr8",33282384,"+","chr8",33424866,"cg10886225","FUT10","Body","OpenSea","FUT10","3'UTR","hg38_cpg_inter; hg38_genes_introns","84750"
"cg06199346",0,0,0.0173685142463973,0,0.0173685142463973,"chr11",14280333,"+","chr11",14258787,"cg06199346","SPON1","Body","N_Shore","","","hg38_cpg_shores; hg38_genes_1to5kb; hg38_genes_introns","10418"
"cg00498804",0,0,0,-0.0169243809829389,0.0169243809829389,"chr11",8827626,"+","chr11",8806079,"cg00498804","ST5;ST5;ST5","5'UTR;5'UTR;5'UTR","OpenSea","RP11-318C2.1;RP11-318C2.1;ST5;ST5;ST5;ST5;ST5","5'UTR;5'UTR;5'UTR;5'UTR;5'UTR;5'UTR;5'UTR","hg38_cpg_inter; hg38_genes_introns","102724784; 6764"
"cg01389428",0,0.0165545776938696,0,0,0.0165545776938696,"chr16",11594557,"-","chr16",11500701,"cg01389428","","","OpenSea","","","hg38_cpg_inter; hg38_genes_introns","400499"
"cg25052156",0,0.0165057631056756,0,0,0.0165057631056756,"chr10",123355454,"+","chr10",121595940,"cg25052156","FGFR2;FGFR2;FGFR2;FGFR2;FGFR2;FGFR2","5'UTR;5'UTR;5'UTR;5'UTR;5'UTR;5'UTR","N_Shore","FGFR2;FGFR2;FGFR2;FGFR2;FGFR2;FGFR2;FGFR2","5'UTR;5'UTR;5'UTR;5'UTR;5'UTR;5'UTR;5'UTR","hg38_cpg_shores; hg38_genes_1to5kb; hg38_genes_5UTRs; hg38_genes_exons; hg38_genes_introns","2263"
"cg09386303",0,0,0.0165056044574303,0,0.0165056044574303,"chr12",48551862,"+","chr12",48158079,"cg09386303","ASB8","TSS1500","S_Shore","ASB8;ASB8;ASB8;ASB8;ASB8;ASB8;ASB8;ASB8;ASB8","TSS1500;TSS1500;TSS1500;TSS1500;TSS1500;TSS1500;TSS1500;TSS1500;TSS1500","hg38_cpg_shores; hg38_genes_1to5kb; hg38_genes_introns; hg38_genes_promoters","140461"
"cg12648201",0,0,-0.0163936025528613,0,0.0163936025528613,"chr2",27665141,"-","chr2",27442274,"cg12648201","KRTCAP3;KRTCAP3","TSS200;TSS200","Island","KRTCAP3;KRTCAP3;KRTCAP3","TSS200;TSS200;TSS200","hg38_cpg_islands; hg38_genes_1to5kb; hg38_genes_promoters","200634"
"cg25560443",0,0,0,0.0162696529445054,0.0162696529445054,"chr2",23726440,"+","chr2",23503570,"cg25560443","KLHL29","5'UTR","OpenSea","KLHL29","5'UTR","hg38_cpg_inter; hg38_genes_introns","114818"
"cg25767906",0,0,0,0.0162380086490395,0.0162380086490395,"chr1",53392781,"+","chr1",52927109,"cg25767906","SCP2;SCP2","TSS200;TSS200","N_Shore","SCP2;SCP2;SCP2;ECHDC2;ECHDC2","TSS1500;TSS200;TSS200;1stExon;5'UTR","hg38_cpg_shores; hg38_genes_1to5kb; hg38_genes_5UTRs; hg38_genes_exons; hg38_genes_promoters","55268; 6342"
"cg25491704",0,0,0,-0.0160885256123283,0.0160885256123283,"chr6",33048879,"-","chr6",33081102,"cg25491704","HLA-DPB1","Body","S_Shore","HLA-DPB1;HLA-DPA1;HLA-DPB1;HLA-DPB1","5'UTR;TSS1500;3'UTR;5'UTR","hg38_cpg_shores; hg38_genes_exons; hg38_genes_introns; hg38_genes_promoters","3113; 3115"
"cg05475524",0,0,-0.0160612589913092,0,0.0160612589913092,"chr11",66326798,"-","chr11",66559327,"cg05475524","ACTN3","Body","Island","CTD-3074O7.2","3'UTR","hg38_cpg_islands; hg38_genes_exons; hg38_genes_introns","89"
"cg08461760",0,-0.0159962601269697,0,0,0.0159962601269697,"chr7",25703644,"-","chr7",25664024,"cg08461760","","","OpenSea","AC003090.1","TSS1500","hg38_cpg_inter; hg38_genes_1to5kb; hg38_genes_introns; hg38_genes_promoters","646588"
"cg24096855",0,0,-0.0158135482870754,0,0.0158135482870754,"chr19",38700334,"-","chr19",38209694,"cg24096855","","","Island","","","hg38_cpg_islands",""
"cg18592459",0,0,0,-0.0156936630378315,0.0156936630378315,"chr1",240774809,"+","chr1",240611509,"cg18592459","GREM2","5'UTR","OpenSea","GREM2","5'UTR","hg38_cpg_inter; hg38_genes_introns","64388"
"cg27565517",0.015517869007973,0,0,0,0.015517869007973,"chr6",12292676,"+","chr6",12292443,"cg27565517","EDN1;EDN1","Body;Body","OpenSea","","","hg38_cpg_inter; hg38_genes_exons","1906"
"cg21122075",0,0,0.0154042225443768,0,0.0154042225443768,"chr5",180512070,"+","chr5",181085070,"cg21122075","","","OpenSea","","","hg38_cpg_inter",""
"cg04728402",0,0,-0.0153332777495242,0,0.0153332777495242,"chr11",62104662,"+","chr11",62337190,"cg04728402","ASRGL1;ASRGL1","TSS200;TSS200","N_Shore","ASRGL1;ASRGL1;ASRGL1;RP11-703H8.7","TSS1500;TSS1500;TSS1500;3'UTR","hg38_cpg_shores; hg38_genes_exons; hg38_genes_promoters","80150"
"cg05548190",0.0151625483962348,0,0,0,0.0151625483962348,"chr5",176432570,"-","chr5",177005569,"cg05548190","UIMC1","5'UTR","N_Shore","UIMC1;UIMC1;UIMC1;UIMC1;UIMC1;UIMC1","5'UTR;5'UTR;5'UTR;5'UTR;5'UTR;5'UTR","hg38_cpg_shores; hg38_genes_introns","51720"
"cg19448478",0.0150809112609795,0,0,0,0.0150809112609795,"chr2",121301692,"-","chr2",120544116,"cg19448478","","","OpenSea","AC073257.2","3'UTR","hg38_cpg_inter; hg38_genes_exons; hg38_genes_introns","105373585"
"cg21767759",0,0,0,0.0149875305681173,0.0149875305681173,"chr17",48154356,"-","chr17",50076992,"cg21767759","ITGA3;ITGA3","Body;Body","OpenSea","ITGA3;ITGA3","3'UTR;ExonBnd","hg38_cpg_inter; hg38_genes_1to5kb; hg38_genes_3UTRs; hg38_genes_exons; hg38_genes_promoters","3675"
"cg12063490",0,0,0,0.0149407557118198,0.0149407557118198,"chr19",12759131,"+","chr19",12648317,"cg12063490","MAN2B1","Body","Island","","","hg38_cpg_islands; hg38_genes_1to5kb; hg38_genes_exons; hg38_genes_promoters","4125"
"cg00546117",0,0,0.0148999963637375,0,0.0148999963637375,"chr1",8445545,"-","chr1",8385485,"cg00546117","RERE;RERE;RERE","5'UTR;Body;Body","OpenSea","RERE","5'UTR","hg38_cpg_inter; hg38_genes_introns","473"
"cg06644428",0,0,0,0.0148516756139979,0.0148516756139979,"chr2",233284112,"-","chr2",232419402,"cg06644428","","","Island","","","hg38_cpg_islands; hg38_genes_exons",""
"cg05872129",0,-0.0145471534389238,0,0,0.0145471534389238,"chr22",39784769,"-","chr22",39388764,"cg05872129","","","Island","","","hg38_cpg_islands",""
"cg00655184",0,0,0,0.0145292667467026,0.0145292667467026,"chr18",19997912,"+","chr18",22417949,"cg00655184","CTAGE1","TSS200","OpenSea","CTAGE1","TSS200","hg38_cpg_inter; hg38_genes_1to5kb; hg38_genes_promoters","64693"
"cg01238435",0,0,-0.0144457840355806,0,0.0144457840355806,"chr5",141595696,"-","chr5",142216131,"cg01238435","","","OpenSea","","","hg38_cpg_inter",""
"cg00472277",0,-0.0143943346321467,0,0,0.0143943346321467,"chr11",2327755,"-","chr11",2306525,"cg00472277","TSPAN32","Body","OpenSea","TSPAN32","5'UTR","hg38_cpg_inter; hg38_genes_1to5kb; hg38_genes_introns; hg38_genes_promoters","10077; 29125"
"cg09012858",0,0,0,0.0143336243968215,0.0143336243968215,"chr6",28984234,"-","chr6",29016457,"cg09012858","","","N_Shore","","","hg38_cpg_shores",""
"cg23411869",0,0,0,-0.0139101391886732,0.0139101391886732,"chr17",74846412,"-","chr17",76850330,"cg23411869","","","OpenSea","","","hg38_cpg_inter; hg38_genes_exons","283994"
"cg06167730",0,0,0,-0.0138804702875127,0.0138804702875127,"chr8",991533,"-","chr8",1041533,"cg06167730","","","Island","","","hg38_cpg_islands; hg38_genes_introns","9228"
"cg24474852",0,0,0,-0.0138716339465722,0.0138716339465722,"chr1",230850050,"-","chr1",230714304,"cg24474852","AGT;AGT","1stExon;5'UTR","OpenSea","AGT;AGT","TSS200;TSS200","hg38_cpg_inter; hg38_genes_5UTRs; hg38_genes_exons; hg38_genes_introns; hg38_genes_promoters","183"
"cg15838173",0,0,0,-0.0137091054270494,0.0137091054270494,"chr10",75533400,"-","chr10",73773642,"cg15838173","FUT11","Body","S_Shore","FUT11","5'UTR","hg38_cpg_shores; hg38_genes_exons; hg38_genes_promoters","170384"
"cg13647382",0,0,0.0137034267444535,0,0.0137034267444535,"chr6",75912547,"+","chr6",75202831,"cg13647382","COL12A1;COL12A1","5'UTR;5'UTR","S_Shore","COL12A1;COL12A1;COL12A1;COL12A1;COL12A1;COL12A1","TSS200;5'UTR;5'UTR;5'UTR;5'UTR;ExonBnd","hg38_cpg_shores; hg38_genes_introns; hg38_genes_promoters","1303"
"cg20313873",0.0136734255327276,0,0,0,0.0136734255327276,"chr10",101436820,"+","chr10",99677063,"cg20313873","ENTPD7","Body","OpenSea","","","hg38_cpg_inter; hg38_genes_introns","1355; 57089"
"cg19935065",0,0,0,0.0134952345229999,0.0134952345229999,"chr10",98062687,"+","chr10",96302930,"cg19935065","DNTT;DNTT","TSS1500;TSS1500","OpenSea","DNTT;DNTT;RP11-35J23.1","TSS1500;TSS1500;5'UTR","hg38_cpg_inter; hg38_genes_1to5kb; hg38_genes_introns","1791"
"cg21491967",0,0,0,0.0134861753853213,0.0134861753853213,"chr6",156276515,"+","chr6",155955381,"cg21491967","","","OpenSea","","","hg38_cpg_inter; hg38_genes_introns","101928923"
"cg12633154",0,0,0,-0.0133904095538814,0.0133904095538814,"chr6",30039435,"-","chr6",30071658,"cg12633154","RNF39;RNF39","Body;Body","Island","","","hg38_cpg_islands; hg38_genes_exons","80352"
"cg08033130",-0.0130636588161701,0,0,0,0.0130636588161701,"chr3",45983597,"-","chr3",45942105,"cg08033130","CXCR6;FYCO1","TSS1500;Body","OpenSea","CXCR6;CXCR6;FYCO1","5'UTR;TSS1500;5'UTR","hg38_cpg_inter; hg38_genes_1to5kb; hg38_genes_introns","10663; 79443"
"cg00356499",0,0,-0.0129460149179083,0,0.0129460149179083,"chr4",3516065,"-","chr4",3514338,"cg00356499","LRPAP1","Body","N_Shore","LRPAP1","3'UTR","hg38_cpg_shores; hg38_genes_introns","4043"
"cg15799267",0,0,0,-0.0126937374504318,0.0126937374504318,"chr17",7942406,"-","chr17",8039088,"cg15799267","ALOX15B;ALOX15B;ALOX15B;ALOX15B;ALOX15B;ALOX15B","5'UTR;5'UTR;1stExon;5'UTR;1stExon;1stExon","OpenSea","ALOX15B;ALOX15B;ALOX15B;ALOX15B;ALOX15B;ALOX15B;ALOX15B","TSS200;5'UTR;1stExon;5'UTR;1stExon;5'UTR;1stExon","hg38_cpg_inter; hg38_genes_5UTRs; hg38_genes_exons; hg38_genes_promoters","247"
"cg02637654",0,0,0.0126590057268593,0,0.0126590057268593,"chr2",230934329,"+","chr2",230069613,"cg02637654","SLC16A14","TSS1500","S_Shore","SLC16A14","TSS1500","hg38_cpg_shores; hg38_genes_1to5kb; hg38_genes_promoters","151473"
"cg00958927",0,0,0.0126459196117958,0,0.0126459196117958,"chr1",175162553,"+","chr1",175193417,"cg00958927","KIAA0040;KIAA0040;KIAA0040;KIAA0040","TSS1500;TSS1500;TSS1500;TSS1500","S_Shore","KIAA0040;KIAA0040;KIAA0040;KIAA0040;KIAA0040","TSS1500;TSS1500;TSS1500;TSS1500;TSS1500","hg38_cpg_shores; hg38_genes_promoters","9674"
"cg00944388",0,0,0,0.0126039836673028,0.0126039836673028,"chr16",2907695,"+","chr16",2857694,"cg00944388","PRSS22","Body","Island","PRSS22;LA16c-325D7.1","3'UTR;TSS1500","hg38_cpg_inter; hg38_genes_1to5kb; hg38_genes_exons; hg38_genes_introns; hg38_genes_promoters","64063"
"cg08614290",0,0,-0.0126034890685046,0,0.0126034890685046,"chr7",158938491,"+","chr7",159145799,"cg08614290","VIPR2","TSS1500","Island","VIPR2;VIPR2;VIPR2","TSS1500;TSS1500;TSS1500","hg38_cpg_islands; hg38_genes_promoters","7434"
"cg24843346",0,0,-0.0125995590931071,0,0.0125995590931071,"chr8",142736091,"+","chr8",141725913,"cg24843346","","","S_Shore","","","hg38_cpg_shores",""
"cg20329210",0,0,0,0.012556307416127,0.012556307416127,"chr1",228566080,"-","chr1",228378379,"cg20329210","OBSCN","Body","Island","","","hg38_cpg_islands; hg38_genes_3UTRs; hg38_genes_exons","84033"
"cg23114616",0,0,0,-0.0125336598929588,0.0125336598929588,"chr1",6526398,"-","chr1",6466338,"cg23114616","TNFRSF25;PLEKHG5;TNFRSF25;PLEKHG5;PLEKHG5;TNFRSF25;PLEKHG5;TNFRSF25;PLEKHG5;TNFRSF25;TNFRSF25","TSS200;3'UTR;TSS200;3'UTR;3'UTR;TSS200;3'UTR;TSS200;3'UTR;TSS200;TSS200","S_Shore","PLEKHG5;TNFRSF25;TNFRSF25;TNFRSF25;PLEKHG5","3'UTR;TSS200;TSS200;TSS1500;3'UTR","hg38_cpg_islands; hg38_genes_1to5kb; hg38_genes_promoters","8718"
"cg11861731",0,0,0,-0.0123004379977287,0.0123004379977287,"chr19",2721819,"+","chr19",2721821,"cg11861731","DIRAS1","TSS1500","N_Shore","DIRAS1","TSS1500","hg38_cpg_shores; hg38_genes_1to5kb; hg38_genes_introns; hg38_genes_promoters","148252; 29985"
"cg00753885",0,0,0,-0.0122215994057936,0.0122215994057936,"chr12",57401797,"-","chr12",57008013,"cg00753885","","","S_Shore","","","hg38_cpg_shores; hg38_genes_1to5kb","9880"
"cg14598846",0,0,0,-0.0120988363503833,0.0120988363503833,"chr8",145008909,"-","chr8",143934741,"cg14598846","PLEC1;PLEC1;PLEC1;PLEC1;PLEC1;PLEC1;PLEC1;PLEC1","Body;Body;Body;Body;Body;Body;Body;Body","Island","PLEC","ExonBnd","hg38_cpg_islands; hg38_genes_introns","5339"
"cg24299306",0,0,0.0116505075557897,0,0.0116505075557897,"chr12",10096152,"+","chr12",9943553,"cg24299306","","","OpenSea","AC091814.2","TSS200","hg38_cpg_inter; hg38_genes_promoters","100506159"
"cg11734329",0,0,0,0.0115835118902948,0.0115835118902948,"chr19",7460671,"-","chr19",7395785,"cg11734329","ARHGEF18","5'UTR","S_Shore","CTD-2207O23.3;ARHGEF18","5'UTR;5'UTR","hg38_cpg_shores; hg38_genes_introns; hg38_genes_promoters","107985284; 23370"
"cg19569526",0,0,0,-0.0114261276494112,0.0114261276494112,"chr5",155754265,"+","chr5",156327255,"cg19569526","SGCD;SGCD;SGCD","5'UTR;5'UTR;5'UTR","OpenSea","SGCD;SGCD;SGCD","5'UTR;5'UTR;5'UTR","hg38_cpg_inter; hg38_genes_introns","6444"
"cg24374538",0,0,0.011401646386784,-0.000130365945321286,0.011401646386784,"chr19",54704434,"-","chr19",54200566,"cg24374538","RPS9","TSS1500","N_Shore","RPS9;RPS9;RPS9;RPS9;AC012314.20;RPS9","TSS1500;TSS1500;TSS1500;TSS1500;TSS1500;TSS200","hg38_cpg_shores; hg38_genes_promoters","6203"
"cg18222544",0.0112667135668533,0,0,0,0.0112667135668533,"chr1",114576186,"-","chr1",114033564,"cg18222544","","","OpenSea","","","hg38_cpg_inter; hg38_genes_exons; hg38_genes_introns","56944"
"cg04954795",0,0,0,-0.0112004531368921,0.0112004531368921,"chr21",42617159,"-","chr21",41245232,"cg04954795","BACE2;BACE2;BACE2","Body;Body;Body","N_Shore","BACE2","5'UTR","hg38_cpg_shores; hg38_genes_introns","25825"
"cg25258033",0,0,0,0.0109628416278836,0.0109628416278836,"chr6",167368657,"-","chr6",166955169,"cg25258033","RNASET2","Body","N_Shore","RNASET2","5'UTR","hg38_cpg_shores; hg38_genes_1to5kb; hg38_genes_exons; hg38_genes_introns","8635"
"cg20727114",0,0,0,0.0109448152186346,0.0109448152186346,"chr19",50194120,"+","chr19",49690863,"cg20727114","CPT1C;CPT1C;C19orf76","TSS1500;TSS1500;3'UTR","Island","CPT1C;CPT1C;CPT1C;CPT1C;CPT1C","TSS1500;TSS1500;TSS1500;TSS1500;TSS1500","hg38_cpg_islands; hg38_genes_promoters","126129"
"cg03463411",0,0,0,0.0108894293555588,0.0108894293555588,"chr4",81118188,"+","chr4",80197034,"cg03463411","PRDM8;PRDM8","TSS1500;5'UTR","Island","PRDM8;PRDM8;PRDM8;PRDM8","5'UTR;5'UTR;5'UTR;TSS1500","hg38_cpg_islands; hg38_genes_5UTRs; hg38_genes_exons; hg38_genes_promoters","105377303; 56978"
"cg05187965",0,0,-0.0104195300840681,0,0.0104195300840681,"chr10",45406764,"+","chr10",44911316,"cg05187965","TMEM72;TMEM72","5'UTR;1stExon","OpenSea","TMEM72;TMEM72;TMEM72;RP11-285G1.2;TMEM72;TMEM72-AS1","5'UTR;1stExon;1stExon;3'UTR;5'UTR;3'UTR","hg38_cpg_inter; hg38_genes_5UTRs; hg38_genes_exons; hg38_genes_introns; hg38_genes_promoters","220980; 643236"
"cg04672903",-0.0103822647863198,0,0,0,0.0103822647863198,"chr4",6675309,"-","chr4",6673582,"cg04672903","LOC93622","TSS1500","N_Shore","RP11-539L10.3;RP11-539L10.3;AC093323.3;AC093323.3","3'UTR;3'UTR;1stExon;5'UTR","hg38_cpg_shores; hg38_genes_5UTRs; hg38_genes_exons; hg38_genes_introns; hg38_genes_promoters","105374366; 93622"
"cg14098951",0,0,-0.0102445218290431,0,0.0102445218290431,"chr5",176875120,"+","chr5",177448119,"cg14098951","PRR7","5'UTR","S_Shore","PRR7;RP11-1334A24.4;PRR7;PRR7","TSS1500;TSS1500;5'UTR;5'UTR","hg38_cpg_shores; hg38_genes_1to5kb; hg38_genes_introns; hg38_genes_promoters","340037; 80758"
"cg09578319",0,0,-0.00969952083882995,0,0.00969952083882995,"chr17",4900256,"+","chr17",4996961,"cg09578319","INCA1;INCA1;INCA1;KIF1C;INCA1","5'UTR;5'UTR;5'UTR;TSS1500;5'UTR","N_Shore","KIF1C;INCA1;INCA1;INCA1","TSS1500;1stExon;5'UTR;5'UTR","hg38_cpg_shores; hg38_genes_5UTRs; hg38_genes_exons; hg38_genes_introns; hg38_genes_promoters","10749; 388324"
"cg15247329",0,0,-0.00957703112779556,0,0.00957703112779556,"chr7",2764246,"+","chr7",2724612,"cg15247329","","","OpenSea","AMZ1","5'UTR","hg38_cpg_inter; hg38_genes_introns","155185"
"cg02100150",0,0,0,-0.00948908108726763,0.00948908108726763,"chr8",128920485,"-","chr8",127908239,"cg02100150","PVT1","Body","OpenSea","PVT1","5'UTR","hg38_cpg_inter; hg38_enhancers_fantom; hg38_genes_1to5kb; hg38_genes_introns","5820"
"cg25344845",0,0,0,-0.00928021044226452,0.00928021044226452,"chr8",103263981,"+","chr8",102251753,"cg25344845","","","OpenSea","KB-431C1.4;KB-431C1.4","5'UTR;5'UTR","hg38_cpg_inter; hg38_genes_1to5kb; hg38_genes_introns","101927221"
"cg03457142",0,0,0,0.00891079065132162,0.00891079065132162,"chr3",71804859,"+","chr3",71755708,"cg03457142","EIF4E3;EIF4E3","TSS1500;TSS1500","S_Shore","GPR27;EIF4E3;EIF4E3;GPR27","1stExon;TSS1500;TSS1500;3'UTR","hg38_cpg_shores; hg38_genes_1to5kb; hg38_genes_3UTRs; hg38_genes_exons; hg38_genes_promoters","27086; 2850; 317649"
"cg01243312",0,0,0,0.0089096758449871,0.0089096758449871,"chr2",136422981,"+","chr2",135665411,"cg01243312","MIR128-1;R3HDM1","Body;Body","OpenSea","MIR128-1","5'UTR","hg38_cpg_inter; hg38_genes_exons; hg38_genes_introns","23518; 406915"
"cg06620993",-0.00885984587368155,0,0,0,0.00885984587368155,"chr10",105420831,"-","chr10",103661073,"cg06620993","SH3PXD2A","Body","Island","","","hg38_cpg_islands; hg38_genes_exons","9644"
"cg00191458",-0.00851412867712606,0,0,0,0.00851412867712606,"chr5",169757859,"+","chr5",170330855,"cg00191458","LOC257358","TSS1500","OpenSea","CTB-114C7.3","TSS1500","hg38_cpg_inter; hg38_genes_introns; hg38_genes_promoters","257358"
"cg16606731",0,0,0,-0.00848047681748483,0.00848047681748483,"chr6",152958649,"-","chr6",152637514,"cg16606731","SYNE1;SYNE1","TSS1500;TSS200","S_Shore","SYNE1;SYNE1;SYNE1","TSS1500;TSS1500;TSS200","hg38_cpg_shores; hg38_genes_5UTRs; hg38_genes_exons; hg38_genes_promoters","23345"
"cg13874070",0,0,0,-0.00847873386484189,0.00847873386484189,"chr17",27347053,"-","chr17",29020035,"cg13874070","","","Island","","","hg38_cpg_islands; hg38_genes_introns","105371716; 51268"
"cg23400446",-0.00838813425878651,0,0,0,0.00838813425878651,"chr10",135342560,"+","chr10",133529056,"cg23400446","CYP2E1","Body","Island","CYP2E1;SPRN","5'UTR;5'UTR","hg38_cpg_islands; hg38_genes_1to5kb; hg38_genes_introns","1571"
"cg14352586",0.00837369430795458,0,0,0,0.00837369430795458,"chr9",101594150,"-","chr9",98831868,"cg14352586","GALNT12","Body","OpenSea","","","hg38_cpg_inter; hg38_genes_3UTRs; hg38_genes_exons","79695"
"cg21110337",0,0.00834453123480831,0,0,0.00834453123480831,"chr12",113671028,"+","chr12",113233223,"cg21110337","TPCN1;TPCN1","Body;Body","OpenSea","","","hg38_cpg_inter; hg38_enhancers_fantom; hg38_genes_introns","53373"
"cg08690876",0,0,0,0.00833689269801286,0.00833689269801286,"chr22",43040721,"+","chr22",42644715,"cg08690876","CYB5R3;CYB5R3;CYB5R3","5'UTR;Body;5'UTR","OpenSea","CYB5R3;CYB5R3;CYB5R3;CYB5R3","5'UTR;5'UTR;5'UTR;TSS1500","hg38_cpg_inter; hg38_genes_1to5kb; hg38_genes_introns; hg38_genes_promoters","1727; 267020"
"cg01097406",0,-0.0082281789647791,0,0,0.0082281789647791,"chr16",89675127,"-","chr16",89608719,"cg01097406","","","OpenSea","","","hg38_cpg_inter; hg38_genes_1to5kb","1800"
"cg15016771",0,0,0,-0.00820284107727085,0.00820284107727085,"chr2",235403218,"-","chr2",234494574,"cg15016771","ARL4C;ARL4C","3'UTR;1stExon","N_Shore","ARL4C;ARL4C;ARL4C","3'UTR;3'UTR;1stExon","hg38_cpg_shores; hg38_genes_3UTRs; hg38_genes_exons","10123"
"cg14132236",0,0,0,0.00819097503418919,0.00819097503418919,"chr6",28984254,"-","chr6",29016477,"cg14132236","","","N_Shore","","","hg38_cpg_shores",""
"cg18174542",0,0,-0.00805000817020903,0,0.00805000817020903,"chr22",41956861,"+","chr22",41560857,"cg18174542","CSDC2","TSS200","OpenSea","CSDC2;CSDC2","1stExon;5'UTR","hg38_cpg_inter; hg38_genes_exons; hg38_genes_promoters","105373044; 27254"
"cg02483701",0,0,0,-0.00774470517326728,0.00774470517326728,"chr7",27215610,"-","chr7",27175991,"cg02483701","HOXA10","Body","S_Shore","RP1-170O19.21","TSS1500","hg38_cpg_shores; hg38_genes_1to5kb; hg38_genes_introns; hg38_genes_promoters","100534589; 3205; 3206"
"cg07323141",0,0,0.00760841810794191,0,0.00760841810794191,"chr2",239140169,"-","chr2",238231528,"cg07323141","LOC151174;LOC643387;LOC151174","Body;TSS200;Body","Island","AC016757.3;AC016757.3;AC016757.3;AC016757.3;AC016757.3;AC016757.3;AC096574.4;AC016757.3","3'UTR;5'UTR;1stExon;1stExon;TSS200;TSS200;TSS200;TSS200","hg38_cpg_islands; hg38_genes_1to5kb; hg38_genes_exons; hg38_genes_promoters","151174"
"cg12381416",0,0,0,-0.00744156641236538,0.00744156641236538,"chr3",14359266,"+","chr3",14317766,"cg12381416","","","OpenSea","","","hg38_cpg_inter",""
"cg01806427",0,-0.00743181871546203,0,0,0.00743181871546203,"chr5",123737813,"+","chr5",124402120,"cg01806427","","","OpenSea","RP11-93O7.5","3'UTR","hg38_cpg_inter; hg38_genes_introns","101927397; 107986448"
"cg18833928",0,0,-0.00739171315976559,0,0.00739171315976559,"chr7",38357684,"-","chr7",38318083,"cg18833928","","","OpenSea","TRGV9;TRGV9","1stExon;5'UTR","hg38_cpg_inter; hg38_genes_5UTRs; hg38_genes_exons",""
"cg18153977",0.00736435394613983,0,0,0,0.00736435394613983,"chr8",144952929,"+","chr8",143878761,"cg18153977","","","Island","EPPK1","TSS1500","hg38_cpg_islands; hg38_genes_promoters","83481"
"cg23959977",0,0,0.00725086517518665,0,0.00725086517518665,"chr2",242509493,"-","chr2",241570078,"cg23959977","BOK","Body","OpenSea","","","hg38_cpg_inter; hg38_genes_introns","666"
"cg13209077",0,0,0,-0.0072373133041443,0.0072373133041443,"chr1",213554497,"+","chr1",213381154,"cg13209077","","","OpenSea","","","hg38_cpg_inter",""
"cg07673080",0,0,0,0.00704673816885687,0.00704673816885687,"chr2",240241154,"+","chr2",239319459,"cg07673080","HDAC4","Body","OpenSea","HDAC4","5'UTR","hg38_cpg_inter; hg38_genes_introns","9759"
"cg03680517",0.00700359935464084,0,0,0,0.00700359935464084,"chr10",43632967,"-","chr10",43137519,"cg03680517","CSGALNACT2","TSS1500","Island","CSGALNACT2","TSS1500","hg38_cpg_islands; hg38_genes_exons; hg38_genes_promoters","55454"
"cg02583091",0.00683027238768083,0,0,0,0.00683027238768083,"chr8",145638881,"+","chr8",144413497,"cg02583091","SLC39A4;SLC39A4","Body;Body","Island","SLC39A4;SLC39A4","ExonBnd;3'UTR","hg38_cpg_islands; hg38_genes_1to5kb; hg38_genes_exons; hg38_genes_introns","29894; 55630"
"cg01727419",0,-0.00664337925493339,0,0,0.00664337925493339,"chr10",105616523,"+","chr10",103856765,"cg01727419","SH3PXD2A","TSS1500","S_Shore","SH3PXD2A;SH3PXD2A","TSS1500;TSS1500","hg38_cpg_shores; hg38_genes_1to5kb","9644"
"cg18846074",0,0,0,0.0065069091818446,0.0065069091818446,"chr14",24801073,"+","chr14",24331867,"cg18846074","ADCY4","Body","N_Shore","ADCY4","5'UTR","hg38_cpg_shores; hg38_genes_1to5kb; hg38_genes_exons","196883"
"cg20928945",0,0.00641531971706609,0,0,0.00641531971706609,"chr7",960411,"+","chr7",920774,"cg20928945","ADAP1","Body","S_Shore","ADAP1","3'UTR","hg38_cpg_shores; hg38_genes_introns","11033"
"cg07576074",0,0,-0.00637875070169203,0,0.00637875070169203,"chr21",46131878,"-","chr21",44711963,"cg07576074","C21orf29","TSS1500","S_Shelf","TSPEAR;TSPEAR","TSS1500;TSS1500","hg38_cpg_shelves; hg38_genes_promoters","54084"
"cg25664938",0,0,0,-0.00632406471480681,0.00632406471480681,"chr3",119030023,"-","chr3",119311176,"cg25664938","CDGAP","Body","OpenSea","","","hg38_cpg_inter; hg38_genes_introns","57514"
"cg19764594",0,0,0,0.00625421033732444,0.00625421033732444,"chr3",10806288,"+","chr3",10764603,"cg19764594","LOC285370","TSS1500","OpenSea","AC018495.2;AC018495.2","TSS1500;TSS1500","hg38_cpg_inter; hg38_genes_1to5kb; hg38_genes_promoters","285370"
"cg20891558",0,0,0,-0.0062127561335052,0.0062127561335052,"chr2",74357851,"-","chr2",74130724,"cg20891558","","","Island","","","hg38_cpg_islands; hg38_genes_1to5kb; hg38_genes_exons; hg38_genes_introns","200424"
"cg23117829",0,0,0.00619911599970843,0,0.00619911599970843,"chr6",27146353,"-","chr6",27178574,"cg23117829","","","S_Shore","","","hg38_cpg_shores; hg38_genes_exons",""
"cg20851317",0,0,-0.00618297319840649,0,0.00618297319840649,"chr18",47792341,"+","chr18",50265971,"cg20851317","CCDC11","Body","N_Shore","","","hg38_cpg_shores; hg38_genes_introns","220136"
"cg06597413",0,0,0,-0.00617098356135587,0.00617098356135587,"chr11",69251883,"+","chr11",69437115,"cg06597413","","","OpenSea","","","hg38_cpg_inter",""
"cg05475205",0,0,0,-0.0061177688481823,0.0061177688481823,"chr5",176305017,"-","chr5",176878016,"cg05475205","UNC5A","Body","Island","","","hg38_cpg_islands; hg38_genes_exons","90249"
"cg00925087",0,0,0.00605411733294529,0,0.00605411733294529,"chr2",48962273,"-","chr2",48735134,"cg00925087","LHCGR","Body","OpenSea","","","hg38_cpg_inter; hg38_genes_introns","286749; 3973"
"cg12412030",0,0,0,-0.0060506328387811,0.0060506328387811,"chr18",8406757,"+","chr18",8406759,"cg12412030","PTPRM;PTPRM","3'UTR;3'UTR","OpenSea","PTPRM;PTPRM","3'UTR;3'UTR","hg38_cpg_inter; hg38_genes_3UTRs; hg38_genes_exons","5797"
"cg00988037",0,0,-0.00595730877529989,0,0.00595730877529989,"chr1",54869007,"-","chr1",54403334,"cg00988037","SSBP3;SSBP3;SSBP3","Body;Body;Body","N_Shore","SSBP3","5'UTR","hg38_cpg_shores; hg38_genes_introns; hg38_genes_promoters","23648"
"cg16078649",0,0,0,-0.00571451793985395,0.00571451793985395,"chr6",30039466,"-","chr6",30071689,"cg16078649","RNF39;RNF39","Body;Body","Island","RNF39","ExonBnd","hg38_cpg_islands; hg38_genes_exons","80352"
"cg03717367",0,0,0,-0.00570761041920694,0.00570761041920694,"chr9",139980219,"+","chr9",137085767,"cg03717367","LOC100289341;MAN1B1","Body;TSS1500","N_Shore","MAN1B1","TSS1500","hg38_cpg_shores; hg38_genes_1to5kb; hg38_genes_exons","100289341; 11253"
"cg23282441",0,0,0,-0.00561721934659899,0.00561721934659899,"chr10",73533927,"+","chr10",71774170,"cg23282441","C10orf54;CDH23","TSS1500;Body","S_Shore","C10orf54;C10orf54","TSS1500;TSS1500","hg38_cpg_shores; hg38_genes_introns; hg38_genes_promoters","64072; 64115"
"cg18071532",0,-0.00551710250276438,0,0,0.00551710250276438,"chr12",48357234,"+","chr12",47963451,"cg18071532","TMEM106C;TMEM106C;TMEM106C;TMEM106C","TSS200;TSS200;TSS200;TSS200","Island","TMEM106C;TMEM106C;TMEM106C;TMEM106C;TMEM106C;TMEM106C;TMEM106C","TSS200;TSS200;TSS200;TSS200;TSS200;TSS200;TSS200","hg38_cpg_islands; hg38_genes_1to5kb; hg38_genes_exons; hg38_genes_promoters","79022"
"cg15473904",0,0.00550544020161766,0,0,0.00550544020161766,"chr9",140446993,"+","chr9",137552541,"cg15473904","MRPL41","3'UTR","S_Shore","MRPL41","3'UTR","hg38_cpg_shores; hg38_genes_1to5kb; hg38_genes_3UTRs; hg38_genes_exons","375775; 64975"
"cg02362984",0,0,0,-0.0054642353673053,0.0054642353673053,"chr17",42201844,"+","chr17",44124476,"cg02362984","HDAC5;HDAC5","TSS1500;TSS1500","S_Shore","HDAC5","TSS1500","hg38_cpg_shores; hg38_genes_1to5kb; hg38_genes_promoters","10014"
"cg20227471",0,0,-0.00532095057357971,0,0.00532095057357971,"chr2",25065550,"-","chr2",24842681,"cg20227471","ADCY3","Body","OpenSea","ADCY3","TSS1500","hg38_cpg_inter; hg38_genes_1to5kb; hg38_genes_introns; hg38_genes_promoters","109"
"cg14939821",0.00531542453288347,0,0,0,0.00531542453288347,"chr10",128947230,"+","chr10",127148966,"cg14939821","DOCK1;FAM196A","Body;Body","OpenSea","","","hg38_cpg_inter; hg38_genes_introns","1793; 642938"
"cg10962762",0,0,0,-0.00525254723506703,0.00525254723506703,"chr1",228075749,"-","chr1",227888048,"cg10962762","","","Island","","","hg38_cpg_islands",""
"cg07616791",0,0,0,0.00518371219017368,0.00518371219017368,"chr15",101661720,"-","chr15",101121515,"cg07616791","","","OpenSea","","","hg38_cpg_inter",""
"cg13408214",0,0,0,0.00515150498170449,0.00515150498170449,"chr17",40823572,"+","chr17",42671554,"cg13408214","PLEKHH3","Body","Island","PLEKHH3","ExonBnd","hg38_cpg_islands; hg38_genes_1to5kb; hg38_genes_exons","79990"
"cg09838568",0,0,-0.00512375845730571,0,0.00512375845730571,"chr21",45769981,"-","chr21",44350098,"cg09838568","","","OpenSea","TRPM2","TSS200","hg38_cpg_islands; hg38_genes_1to5kb; hg38_genes_promoters","7226"
"cg01209984",0,0,0,-0.0050028031425929,0.0050028031425929,"chr21",47469679,"+","chr21",46049765,"cg01209984","","","OpenSea","","","hg38_cpg_inter; hg38_genes_1to5kb",""
"cg17724687",0,0,0.00490462235605813,0,0.00490462235605813,"chr1",7887346,"+","chr1",7827286,"cg17724687","PER3","Body","Island","RP3-467L1.4;RP3-467L1.4;PER3","1stExon;3'UTR;5'UTR","hg38_cpg_islands; hg38_genes_exons","124903833; 8863"
"cg08401938",0,0,0.00487704133092936,0,0.00487704133092936,"chr7",158155932,"-","chr7",158363240,"cg08401938","PTPRN2;PTPRN2;PTPRN2","Body;Body;Body","OpenSea","","","hg38_cpg_inter; hg38_genes_introns","5799"
"cg02870945",0,0,0.00486378102367134,0,0.00486378102367134,"chr2",86565124,"-","chr2",86338001,"cg02870945","REEP1;REEP1;REEP1;REEP1","Body;TSS1500;TSS1500;TSS1500","S_Shore","REEP1;REEP1;REEP1","TSS1500;TSS1500;TSS1500","hg38_cpg_shores; hg38_genes_introns; hg38_genes_promoters","65055"
"cg19806221",0,0,0,0.00468067073113978,0.00468067073113978,"chr8",37824765,"-","chr8",37967247,"cg19806221","ADRB3","TSS1500","S_Shore","ADRB3","TSS1500","hg38_cpg_shores; hg38_genes_1to5kb; hg38_genes_promoters","155"
"cg04841983",0,0,0,0.00442634063491615,0.00442634063491615,"chr11",110968091,"+","chr11",111097367,"cg04841983","","","OpenSea","","","hg38_cpg_inter; hg38_genes_introns; hg38_genes_promoters","102723966; 105369490"
"cg00469015",0,0,0,0.00434714380615729,0.00434714380615729,"chr15",69744684,"-","chr15",69452345,"cg00469015","RPLP1;RPLP1","TSS1500;TSS1500","N_Shore","RPLP1;RPLP1;RPLP1","TSS1500;TSS1500;TSS1500","hg38_cpg_shores; hg38_genes_promoters","6176"
"cg19473989",0,0,0,-0.0042849177154973,0.0042849177154973,"chr4",7912384,"+","chr4",7910657,"cg19473989","AFAP1;AFAP1","5'UTR;5'UTR","OpenSea","AFAP1","5'UTR","hg38_cpg_inter; hg38_genes_introns","60312"
"cg02196256",0,0,-0.00427634217596069,0,0.00427634217596069,"chr7",148321082,"+","chr7",148623990,"cg02196256","","","OpenSea","","","hg38_cpg_inter; hg38_genes_introns","105375557"
"cg24879335",0,0,0,-0.00411258430448868,0.00411258430448868,"chr3",133465180,"-","chr3",133746336,"cg24879335","TF;TF","5'UTR;1stExon","Island","TF;TF;TF;TF;TFP1","TSS1500;5'UTR;1stExon;TSS200;5'UTR","hg38_cpg_islands; hg38_genes_1to5kb; hg38_genes_exons; hg38_genes_introns; hg38_genes_promoters","7018"
"cg08017634",0,0,0,-0.00406861506241395,0.00406861506241395,"chr8",144659831,"+","chr8",143577661,"cg08017634","NAPRT1","Body","Island","NAPRT1;NAPRT1","TSS1500;ExonBnd","hg38_cpg_islands; hg38_genes_1to5kb; hg38_genes_exons; hg38_genes_promoters","642475; 93100"
"cg06362048",0,-0.00400698373964122,0,0,0.00400698373964122,"chr16",15051589,"+","chr16",14957732,"cg06362048","","","OpenSea","","","hg38_cpg_inter; hg38_genes_1to5kb",""
"cg24933241",0,0,0.00399795699710407,0,0.00399795699710407,"chr1",42506516,"+","chr1",42040845,"cg24933241","","","OpenSea","","","hg38_cpg_inter; hg38_genes_1to5kb; hg38_genes_exons; hg38_genes_introns","124904161; 59269"
"cg26334209",0,0,0,0.00399338656599073,0.00399338656599073,"chr10",13726634,"-","chr10",13684634,"cg26334209","FRMD4A","Body","OpenSea","","","hg38_cpg_inter; hg38_genes_exons; hg38_genes_introns","55691"
"cg18106582",0,0,0,-0.00386068189095128,0.00386068189095128,"chr5",53816023,"+","chr5",54520193,"cg18106582","SNX18;SNX18;SNX18;SNX18","1stExon;Body;3'UTR;Body","S_Shore","SNX18;SNX18","1stExon;3'UTR","hg38_cpg_shores; hg38_genes_3UTRs; hg38_genes_exons; hg38_genes_introns","112574"
"cg08857906",0,0,0.00384617324667397,0,0.00384617324667397,"chr1",28156999,"+","chr1",27830488,"cg08857906","PPP1R8;PPP1R8;PPP1R8","TSS1500;TSS1500;TSS1500","N_Shore","PPP1R8;PPP1R8;PPP1R8;PPP1R8","TSS1500;TSS1500;TSS1500;TSS1500","hg38_cpg_shores; hg38_genes_1to5kb; hg38_genes_introns; hg38_genes_promoters","124903885; 5511; 677774"
"cg14223001",0,0,0.00369777905792739,0,0.00369777905792739,"chr11",44978881,"+","chr11",44957330,"cg14223001","","","Island","","","hg38_cpg_islands",""
"cg21052766",0,0,0,0.00360778313016103,0.00360778313016103,"chr11",20134289,"+","chr11",20112743,"cg21052766","NAV2;NAV2;NAV2;NAV2","Body;Body;Body;Body","OpenSea","NAV2","3'UTR","hg38_cpg_inter; hg38_enhancers_fantom; hg38_genes_1to5kb; hg38_genes_introns","89797"
"cg13541527",0,0.00336562301203097,0,0,0.00336562301203097,"chr6",31804078,"+","chr6",31836301,"cg13541527","C6orf48;C6orf48;SNORD52","5'UTR;5'UTR;TSS1500","S_Shore","C6orf48;C6orf48;C6orf48;C6orf48;C6orf48;C6orf48;C6orf48;SNORD52;C6orf48;C6orf48","5'UTR;5'UTR;5'UTR;5'UTR;5'UTR;5'UTR;TSS1500;TSS1500;ExonBnd;ExonBnd","hg38_cpg_shores; hg38_genes_exons; hg38_genes_introns; hg38_genes_promoters","26797; 50854"
"cg11848254",0.00336434364761833,0,0,0,0.00336434364761833,"chr7",134939464,"+","chr7",135254712,"cg11848254","STRA8","Body","OpenSea","","","hg38_cpg_inter; hg38_genes_introns","346673"
"cg18036734",0,0,0.00335697575655296,0,0.00335697575655296,"chr5",177036766,"-","chr5",177609765,"cg18036734","B4GALT7","3'UTR","S_Shore","B4GALT7;B4GALT7;RP11-1277A3.1","3'UTR;3'UTR;TSS1500","hg38_cpg_shores; hg38_genes_1to5kb; hg38_genes_3UTRs; hg38_genes_exons","11285"
"cg12590521",0,0,-0.00333685054307373,0,0.00333685054307373,"chr12",121678474,"+","chr12",121240671,"cg12590521","CAMKK2;CAMKK2;CAMKK2;CAMKK2;CAMKK2","3'UTR;3'UTR;3'UTR;3'UTR;3'UTR","OpenSea","CAMKK2;CAMKK2;CAMKK2;CAMKK2;CAMKK2","3'UTR;3'UTR;3'UTR;3'UTR;3'UTR","hg38_cpg_inter; hg38_genes_3UTRs; hg38_genes_exons; hg38_genes_introns","10645"
"cg00319655",0,0,0,-0.00332616863879758,0.00332616863879758,"chr4",79473327,"-","chr4",78552173,"cg00319655","ANXA3","5'UTR","S_Shore","ANXA3;ANXA3;ANXA3","5'UTR;5'UTR;5'UTR","hg38_cpg_shores; hg38_genes_1to5kb; hg38_genes_5UTRs; hg38_genes_exons; hg38_genes_introns","306"
"cg03594801",0,0,-0.00331546063029689,0,0.00331546063029689,"chr17",77948865,"+","chr17",79975066,"cg03594801","TBC1D16","Body","N_Shelf","","","hg38_cpg_shelves; hg38_genes_introns","125058"
"cg10182869",0,0,0,0.00321987090781871,0.00321987090781871,"chr7",19813525,"-","chr7",19773902,"cg10182869","TMEM196","TSS1500","S_Shore","TMEM196;TMEM196;TMEM196;TMEM196","TSS1500;TSS1500;TSS1500;TSS1500","hg38_cpg_inter; hg38_genes_promoters","256130"
"cg14704527",0,0,0,-0.00321472899968026,0.00321472899968026,"chr19",11618526,"+","chr19",11507711,"cg14704527","ECSIT;ECSIT;ECSIT;ECSIT","Body;Body;Body;Body","S_Shore","ECSIT","ExonBnd","hg38_cpg_shores; hg38_genes_1to5kb; hg38_genes_3UTRs; hg38_genes_5UTRs; hg38_genes_exons; hg38_genes_introns; hg38_genes_promoters","115950; 51295"
"cg18540328",0,0,0,-0.00316222950750089,0.00316222950750089,"chr5",90575362,"-","chr5",91279545,"cg18540328","","","N_Shore","","","hg38_cpg_shores; hg38_genes_introns; hg38_genes_promoters","100505994; 107986432"
"cg15476523",0,0,0.00312605221767209,0,0.00312605221767209,"chr4",85887600,"-","chr4",84966447,"cg15476523","C4orf12;WDFY3","TSS1500;TSS200","Island","WDFY3-AS2;WDFY3;WDFY3-AS2","1stExon;TSS200;5'UTR","hg38_cpg_islands; hg38_genes_1to5kb; hg38_genes_5UTRs; hg38_genes_exons; hg38_genes_introns; hg38_genes_promoters","23001; 404201"
"cg18604939",0.00310200591621445,0,0,0,0.00310200591621445,"chr12",66455689,"+","chr12",66061909,"cg18604939","","","OpenSea","","","hg38_cpg_inter; hg38_genes_1to5kb",""
"cg09704168",0.00307460179461372,0,0,0,0.00307460179461372,"chr17",32751554,"+","chr17",34424535,"cg09704168","","","OpenSea","","","hg38_cpg_inter",""
"cg01001286",0,0,0,0.00307407413864067,0.00307407413864067,"chr15",81475638,"-","chr15",81183297,"cg01001286","","","OpenSea","","","hg38_cpg_inter; hg38_genes_introns","3603"
"cg00614959",0,0,-0.00266706089834597,0,0.00266706089834597,"chr4",720870,"+","chr4",727081,"cg00614959","PCGF3","5'UTR","N_Shelf","PCGF3;PCGF3;PCGF3;PCGF3","5'UTR;5'UTR;5'UTR;5'UTR","hg38_cpg_shelves; hg38_genes_1to5kb; hg38_genes_introns","10336"
"cg03433313",-0.00254218216209276,0,0,0,0.00254218216209276,"chr16",819064,"+","chr16",769064,"cg03433313","MIR662","TSS1500","OpenSea","MIR662","TSS1500","hg38_cpg_shores; hg38_genes_1to5kb","724032"
"cg26748794",0,0,0,0.00247815546347043,0.00247815546347043,"chr16",88804051,"-","chr16",88737643,"cg26748794","FAM38A","Body","Island","RP5-1142A6.2;RP5-1142A6.2;PIEZO1;RP5-1142A6.2","1stExon;5'UTR;ExonBnd;5'UTR","hg38_cpg_islands; hg38_genes_1to5kb; hg38_genes_exons; hg38_genes_introns","100289580; 9780"
"cg04677340",0.00235573375450258,0,0,0,0.00235573375450258,"chr10",51784543,"+","chr10",50024783,"cg04677340","","","N_Shore","RP11-324H6.5","3'UTR","hg38_cpg_shores; hg38_genes_introns","100421577"
"cg14783904",0,0,-0.00216867764548176,0,0.00216867764548176,"chr17",9729422,"+","chr17",9826105,"cg14783904","GLP2R","1stExon","OpenSea","GLP2R;GLP2R","5'UTR;1stExon","hg38_cpg_inter; hg38_genes_1to5kb; hg38_genes_exons; hg38_genes_introns","644070; 9340"
"cg19253577",0,0,0,-0.00208146302868041,0.00208146302868041,"chr22",22904270,"+","chr22",22561865,"cg19253577","LOC648691","Body","S_Shelf","","","hg38_cpg_shelves; hg38_genes_1to5kb; hg38_genes_introns","23532; 648691"
"cg20053110",0,0,0,0.00205233061492599,0.00205233061492599,"chr6",37617864,"+","chr6",37650088,"cg20053110","MDGA1","Body","Island","MDGA1;MDGA1","ExonBnd;TSS1500","hg38_cpg_islands; hg38_genes_1to5kb; hg38_genes_exons; hg38_genes_introns","266727"
"cg19776793",0,0,0,0.00202348851571787,0.00202348851571787,"chr17",79225974,"+","chr17",81252174,"cg19776793","SLC38A10;SLC38A10","Body;Body","OpenSea","SLC38A10","ExonBnd","hg38_cpg_inter; hg38_genes_1to5kb; hg38_genes_exons; hg38_genes_introns","124565"
"cg27367871",0.00198364588279735,0,0,0,0.00198364588279735,"chr2",237478030,"+","chr2",236569387,"cg27367871","CXCR7","TSS1500","S_Shore","CXCR7","TSS1500","hg38_cpg_shores; hg38_genes_introns; hg38_genes_promoters","57007"
"cg04719721",0,0,0,0.00192335373233198,0.00192335373233198,"chr11",9787121,"+","chr11",9765574,"cg04719721","","","OpenSea","RP11-540A21.3","5'UTR","hg38_cpg_inter; hg38_enhancers_fantom; hg38_genes_introns","105369149; 283104"
"cg27262054",0,0,0.00191962082435066,0,0.00191962082435066,"chr16",73067525,"-","chr16",73033626,"cg27262054","ZFHX3;ZFHX3","5'UTR;5'UTR","OpenSea","ZFHX3;ZFHX3","5'UTR;5'UTR","hg38_cpg_inter; hg38_enhancers_fantom; hg38_genes_introns","463"
"cg14348540",0,0,-0.00186419739461873,0,0.00186419739461873,"chr8",22224272,"+","chr8",22366759,"cg14348540","SLC39A14;SLC39A14;SLC39A14;SLC39A14","TSS1500;TSS1500;TSS1500;TSS1500","N_Shore","SLC39A14;SLC39A14;SLC39A14;SLC39A14","TSS1500;TSS1500;TSS1500;TSS1500","hg38_cpg_shores; hg38_genes_promoters","23516"
"cg16415457",0.00170594084749237,0,0,0,0.00170594084749237,"chr3",23713441,"-","chr3",23671950,"cg16415457","","","OpenSea","","","hg38_cpg_inter",""
"cg13679714",0,0,-0.00167329044616476,0,0.00167329044616476,"chr17",77706946,"+","chr17",79733148,"cg13679714","ENPP7","Body","N_Shore","","","hg38_cpg_shores; hg38_genes_1to5kb; hg38_genes_introns","339221"
"cg09455823",0,0.00164157280000186,0,0,0.00164157280000186,"chr2",201606912,"-","chr2",200742189,"cg09455823","","","OpenSea","","","hg38_cpg_inter; hg38_genes_introns","107161151"
"cg24337025",0,0.00162798891952631,0,0,0.00162798891952631,"chr3",196705884,"-","chr3",196979013,"cg24337025","","","OpenSea","","","hg38_cpg_inter; hg38_genes_exons",""
"cg12229841",0,0,-0.00155086981481612,0,0.00155086981481612,"chr19",4338852,"-","chr19",4338855,"cg12229841","STAP2;STAP2","TSS200;TSS200","OpenSea","STAP2","TSS200","hg38_cpg_inter; hg38_genes_1to5kb; hg38_genes_5UTRs; hg38_genes_exons; hg38_genes_promoters","55620; 84954"
"cg09610644",0.00132301655933695,0,0,0,0.00132301655933695,"chr3",197249274,"-","chr3",197522403,"cg09610644","BDH1;BDH1;BDH1","Body;Body;Body","OpenSea","","","hg38_cpg_inter; hg38_genes_introns","622"
"cg17512474",0,0,0,-0.00105081130606142,0.00105081130606142,"chr5",149546335,"-","chr5",150166772,"cg17512474","CDX1","TSS200","Island","CDX1;CDX1","TSS200;TSS200","hg38_cpg_islands; hg38_genes_promoters","1044"
"cg25123427",0,0,-0.000876309231486034,0,0.000876309231486034,"chr3",39054994,"+","chr3",39013503,"cg25123427","","","OpenSea","","","hg38_cpg_inter; hg38_genes_introns","11280"
"cg16174809",0.000696752513540187,0,0,0,0.000696752513540187,"chr1",26324082,"-","chr1",25997591,"cg16174809","PAFAH2","5'UTR","N_Shore","PAFAH2;PAFAH2;PAFAH2","5'UTR;5'UTR;3'UTR","hg38_cpg_shores; hg38_genes_5UTRs; hg38_genes_exons; hg38_genes_introns","5051"
"cg11950754",0,0,-0.000665884441566961,0,0.000665884441566961,"chr1",53782077,"-","chr1",53316405,"cg11950754","LRP8;LRP8;LRP8;LRP8","Body;Body;Body;Body","OpenSea","LRP8","5'UTR","hg38_cpg_inter; hg38_genes_introns","7804"
"cg16303562",0,-0.000624789978543166,0,0,0.000624789978543166,"chr8",16050333,"-","chr8",16192824,"cg16303562","MSR1;MSR1;MSR1","TSS200;TSS200;TSS200","OpenSea","MSR1;MSR1;MSR1;MSR1","TSS200;TSS200;TSS200;TSS200","hg38_cpg_inter; hg38_genes_introns; hg38_genes_promoters","4481"
"cg23849826",0,0,0,-0.000610162606661196,0.000610162606661196,"chr15",39872186,"+","chr15",39579985,"cg23849826","THBS1","TSS1500","N_Shore","THBS1","TSS1500","hg38_cpg_shores; hg38_genes_1to5kb","7057"
"cg00832924",0,0,-0.000340776501470344,0,0.000340776501470344,"chr7",117449060,"-","chr7",117809006,"cg00832924","CTTNBP2","Body","OpenSea","","","hg38_cpg_inter; hg38_genes_introns","83992"
"cg24428877",0,0,0,-0.000256134525614336,0.000256134525614336,"chr6",21664652,"+","chr6",21664421,"cg24428877","","","Island","","","hg38_cpg_islands; hg38_genes_1to5kb; hg38_genes_introns; hg38_genes_promoters","124901274; 401237"
"cg17158414",0,0,-0.000239413680917484,0,0.000239413680917484,"chr2",27665306,"+","chr2",27442439,"cg17158414","KRTCAP3;KRTCAP3","1stExon;1stExon","Island","KRTCAP3;KRTCAP3;KRTCAP3","TSS200;1stExon;1stExon","hg38_cpg_islands; hg38_genes_1to5kb; hg38_genes_exons; hg38_genes_promoters","200634"
"cg05624577",0,0,0,-0.000149025879083707,0.000149025879083707,"chr15",81411055,"+","chr15",81118714,"cg05624577","","","Island","","","hg38_cpg_islands; hg38_genes_introns; hg38_genes_promoters","161502"
"cg05575921",0,0,0.000147003797195257,0,0.000147003797195257,"chr5",373378,"+","chr5",373263,"cg05575921","AHRR","Body","N_Shore","AHRR","5'UTR","hg38_cpg_shores; hg38_genes_introns","116412618; 57491"
"cg24788483",0,0,0.000145486235815176,0,0.000145486235815176,"chr10",114911652,"-","chr10",113151893,"cg24788483","TCF7L2;TCF7L2;TCF7L2;TCF7L2;TCF7L2;TCF7L2","Body;Body;Body;Body;Body;Body","OpenSea","TCF7L2;TCF7L2","ExonBnd;5'UTR","hg38_cpg_inter; hg38_genes_introns; hg38_genes_promoters","6934"
"cg10645314",-8.81169127659951e-05,0,0,0,8.81169127659951e-05,"chr2",3704589,"-","chr2",3656999,"cg10645314","ALLC","TSS1500","OpenSea","ALLC","TSS1500","hg38_cpg_inter; hg38_genes_1to5kb","55821"
"cg20563666",0,0,0,-3.27023959909037e-06,3.27023959909037e-06,"chr2",43903842,"-","chr2",43676703,"cg20563666","PLEKHH2;LOC728819","Body;TSS1500","OpenSea","","","hg38_cpg_inter; hg38_genes_introns; hg38_genes_promoters","130271; 728819"
