cpg,chr,pos
cg04206906,chr16,1682085
cg24770019,chr6,125874336
cg13137145,chr4,112295036
cg09762115,chr2,85868185
cg21164418,chr4,184418659
cg22352834,chr11,62609444
cg02816194,chr1,40765923
cg20243900,chr19,1908389
cg22940273,chr7,938639
cg14234510,chr9,37786920
cg13718387,chr3,20036673
cg23243012,chr2,68655287
cg03617975,chr15,48812076
cg11382241,chr3,4847761
cg00026457,chr1,200147608
cg23128866,chr11,31433921
cg02895278,chr8,26338381
cg18117022,chr17,7611102
cg08730743,chr1,2257588
cg16473116,chr1,25813920
cg02717989,chr10,8013852
cg25234123,chr7,92575952
cg07050101,chr7,823139
cg17970461,chr1,109057100
cg08748368,chr2,74527747
cg00797460,chr8,38278286
cg19444925,chr20,63876237
cg11272457,chr11,116873232
cg26856083,chr16,56781360
cg04713275,chr8,115632994
cg01628107,chr1,119963685
cg04371099,chr2,70191515
cg13111994,chr18,80132420
cg15086660,chr7,149498765
cg00398938,chr14,90403510
cg22889602,chr11,61173995
cg05686889,chr2,8645935
cg05239347,chr15,101146061
cg00688460,chr12,48528613
cg11289591,chr11,46765749
cg00213550,chr17,75697629
cg27009036,chr2,232858016
cg10584177,chr1,11989779
cg16776173,chr16,4003785
cg17551702,chr3,194459937
cg22371232,chr22,43514937
cg05968179,chr10,11463707
cg11710553,chr4,104971803
cg08436915,chr9,4155366
cg15068227,chr17,7936823
cg01488862,chr12,107618869
cg08470053,chr19,53101968
cg10065839,chr21,43964481
cg13470719,chr7,157211530
cg25219734,chr8,102340549
cg24167223,chr11,62152355
cg10756170,chr10,74140292
cg02298949,chr2,200892341
cg25586543,chr5,138926166
cg02991513,chr14,90576111
cg24653707,chr8,98463783
cg15851652,chr4,150546459
cg13289493,chr2,6876827
cg13546664,chr11,36497421
cg23781719,chr6,43431250
cg27308899,chr14,103453887
cg13723763,chr1,246722972
cg15739904,chr8,124301644
cg13819249,chr10,50615180
cg19087530,chr8,68695012
cg08720566,chr16,87046288
cg18300438,chr2,680474
cg05529595,chr11,104037608
cg17649391,chr1,52962361
cg06496113,chr3,13399952
cg06946628,chr3,43365416
cg10213633,chr16,30672461
cg05642048,chr5,159262089
cg10684792,chr2,39542730
cg17184161,chr17,82915244
cg00110277,chr10,95908417
cg24801716,chr3,38346156
cg10798682,chr3,126101529
cg16577665,chr1,119160071
cg26191710,chr1,193282633
cg22570873,chr2,30986149
cg13818169,chr1,93010066
cg16720203,chr2,63873640
cg13206013,chr12,117052233
cg03020364,chr9,131745337
cg06071294,chr6,3007112
cg21869219,chr3,119402018
cg15090119,chr17,82925018
cg20141824,chr20,35654084
cg07046651,chr3,44798886
cg14821659,chr1,241602235
cg17760808,chr1,228264989
cg06439884,chr1,23333771
cg18021942,chr18,45850822
cg00544914,chr5,83054183
cg21624337,chr5,11152480
cg03278868,chr7,100087422
cg15063951,chr11,13671068
cg01634700,chr2,55687394
cg08653943,chr1,150814040
cg08049441,chr3,129387700
cg16811472,chr9,128825263
cg21183011,chr22,20773829
cg00894559,chr18,24430397
cg03668051,chr11,14517740
cg04697598,chr15,36755863
cg27367512,chr5,127070019
cg08374596,chr16,50710438
cg13566674,chr9,74947564
cg26871033,chr12,111736747
cg08219087,chr1,32789292
cg09256180,chr7,45064405
cg08006786,chr11,10713933
cg09817848,chr15,45662557
cg01574040,chr3,129881640
cg27323382,chr18,75058616
cg22991943,chr21,45515648
cg23592467,chr6,30070977
cg16690319,chr5,14663351
cg14444625,chr10,71320562
cg06817534,chr6,12024978
cg09424086,chr11,117225386
cg20442816,chr1,90940476
cg05391282,chr7,55485682
cg04127538,chr4,122195543
cg06706398,chr15,63761305
cg02423911,chr17,41187841
cg12032396,chr4,7055735
cg04128462,chr7,66948611
cg23351190,chr4,7797974
cg10793539,chr10,15103416
cg04983681,chr2,62725176
cg02028874,chr1,231425887
cg27003571,chr2,144294262
cg05676941,chr5,172924323
cg07051178,chr14,73966646
cg06655030,chr16,2759730
cg09696465,chr17,72938630
cg21393149,chr16,12193126
cg23111451,chr9,34454903
cg16983778,chr12,122255812
cg15959492,chr13,85799657
cg16806213,chr12,22545334
cg07638888,chr22,20024537
cg06146160,chr16,1752903
cg21642716,chr2,8640433
cg24879530,chr22,31477700
cg03020997,chr19,11522309
cg04122773,chr14,22586398
cg13963935,chr10,92606172
cg12552746,chr7,57387285
cg27063018,chr1,226701795
cg19923235,chr2,143776251
cg03129938,chr15,64567211
cg01809675,chr5,171457274
cg16083541,chr2,65309805
cg06927343,chr1,9575741
cg07943849,chr7,151504782
cg27123762,chr10,95741584
cg17897802,chr22,45417942
cg02181555,chr6,149363298
cg06451536,chr10,131954068
cg16304097,chr6,89567013
cg06151559,chr5,131201442
cg03369599,chr11,120611846
cg21947485,chr8,92966458
cg00976369,chr8,28771095
cg03096727,chr1,26572019
cg03745414,chr20,1635741
cg00579505,chr8,133464945
cg25877317,chr5,69045141
cg17997285,chr4,73102856
cg05890616,chr17,43781833
cg24296900,chr12,49263754
cg02404489,chr16,4634595
cg02375300,chr2,171407000
cg05945869,chr4,94537963
cg06825828,chr8,42950233
cg13319978,chr1,42533740
cg05713794,chr3,194399132
cg13104335,chr3,188624565
cg20578159,chr12,113798723
cg18475568,chr20,56516590
cg09864525,chr6,7181925
cg00529183,chr17,8482827
cg22431333,chr7,138528187
cg25894668,chr11,62879399
cg05702978,chr11,8812142
cg05116002,chr3,58165528
cg01182873,chr7,141764491
cg10835686,chr2,236389727
cg10595930,chr6,105374158
cg09229106,chr21,46462227
cg22278537,chr11,12266944
cg04157608,chr11,33248396
cg00776026,chr8,98049647
cg11487866,chr17,82615904
cg09728223,chr6,17618857
cg01758539,chr8,56068670
cg13245226,chr11,95840298
cg25264799,chr9,99183320
cg05840900,chr3,56938804
cg11493553,chr7,157201003
cg00746338,chr21,37391211
cg00492732,chr5,170502640
cg07190827,chr2,8138176
cg04702968,chr17,47117642
cg22234262,chr4,102837677
cg21460846,chr17,37441458
cg17375190,chr21,46416989
cg00258390,chr2,38187941
cg12094974,chr21,44903897
cg04650947,chr19,55038980
cg12172682,chr10,21524062
cg01542423,chr8,125655875
cg19183923,chr4,2875082
cg18477558,chr12,52399732
cg03577779,chr1,100486945
cg02974976,chr1,116534597
cg12010413,chr2,138094232
cg02205013,chr16,1708797
cg04950059,chr1,235397784
cg13240253,chr3,71196378
cg15921010,chr8,42290215
cg15356517,chr7,92764428
cg16497732,chr8,140395044
cg06247340,chr19,34681642
cg02959070,chr15,80114033
cg07895124,chr16,57565164
cg24240077,chr11,77863274
cg26684050,chr8,73601870
cg16467623,chr4,102788092
cg12247787,chr16,67131808
cg20911108,chr20,3192674
cg08723248,chr12,9134762
cg03669033,chr18,79252989
cg11315107,chr22,37969023
cg05037270,chr1,21177628
cg01070219,chr6,110646070
cg27167982,chr1,92709910
cg05916280,chr10,29927106
cg14407177,chr2,38070880
cg26942316,chr20,4684670
cg20386109,chr3,150418747
cg18186474,chr19,2276367
cg06545359,chr16,87995827
cg08266137,chr12,110388577
cg08095359,chr12,8447691
cg13443898,chr10,27232618
cg09056639,chr8,42449310
cg10387952,chr8,19310842
cg25104028,chr4,123072345
cg02467086,chr15,39785954
cg10561258,chr18,49023009
cg08625773,chr7,30331602
cg10762533,chr2,200891234
cg23463094,chr6,82211346
cg07967176,chr1,112943513
cg00276918,chr7,132783422
cg18765479,chr12,131941730
cg03093541,chr15,31161532
cg04243073,chr17,5395150
cg04015786,chr12,53018840
cg11694869,chr16,89041404
cg02268370,chr5,37210994
cg26108240,chr14,39177632
cg08739244,chr1,109629008
cg00977293,chr17,14091190
cg10652915,chr10,129046596
cg05017821,chr20,23365949
cg04526817,chr9,35704743
cg07917528,chr7,55344575
cg25914932,chr19,9856794
cg05577736,chr18,8766441
cg19721012,chr15,65119879
cg03415158,chr10,26716212
cg04240456,chr1,89290989
cg24165439,chr10,45472036
cg08383462,chr3,58496390
cg15397212,chr19,45577272
cg24701190,chr10,118914351
cg02162339,chr2,241709296
cg11457748,chr12,26823425
cg18153662,chr1,1255289
cg21615615,chr18,35252705
cg08351911,chr16,88883667
cg27448003,chr1,21115052
cg06852076,chr22,23840453
cg22790926,chr4,54024701
cg00811382,chr7,98192003
cg08663466,chr16,1675174
cg22271515,chr7,140926203
cg04697162,chr9,104913590
cg14432712,chr2,68019001
cg01047779,chr6,33210677
cg25452662,chr6,24843458
cg05254646,chr6,5783630
cg08510057,chr3,161231474
cg23798537,chr6,109359880
cg10061399,chr2,3680163
cg12752071,chr14,68535625
cg07916058,chr1,180675669
cg09382942,chr12,9127605
cg01789705,chr16,27489654
cg12244176,chr22,50371107
cg23006805,chr6,33269080
cg07461161,chr11,66343403
cg06849457,chr7,86920143
cg04885674,chr17,22521496
cg08017245,chr1,25113875
cg25684934,chr9,129878908
cg24796507,chr4,169269160
cg16005240,chr11,32825934
cg15399941,chr12,94134762
cg08046471,chr4,76036973
cg14050824,chr9,137789345
cg22585301,chr15,59612636
cg19857151,chr1,235822154
cg18560316,chr5,126599602
cg24750433,chr11,128171887
cg12218895,chr20,3918293
cg17285378,chr5,154215208
cg03627468,chr16,79297862
cg23348793,chr14,88384505
cg16273075,chr1,13786735
cg00963029,chr22,19885343
cg20843080,chr12,120487793
cg03425726,chr2,240526411
cg26737079,chr16,11754016
cg14737320,chr19,58566434
cg14064302,chr17,35117026
cg08959108,chr3,41195129
cg04979876,chr7,28069742
cg09238886,chr16,4433575
cg04607326,chr19,49602033
cg20849928,chr1,150210350
cg03129962,chr6,158730541
cg21083189,chr2,218355374
cg09645699,chr3,12936043
cg06947754,chr16,12096359
cg14605001,chr3,44716481
cg02935950,chr8,125137648
cg15577302,chr5,74684591
cg05757062,chr16,84981793
cg07327326,chr3,179874377
cg04914804,chr5,103173227
cg13781700,chr19,15112467
cg17085844,chr1,23845184
cg13751455,chr17,50972639
cg10674450,chr20,35767332
cg10549641,chr7,99414202
cg25038600,chr19,57753902
cg12046522,chr8,47782726
cg07169296,chr6,38684406
cg12895304,chr13,100155241
cg01885824,chr2,65381004
cg10377414,chr17,82874960
cg26328502,chr13,30477280
cg05127636,chr1,25714146
cg26688079,chr7,54349234
cg06771021,chr12,124607970
cg06447570,chr5,1483467
cg21124795,chr3,49350080
cg10660674,chr6,45641326
cg00380642,chr2,43155779
cg01842624,chr4,138053814
cg14854493,chr3,196218221
cg23480820,chr19,3659795
cg16121384,chr12,118052442
cg09473763,chr3,112563837
cg03477621,chr17,9569421
cg22684507,chr1,176181568
cg00239272,chr13,113996569
cg02353754,chr22,50077040
cg23645550,chr2,74593972
cg01796511,chr11,32583312
cg13108197,chr16,72100577
cg03175849,chr11,31436723
cg27525876,chr16,89227837
cg16645453,chr14,65026120
cg16996613,chr10,74028983
cg19005380,chr5,141526310
cg08025444,chr4,25864333
cg06559287,chr1,198268253
cg23152041,chr2,68953747
cg16912836,chr6,156798804
cg24254730,chr16,16113063
cg01448265,chr1,110893613
cg00837060,chr14,22765066
cg21260288,chr15,69072880
cg11373806,chr6,5541498
cg09276568,chr17,57640535
cg14137606,chr1,46569869
cg25162729,chr7,37018959
cg02711159,chr8,142392170
cg03920512,chr17,58447875
cg24993345,chr19,37362928
cg26728407,chr20,60075529
cg11921952,chr11,449622
cg13502382,chr6,166779000
cg11575644,chr19,10354035
cg10502354,chr7,157609837
cg09541248,chr12,57049838
cg02804275,chr12,22375669
cg07314724,chr12,131758477
cg01538049,chr20,8299905
cg20900466,chr6,116546206
cg10018312,chr10,99965095
cg13404532,chr3,128764433
cg16160188,chr2,202409070
cg03863551,chr1,151437934
cg04018533,chr8,143945513
cg12711746,chr16,3875232
cg22121265,chr1,47253856
cg01345501,chr6,16237689
cg02562734,chr14,69633545
cg02835481,chr6,33258871
cg16077168,chr21,45778463
cg03226187,chr2,12967229
cg13267631,chr3,15267702
cg26220781,chr12,31502042
cg27228993,chr5,78056901
cg27413230,chr13,113274695
cg08771073,chr10,101534591
cg14329508,chr20,18187645
cg24096854,chr2,171510541
cg10111694,chr12,30930653
cg00667661,chr7,102430164
cg24265837,chr22,17267992
cg09492087,chr15,44319083
cg14317321,chr6,29732913
cg12593873,chr1,26784671
cg02087496,chr10,28280716
cg14486846,chr9,121685010
cg00463239,chr1,54780540
cg04503093,chr7,128023044
cg13339708,chr4,184628213
cg12734024,chr6,2030403
cg09224029,chr9,127276567
cg01454148,chr17,7225836
cg26421308,chr11,86951998
cg06045123,chr16,50319092
cg16177541,chr18,10717476
cg17255368,chr12,56317902
cg10374402,chr10,80540844
cg10047019,chr8,21965439
cg22281363,chr8,53986480
cg06187356,chr20,64106857
cg21484869,chr10,50344301
cg22178654,chr19,21852691
cg22466400,chr7,4732746
cg01089583,chr3,11130754
cg00872779,chr20,47569736
cg02008951,chr19,5703608
cg23800812,chr15,34040416
cg04685158,chr1,16271864
cg17058797,chr20,25201251
cg15441708,chr1,200909539
cg03572664,chr14,61077423
cg26116561,chr10,436120
cg04953411,chr20,34827018
cg00113195,chr1,27817612
cg09915762,chr16,89656699
cg01164141,chr5,56681641
cg06236445,chr22,46968424
cg03804475,chr5,150357063
cg00636082,chr4,94344114
cg02264057,chr7,40476970
cg12276117,chr20,18297890
cg23739547,chr14,102986179
cg13490832,chr20,58430867
cg03514395,chr6,118647301
cg12580687,chr1,153568363
cg23243191,chr7,98885099
cg23533734,chr15,31161540
cg03444911,chr3,121729956
cg12210305,chr2,85649191
cg11727921,chr1,1218938
cg17644896,chr11,82864907
cg04884611,chr3,101665620
cg15407900,chr14,45813914
cg15845964,chr7,66149475
cg11825970,chr12,62729751
cg03973866,chr1,15943734
cg12918934,chr11,116355657
cg08639801,chr3,47002496
cg09929567,chr14,75470086
cg18726664,chr6,5771569
cg06436325,chr17,31499747
cg24716664,chr11,1006121
cg06373726,chr2,222604481
cg09770583,chr17,47489304
cg01066310,chr15,42444542
cg18000568,chr10,95860453
cg18110741,chr14,63952549
cg13350958,chr14,34939025
cg09391998,chr11,113817801
cg00042994,chr20,37725709
cg19957506,chr6,160084587
cg20151045,chr17,37056814
cg08832702,chr11,94997739
cg05211227,chr11,22860439
cg06229737,chr6,34424001
cg08500128,chr12,10611071
cg05239538,chr19,35276874
cg17104441,chr2,64268854
cg13179058,chr7,138613905
cg15309667,chr12,49227940
cg23507051,chr4,853447
cg04110902,chr6,45533262
cg26143362,chr3,4717222
cg06957878,chr7,1086033
cg17215325,chr3,33688784
cg16746816,chr7,25069051
cg11398794,chr5,119610103
cg22737516,chr15,66708433
cg23782689,chr12,125891408
cg19382572,chr1,59299653
cg22299966,chr19,46303164
cg16556193,chr17,41982376
cg15768271,chr12,112137488
cg21614231,chr9,33266198
cg07531569,chr8,61651445
cg25729907,chr3,146545558
cg08786433,chr6,108655721
cg04070216,chr1,178452070
cg08866162,chr2,200871250
cg19309752,chr1,117152394
cg21145191,chr8,123342040
cg18004338,chr3,196515326
cg17276794,chr5,1473933
cg00133063,chr3,27366333
cg13336860,chr3,14181620
cg12284171,chr11,129944875
cg08442737,chr2,170985503
cg03722346,chr9,133978737
cg13629253,chr10,44985246
cg12336935,chr6,98910959
cg09757709,chr11,93731555
cg19035376,chr15,56798953
cg00471903,chr15,45152720
cg05297666,chr11,128530415
cg07139449,chr14,71687797
cg13445279,chr6,24423116
cg01488147,chr7,94664768
cg22058452,chr2,94996469
cg25397557,chr5,88271597
cg02860168,chr19,19351457
cg21014051,chr11,47247407
cg19496976,chr17,82393511
cg26937114,chr6,78866871
cg16579940,chr6,122729503
cg07927266,chr1,211418554
cg26670887,chr17,849258
cg12232926,chr10,77890275
cg09268874,chr1,84674652
cg25998584,chr5,151268159
cg25079802,chr20,53734557
cg10869641,chr6,169784737
cg19597021,chr18,63054658
cg13595333,chr17,17223384
cg13551841,chr9,137792692
cg08286107,chr20,47312508
cg01511600,chr2,68233629
cg06157950,chr7,1540284
cg13304521,chr12,109871833
cg02230349,chr2,241624902
cg14803869,chr12,130753137
cg24720215,chr1,153567563
cg05633147,chr1,110350156
cg27256295,chr17,78724228
cg04137126,chr6,110897026
cg26339062,chr16,32868477
cg10969416,chr1,93841958
cg05191962,chr8,38873850
cg22448874,chr4,50112
cg09982556,chr4,3062493
cg13107737,chr12,122404180
cg13866134,chr1,7509259
cg04188453,chr11,82921870
cg08345040,chr4,8606508
cg05503307,chr8,38288771
cg25136553,chr1,112456006
cg11694285,chr1,200290795
cg27212548,chr1,5928024
cg19790877,chr17,79975085
cg06526832,chr9,123586881
cg14515032,chr17,2996975
cg02797932,chr2,74442934
cg27614177,chr2,164839318
cg17655120,chr20,48970751
cg20061676,chr21,23403090
cg26231652,chr1,158187007
cg17229420,chr10,78685062
cg23004889,chr5,159761757
cg16109415,chr7,112480730
cg02815248,chr10,35493052
cg19444498,chr2,224558768
cg05264620,chr3,148837336
cg23238025,chr20,25037258
cg01672655,chr12,7155437
cg02062254,chr7,1621273
cg25214660,chr9,110193873
cg27280279,chr2,33595607
cg11709874,chr5,112777633
cg05316615,chr2,63886343
cg25011627,chr2,151186143
cg10325038,chr17,59139123
cg09761134,chr11,10508040
cg24740883,chr18,2577213
cg01082422,chr5,179797751
cg22192913,chr17,50379558
cg22258719,chr3,195074649
cg01968676,chr14,62636853
cg15772133,chr2,33360748
cg14520957,chr1,154207380
cg10556005,chr1,233332055
cg00819420,chr16,14545641
cg26332293,chr2,100047192
cg00107904,chr17,75902396
cg05564953,chr15,90966272
cg22954265,chr20,30285907
cg08778405,chr12,1026292
cg19861270,chr6,158922158
cg17078168,chr3,10309228
cg05024291,chr2,71349492
cg18991879,chr2,148947474
cg25385020,chr6,44524736
cg10600594,chr6,30208330
cg14515064,chr17,83063596
cg08472925,chr3,52301594
cg17234226,chr2,69238173
cg17166397,chr3,156552478
cg13972906,chr11,129849665
cg17574803,chr1,225562298
cg07511859,chr17,45405956
cg00864550,chr17,80081479
cg18634443,chr6,133987276
cg14703553,chr17,72667354
cg12698160,chr4,98665171
cg09943845,chr12,115199506
cg12391048,chr16,2720335
cg17865896,chr2,105103079
cg13953157,chr20,34302145
cg21141192,chr6,32198497
cg16106183,chr12,14315274
cg23353570,chr17,15950156
cg00025002,chr7,149490325
cg25683068,chr2,239193472
cg19290238,chr2,232899339
cg14952488,chr5,54525535
cg04898773,chr17,28267716
cg01700124,chr3,193903165
cg09322655,chr1,154571818
cg08825675,chr16,69120465
cg13400583,chr8,63023407
cg22683283,chr2,37148840
cg25977026,chr1,23020919
cg00248776,chr12,132131719
cg09616117,chr2,190150207
cg18088210,chr3,187669401
cg09474974,chr12,6560944
cg00689133,chr6,152995418
cg10892943,chr3,66400180
cg06953333,chr8,129983171
cg07275400,chr11,63821597
cg05307173,chr7,91229267
cg14451711,chr20,44632572
cg26990273,chr11,76037732
cg11730148,chr3,72441422
cg04383352,chr3,88138876
cg18797282,chr3,50349715
cg05076641,chr14,76087376
cg04597843,chr4,141328489
cg15481429,chr15,94402570
cg16168684,chr17,8851628
cg19144954,chr17,81478356
cg10120507,chr14,69190624
cg02928015,chr9,133636245
cg14978131,chr17,30631854
cg18240619,chr3,190641256
cg22288315,chr3,143782439
cg25075731,chr1,1795176
cg22406941,chr10,131940040
cg09031390,chr7,102218228
cg12759054,chr19,8414569
cg22150020,chr9,35090853
cg20278383,chr13,95433844
cg00669044,chr8,23531615
cg04512957,chr15,66347377
cg26871386,chr18,79754064
cg20700762,chr2,191244167
cg15014137,chr8,80814918
cg09083519,chr15,62204565
cg08606534,chr3,48873336
cg05858354,chr3,75786787
cg05289353,chr12,62534030
cg12460187,chr11,36296887
cg25056596,chr7,131096851
cg08119905,chr1,184711616
cg06692476,chr1,92924432
cg25556325,chr3,139343604
cg04012830,chr4,2092810
cg10506179,chr7,159092252
cg11300170,chr3,134537171
cg24721229,chr13,28729757
cg23192486,chr2,218547962
cg09018841,chr1,9081616
cg18555787,chr8,94512798
cg00570285,chr10,31809869
cg02298935,chr3,10351541
cg16245111,chr14,96284177
cg04420115,chr14,85982503
cg14189875,chr8,47778615
cg16917713,chr4,22339201
cg26461921,chr7,38727276
cg00756560,chr3,119230183
cg02002207,chr16,89847210
cg05672616,chr4,82753449
cg26479971,chr2,28873638
cg16413715,chr5,176869726
cg09737292,chr16,10076045
cg00761344,chr1,39638021
cg26412543,chr6,32161052
cg12124457,chr3,30527378
cg09932087,chr3,138472893
cg12929969,chr7,65745950
cg12804841,chr12,49269354
cg09553466,chr6,73157456
cg19132137,chr2,216426803
cg14549614,chr17,7385511
cg14344448,chr4,7940646
cg13332184,chr7,56100000
cg15808272,chr5,37575092
cg14885277,chr2,200351159
cg22145697,chr1,209778181
cg17358432,chr16,89769950
cg03335313,chr16,68630424
cg10201671,chr5,170347270
cg23515223,chr10,29556232
cg06701892,chr12,130958700
cg19800155,chr14,72877429
cg19606034,chr3,186078973
cg17263130,chr22,45833384
cg09833030,chr1,174873800
cg07878537,chr8,124304108
cg06192142,chr2,178013158
cg03475687,chr17,82870710
cg01288777,chr21,45282378
cg01002264,chr10,119378296
cg04525977,chr12,34209380
cg14129266,chr18,2576771
cg17560669,chr6,166539957
cg05549122,chr6,159468382
cg14001485,chr1,167923397
cg02885922,chr22,46682537
cg15362336,chr22,21044293
cg16843615,chr10,35176700
cg12031286,chr14,89632470
cg13167913,chr9,113208069
cg20486986,chr1,28105137
cg19222679,chr2,133553264
cg23628720,chr2,241255418
cg14790517,chr5,146105684
cg04987004,chr6,30069704
cg27262977,chr7,121379668
cg27568307,chr6,10617318
cg08277105,chr10,92248759
cg12705997,chr12,123110245
cg09688713,chr1,155395472
cg26523387,chr12,27751739
cg00385883,chr3,8766573
cg14461181,chr9,79757666
cg02810660,chr17,78496124
cg10124393,chr20,32675434
cg26889343,chr19,49788658
cg17592380,chr3,43455137
cg07309819,chr12,65931722
cg23572608,chr22,38445391
cg25994714,chr2,43884248
cg00587790,chr7,33216379
cg13973861,chr14,71091917
cg02775854,chr3,111677986
cg18192155,chr21,42838188
cg16590086,chr5,127036932
cg02152091,chr8,1322595
cg10066609,chr20,32696067
cg17758002,chr5,37704061
cg14707353,chr2,200600940
cg27515596,chr6,20790607
cg24832688,chr7,155253079
cg14104252,chr9,113501288
cg02824489,chr12,1638108
cg10034679,chr10,48885346
cg13104844,chr4,1262484
cg00548822,chr11,66311723
cg15241536,chr1,81557944
cg10354299,chr19,52430307
cg02188838,chr16,16118314
cg16231670,chr5,91293744
cg14327901,chr17,81849674
cg09761506,chr2,148058430
cg02589578,chr8,41545932
cg14906843,chr16,86531186
cg22612768,chr21,33907574
cg07038004,chr3,163878441
cg09048009,chr2,54988868
cg16666891,chr8,55764798
cg11800361,chr8,141452818
cg04950667,chr7,44579958
cg14708401,chr3,4673347
cg09840973,chr22,19797643
cg17527563,chr19,49115471
cg18442532,chr5,176289699
cg02286917,chr6,143999580
cg03228407,chr17,5489043
cg10789383,chr14,69667036
cg03753329,chr16,57661812
cg03601145,chr3,131028706
cg16224832,chr3,129867234
cg22209898,chr1,32939941
cg07593371,chr15,42427507
cg05342388,chr14,75010914
cg08763673,chr5,122817045
cg10156207,chr15,49314031
cg06756436,chr18,615936
cg24583704,chr13,20473532
cg25861389,chr16,86025171
cg06778767,chr7,75531464
cg06745566,chr2,106310646
cg11809614,chr1,169792905
cg09341027,chr16,58575203
cg24018045,chr2,233089474
cg25836499,chr12,130994507
cg08468392,chr2,67401382
cg18274984,chr1,10616519
cg01181782,chr14,73472863
cg18347050,chr3,153248189
cg12922524,chr5,142968328
cg04471375,chr16,58718261
cg08053504,chr17,2186895
cg13000555,chr12,104066677
cg14522360,chr13,46010432
cg16711239,chr19,44156174
cg17488052,chr1,77755652
cg27056880,chr5,66078550
cg18148780,chr6,78606131
cg00769845,chr1,34970103
cg05171682,chr3,100361274
cg00341966,chr12,133104642
cg23069052,chr10,100360455
cg18656341,chr10,103554367
cg23072571,chr19,53788724
cg15383847,chr21,42909640
cg08135966,chr17,18104331
cg25881014,chr6,31762400
cg13570658,chr9,92384074
cg20634573,chr2,96115668
cg19995964,chr18,52609269
cg25888017,chr11,72329473
cg18986717,chr6,90118681
cg02631153,chr1,3633082
cg20088477,chr3,71172433
cg13978096,chr16,72108265
cg06643080,chr11,70064463
cg10667437,chr4,183226048
cg05045144,chr2,25244134
cg12186939,chr6,30322481
cg04956719,chr16,15599532
cg10061722,chr6,2918182
cg07059636,chr19,3692093
cg01800146,chr5,177367798
cg02596499,chr7,131039924
cg19609099,chr12,121272968
cg05132838,chr1,205323087
cg08073764,chr3,100009347
cg19830534,chr3,53892657
cg25416336,chr5,135327310
cg16857275,chr8,41894673
cg16602332,chr2,26512541
cg02646794,chr7,36996630
cg13250318,chr16,786935
cg01560665,chr21,34864095
cg24370615,chr14,71212138
cg09529016,chr17,76944158
cg00358451,chr1,248847720
cg19153003,chr12,121260678
cg04289045,chr1,3858541
cg24970016,chr13,29927914
cg19684373,chr7,22866345
cg02561720,chr6,32846545
cg24661687,chr10,5597079
cg18971092,chr4,184785028
cg09720959,chr13,46616128
cg21805138,chr12,116717831
cg10415497,chr15,68053012
cg11817453,chr19,8399966
cg03080664,chr1,156879963
cg14863265,chr7,2761875
cg14701880,chr12,70334775
cg03706108,chr14,59263331
cg16044631,chr12,57311002
cg06448556,chr11,106059173
cg00427847,chr20,47658010
cg14041194,chr9,136908151
cg04545880,chr16,23384090
cg04392370,chr3,78870700
cg10988411,chr7,6565698
cg05022128,chr7,6592901
cg20727052,chr4,106303376
cg05096393,chr10,119806996
cg01367899,chr17,56884446
cg16534211,chr12,26919428
cg15725264,chr12,121259347
cg00543684,chr13,112998666
cg13903207,chr2,119691151
cg24823485,chr3,42584591
cg25162913,chr2,239391108
cg22241596,chr16,31201222
cg07965493,chr3,124601153
cg27625897,chr4,76140151
cg25898520,chr4,140924924
cg23122958,chr6,4056353
cg16587066,chr2,48617929
cg18016759,chr6,43578705
cg11905824,chr2,70102695
cg06007434,chr8,31177589
cg20845045,chr12,28452548
cg15261887,chr17,17161389
cg16575172,chr8,41282033
cg02767777,chr11,66254341
cg13244672,chr9,121311359
cg07916307,chr2,221423348
cg10710951,chr9,20280414
cg18355060,chr10,14925151
cg08874487,chr9,92987853
cg23465732,chr7,135653558
cg15295790,chr11,76545854
cg11151402,chr5,160393332
cg04983287,chr6,74596208
cg27512502,chr16,913994
cg18369033,chr4,127811573
cg22265452,chr2,212832307
cg04656757,chr16,81629754
cg02745719,chr5,112915379
cg01014113,chr8,143586471
cg09090988,chr17,16023618
cg16616330,chr2,97669391
cg22728128,chr1,111756869
cg13316375,chr1,44035267
cg10172887,chr6,170269504
cg08396444,chr14,76207085
cg24638453,chr6,37044940
cg10267872,chr2,239776541
cg01632040,chr13,106667612
cg02942066,chr8,9072516
cg07847482,chr16,66999258
cg10023624,chr3,196630332
cg22256865,chr3,113020676
cg26679589,chr12,112181817
cg00604859,chr17,45169923
cg27315303,chr5,90535494
cg07292334,chr3,49046576
cg06952288,chr10,419105
cg08858464,chr1,96717944
cg08743899,chr6,15517112
cg11295173,chr1,193029392
cg10626305,chr6,21801211
cg15391433,chr7,98949586
cg07363783,chr1,35601055
cg10369203,chr6,142929646
cg13700250,chr4,76781080
cg09510924,chr17,17956983
cg06958436,chr5,144480926
cg21167650,chr20,36669664
cg03664025,chr16,24804299
cg03811759,chr16,10343570
cg08096128,chr4,118767166
cg23123148,chr14,93222911
cg17022393,chr7,158957250
cg27305609,chr16,71637354
cg19345025,chr3,194198558
cg16035438,chr11,62357092
cg12640558,chr12,6722434
cg23446033,chr10,22591763
cg19489704,chr2,31285187
cg13634870,chr19,53141888
cg18416290,chr12,118186262
cg14809311,chr2,152701767
cg17686236,chr7,6405009
cg18307705,chr12,740956
cg21233757,chr15,40064229
cg15811736,chr1,4171076
cg25016844,chr12,108538992
cg06983465,chr16,27193645
cg06410694,chr20,25194502
cg13962286,chr11,128943288
cg18187918,chr19,51647668
cg20401896,chr2,63627984
cg19236475,chr7,11751496
cg09446250,chr11,82719307
cg11710299,chr5,54275608
cg25828985,chr11,129455832
cg10838318,chr1,31778879
cg22436171,chr5,138561174
cg13942251,chr5,149011449
cg00986320,chr5,157268541
cg09141411,chr5,78128069
cg12924880,chr13,77786801
cg26203062,chr17,30449669
cg22653665,chr2,44772209
cg21228592,chr6,38480903
cg17611291,chr19,34958428
cg24505730,chr11,108574200
cg25974365,chr2,135207659
cg23156469,chr1,179069288
cg07874288,chr2,112299659
cg20772438,chr12,124293882
cg04011758,chr1,78582426
cg05386697,chr11,77719432
cg22382733,chr7,2156049
cg05784386,chr16,83912276
cg09797892,chr19,24086768
cg10645889,chr11,70348352
cg04481715,chr13,113649223
cg26952188,chr11,77129195
cg13690828,chr12,6636864
cg26455201,chr6,159037525
cg08261298,chr11,18599852
cg00271249,chr8,43182162
cg06879560,chr11,5580602
cg19941638,chr22,38071483
cg04008534,chr1,185629457
cg15073016,chr16,11023992
cg22480109,chr7,158782990
cg27415713,chr16,48334297
cg19387403,chr9,127098310
cg21796528,chr14,89206575
cg22532266,chr11,61477279
cg14130765,chr11,77194423
cg10446502,chr18,80117588
cg06241057,chr9,120540003
cg22259545,chr6,3549610
cg14634643,chr7,107559929
cg24659538,chr1,160252828
cg03046359,chr17,17923123
cg15236439,chr14,103932974
cg02750850,chr3,194357539
cg18055075,chr5,115513443
cg26976936,chr11,66050715
cg08186603,chr3,139588271
cg25823379,chr6,127294881
cg26890123,chr1,169852935
cg22519672,chr1,89274112
cg14412184,chr7,140095139
cg01990378,chr2,127831547
cg16902425,chr6,29558682
cg00617398,chr8,141188321
cg10609241,chr14,64417926
cg04396911,chr3,112295383
cg00780282,chr11,34306538
cg14047548,chr9,133332230
cg10439132,chr1,95989473
cg01882433,chr17,28564091
cg12484024,chr3,48644058
cg22684018,chr11,125081893
cg04667180,chr7,150692818
cg19830710,chr14,75961050
cg25615623,chr16,23669966
cg05876687,chr16,1417954
cg18231102,chr16,4326354
cg03053346,chr22,38482710
cg25431838,chr20,9839927
cg02355411,chr19,49197170
cg19932150,chr17,49844483
cg06537708,chr5,41871068
cg12394567,chr10,3101591
cg04350563,chr16,12092400
cg25987171,chr11,65170193
cg15817752,chr8,53801891
cg14787880,chr2,202379400
cg14904946,chr6,167761301
cg08984996,chr6,5258288
cg08595782,chr16,88063389
cg22546158,chr1,160176606
cg12788168,chr14,54973906
cg07645190,chr5,56211561
cg16387200,chr7,106779034
cg02933375,chr17,80885028
cg27593807,chr17,43218386
cg22232554,chr2,8591060
cg23707809,chr16,20697920
cg11030124,chr20,32406273
cg01894895,chr9,73151378
cg23011729,chr17,4008840
cg15071593,chr7,99713019
cg15118750,chr5,177555438
cg06451845,chr2,65364267
cg02044755,chr19,13991540
cg21673171,chr21,36753855
cg12688217,chr12,26789133
cg02338410,chr2,200898464
cg07381185,chr19,14086800
cg14675121,chr2,146927953
cg00313902,chr1,234431345
cg07598739,chr18,56650635
cg10183487,chr16,88719967
cg05573019,chr5,55306165
cg09538725,chr2,205939639
cg20512925,chr15,47942918
cg05393777,chr14,44900276
cg03790022,chr7,4758200
cg15473990,chr5,159865179
cg18659801,chr13,107120442
cg00051704,chr22,20999520
cg21536925,chr5,151019861
cg00697642,chr8,22233781
cg11972796,chr17,6435246
cg13058240,chr20,32564046
cg24939943,chr17,83041429
cg19610658,chr1,40515148
cg22563785,chr5,179579402
cg17316073,chr8,53645039
cg21448471,chr19,10296862
cg07056290,chr14,68740050
cg14776579,chr2,46815564
cg05073044,chr14,61765927
cg04590327,chr9,36402438
cg05888643,chr11,64372952
cg10078645,chr12,124419122
cg20644402,chr11,74713476
cg17049544,chr7,41940495
cg03718312,chr19,2075569
cg11314826,chr12,113833046
cg00170421,chr6,71286681
cg20941300,chr11,9975914
cg24642015,chr10,97846138
cg21271174,chr1,42446143
cg18614234,chr2,20235012
cg27143132,chr6,113781845
cg20521805,chr3,114872801
cg22821358,chr1,198858876
cg20970752,chr12,7790648
cg05009111,chr20,59945146
cg25464696,chr8,28968604
cg23017141,chr6,24887141
cg00173641,chr13,75854790
cg20194733,chr10,71273720
cg06530217,chr19,23914044
cg24251659,chr7,102221289
cg03282926,chr5,151532008
cg11288954,chr19,45300931
cg10405794,chr15,94355870
cg18535130,chr20,45995558
cg19633115,chr14,99443091
cg25491601,chr6,33267881
cg09463890,chr4,37959174
cg20724794,chr3,128087126
cg05418781,chr16,30993532
cg16812373,chr5,150356534
cg19824990,chr14,95209282
cg01763783,chr3,69012133
cg06961284,chr13,112544957
cg14805382,chr7,133513982
cg10625568,chr13,24639885
cg25223700,chr3,71672230
cg01694173,chr13,96926714
cg07577837,chr6,156952883
cg17558303,chr2,181813627
cg05072085,chr8,133186331
cg25319337,chr7,47968530
cg08545365,chr7,4862626
cg10680180,chr9,5111038
cg06624991,chr11,69050910
cg06529508,chr15,52605215
cg19929403,chr3,50182772
cg24604352,chr6,119719529
cg10727879,chr4,138924942
cg04307553,chr14,102215548
cg02737738,chr7,70692159
cg26882487,chr17,79379725
cg18969709,chr17,55747228
cg24245233,chr3,132342321
cg25531618,chr21,43694293
cg21244116,chr9,137834789
cg10046667,chr16,53249884
cg16531791,chr17,73436143
cg04626855,chr16,69049461
cg13996144,chr9,101543326
cg03626871,chr17,51278472
cg21325631,chr6,31811007
cg23735693,chr15,62952858
cg24528132,chr5,53405830
cg20056341,chr15,49265428
cg19697584,chr6,158033606
cg00914146,chr1,240096750
cg23016866,chr10,68236574
cg01931840,chr4,128271219
cg03479348,chr4,31737892
cg05018741,chr16,68986631
cg20883121,chr5,37090851
cg25321935,chr11,47418797
cg23649129,chr1,43149222
cg01795975,chr2,74150967
cg03234023,chr10,13204221
cg09741291,chr12,108523948
cg11919810,chr13,39012819
cg05091831,chr15,65435897
cg02272334,chr2,9974023
cg17717588,chr2,144295172
cg13788020,chr4,139779927
cg21477538,chr1,184213357
cg00074369,chr3,17989666
cg19207361,chr16,69480023
cg07643626,chr1,10785804
cg04465120,chr6,31667423
cg14938425,chr2,46483669
cg22783940,chr13,113597357
cg05585630,chr7,157717770
cg23288078,chr8,123255933
cg10483475,chr1,16885545
cg20358227,chr17,15230913
cg11377286,chr8,58558567
cg15803092,chr7,126378732
cg22238338,chr1,11096825
cg13210578,chr8,139834557
cg24691790,chr7,30269920
cg14914795,chr11,124224411
cg19975375,chr20,37279446
cg26666286,chr14,74714179
cg05197164,chr13,113070234
cg10161039,chr16,54319387
cg06838703,chr9,22765725
cg19018095,chr7,75723906
cg12245247,chr19,55615781
cg16020437,chr12,76013883
cg03872695,chr10,34916803
cg17474135,chr9,4048850
cg07377396,chr7,21748810
cg05895956,chr20,43588341
cg10870348,chr1,151977216
cg01903515,chr13,100513810
cg17582733,chr8,143319529
cg15620488,chr16,21952032
cg06858239,chr3,195291745
cg24282401,chr10,131934250
cg25554755,chr13,19692404
cg27023962,chr13,50335139
cg15598609,chr8,101227282
cg03926921,chr20,46377026
cg17643729,chr3,107247512
cg07612939,chr11,67198282
cg16606110,chr12,107131321
cg25343838,chr7,6623054
cg19585248,chr7,75893149
cg01745428,chr20,32463733
cg20586764,chr6,28861420
cg15011734,chr12,131785018
cg11938051,chr3,75785759
cg10467977,chr10,101366416
cg14837571,chr1,226965130
cg26068160,chr13,112241232
cg19372791,chr8,127831397
cg08042854,chr1,12409798
cg23053903,chr1,110051797
cg02583841,chr19,21086291
cg12501532,chr20,58673277
cg03037947,chr3,50114222
cg11003434,chr2,215315676
cg21129604,chr14,95212345
cg18736835,chr2,173854875
cg00675871,chr17,57755837
cg23729284,chr2,190845305
cg25408617,chr5,172666510
cg09237292,chr17,27787539
cg06144997,chr9,88973112
cg00492362,chr2,95123218
cg00779298,chr1,226304204
cg12907199,chr3,49531363
cg25848052,chr6,15304178
cg19305651,chr10,62611566
cg14820497,chr2,238140909
cg25373812,chr19,5910089
cg16261572,chr5,179681704
cg03403018,chr11,72113438
cg12620185,chr8,61832594
cg09444090,chr11,121614975
cg03705558,chr17,19264009
cg13435972,chr16,29958837
cg04410594,chr12,93764456
cg04046420,chr7,33007041
cg07495027,chr13,77918081
cg24289687,chr3,194988738
cg20224404,chr20,38000596
cg07011784,chr3,108319909
cg17899606,chr22,20465153
cg22855923,chr1,113978535
cg21426034,chr9,76517196
cg23794135,chr12,80797195
cg15258031,chr8,97173548
cg05314616,chr19,10364593
cg17501452,chr2,113933824
cg20518906,chr22,19515344
cg00428927,chr19,51987332
cg25221168,chr10,21508255
cg24266283,chr5,38445894
cg15783848,chr7,2060722
cg06152223,chr9,121702592
cg21403580,chr2,98518947
cg10188864,chr3,33493469
cg24173753,chr3,73480296
cg23725461,chr22,17787027
cg10557782,chr1,246324681
cg11298535,chr6,168519492
cg17012766,chr14,95493776
cg00602733,chr9,6576272
cg06925438,chr5,480006
cg14614422,chr9,137385197
cg08107208,chr1,62435528
cg12944416,chr6,322413
cg03087855,chr10,90902088
cg04578631,chr14,101066015
cg04476028,chr2,64910580
cg10063682,chr7,70635109
cg27664565,chr17,45318811
cg07423892,chr1,236793344
cg07779895,chr2,196792486
cg26494252,chr19,14973104
cg22731204,chr19,3382129
cg20253728,chr10,73517732
cg05931272,chr7,158707335
cg18709741,chr5,124888344
cg16941170,chr6,152232936
cg11972890,chr19,40209713
cg04341526,chr1,52679743
cg19905398,chr14,67350672
cg12976394,chr12,101832842
cg18358662,chr13,110653458
cg18575602,chr12,132883153
cg27314747,chr2,241096335
cg06503847,chr2,75645830
cg16455798,chr16,85050046
cg18200218,chr7,140241081
cg13689591,chr3,124520782
cg13018177,chr3,66033176
cg02057688,chr6,2697524
cg03103952,chr11,3807209
cg06599124,chr12,39103505
cg03562788,chr16,31475832
cg24987626,chr9,134156022
cg06258936,chr20,56524055
cg17881910,chr17,45437863
cg10128557,chr14,20993397
cg24432968,chr13,113470310
cg08456012,chr18,12334512
cg19031697,chr4,183582720
cg16279140,chr14,103515412
cg12194594,chr13,112771936
cg17474518,chr5,65896002
cg05717473,chr6,387276
cg17416748,chr6,28904316
cg08957053,chr20,36633218
cg10027245,chr6,136278612
cg26905406,chr13,73215979
cg04599456,chr14,68212312
cg00320861,chr7,103435262
cg19476058,chr19,58548992
cg07133065,chr1,88887322
cg10888644,chr5,6755677
cg17800401,chr1,25340544
cg21128721,chr17,81625365
cg26926739,chr2,30137083
cg23606657,chr8,126223321
cg10099730,chr20,35563612
cg04729349,chr5,176401031
cg20126417,chr19,3182754
cg03972852,chr11,10292551
cg11620189,chr20,40631274
cg10642957,chr19,55602728
cg20215864,chr5,154331975
cg11630148,chr10,132591876
cg00533825,chr11,44604132
cg01107476,chr5,138469130
cg10910848,chr10,50564286
cg12617125,chr16,67181500
cg20357670,chr1,223135282
cg14500881,chr3,49302394
cg26758486,chr17,73537147
cg18768074,chr2,109454520
cg11799511,chr3,50389209
cg05358217,chr7,42927631
cg24543944,chr16,75148137
cg05759365,chr11,68716830
cg16654216,chr2,199558355
cg01665432,chr12,48656677
cg08633088,chr9,95173276
cg05336268,chr16,27776915
cg11963753,chr2,177924124
cg17750946,chr10,132746133
cg13906954,chr3,56679622
cg27038367,chr17,81279985
cg10234723,chr10,29538608
cg08377615,chr8,94722361
cg14595315,chr2,100993407
cg03134051,chr8,118047133
cg14312391,chr3,197682511
cg23120015,chr5,56146923
cg01866959,chr13,112841376
cg00122781,chr2,230790707
cg09770068,chr12,51900467
cg03226871,chr2,127371382
cg17290554,chr7,99486787
cg10639048,chr5,139739047
cg03169843,chr6,32074741
cg07152120,chr7,127920794
cg10703506,chr12,109138445
cg05800082,chr6,56643631
cg00718694,chr2,1589951
cg08228077,chr2,224403558
cg04098985,chr1,100892853
cg01807313,chr12,116970165
cg23526435,chr1,173993974
cg20703600,chr22,27756043
cg06531205,chr15,93021694
cg27470806,chr8,144979889
cg14794445,chr15,29104226
cg18502306,chr4,8375037
cg03510444,chr2,26038648
cg05632277,chr3,136430645
cg01180441,chr15,73998152
cg04900436,chr12,132735499
cg06573573,chr11,61951500
cg22261853,chr2,175021509
cg15029402,chr3,184631582
cg06523707,chr5,76312600
cg20469502,chr14,100443792
cg18712148,chr19,43818005
cg12921858,chr1,41712317
cg07751528,chr9,91945965
cg08029920,chr1,15744258
cg19372578,chr2,4883414
cg07275648,chr3,149087003
cg26358400,chr5,14375716
cg24769972,chr11,972922
cg27371456,chr10,101646548
cg26144486,chr1,27256914
cg06239055,chr17,208734
cg16903514,chr12,52078974
cg15152824,chr1,214484516
cg14811480,chr20,50031639
cg04940349,chr17,3035860
cg05107814,chr7,24932326
cg22613809,chr13,74015509
cg05917239,chr7,151210714
cg21358158,chr1,24513571
cg21318105,chr7,140691483
cg10224939,chr14,52686108
cg00139258,chr1,40976747
cg26643370,chr11,47276005
cg00528341,chr10,6276564
cg20817199,chr14,93135501
cg07770176,chr5,72442952
cg21043515,chr15,40146038
cg24965624,chr12,27083722
cg08086045,chr16,4395735
cg12547943,chr1,18374477
cg10942744,chr4,38523254
cg17682772,chr6,111727973
cg10073696,chr12,19507459
cg06630787,chr3,52135853
cg10457648,chr3,119779133
cg07629109,chr13,39654895
cg08350137,chr10,6222610
cg07093455,chr8,28948549
cg27087505,chr6,157673417
cg25794858,chr14,93294154
cg06532111,chr7,1085551
cg01945810,chr2,24820834
cg22768301,chr15,61088218
cg23459931,chr1,53480859
cg22659862,chr20,58863183
cg16252094,chr1,212457748
cg24223822,chr12,106296029
cg12982283,chr7,100610777
cg23056314,chr12,108538990
cg04088524,chr10,88292761
cg23061660,chr14,67494567
cg04137594,chr20,64106613
cg20871314,chr17,42538847
cg07660665,chr10,1101858
cg02665958,chr2,30956008
cg21791418,chr20,57789399
cg09509234,chr20,30361740
cg17917647,chr18,76766894
cg19558447,chr14,24875245
cg12503797,chr9,130873132
cg12187160,chr1,9872968
cg19762746,chr10,132349336
cg04046999,chr16,67478000
cg24008395,chr17,57992206
cg04629951,chr22,41467521
cg19602670,chr2,38868191
cg13691901,chr7,1972152
cg17776505,chr10,118039050
cg03004979,chr15,41533545
cg01548653,chr3,49527781
cg24962672,chr17,83008339
cg09638638,chr3,77286659
cg12428024,chr15,43356532
cg14855529,chr13,24764008
cg27633155,chr19,42428872
cg08931023,chr1,30956715
cg02104392,chr2,133821389
cg19212391,chr17,74436651
cg05872540,chr20,17692680
cg25029562,chr4,25884796
cg08260278,chr11,6333942
cg03372430,chr18,79976626
cg05798126,chr6,3089262
cg12332172,chr10,88823546
cg02034328,chr14,77502124
cg07702526,chr16,917972
cg09872185,chr5,14733895
cg11158953,chr9,125567402
cg17190290,chr4,183653787
cg08519764,chr1,19306074
cg17322207,chr18,46081396
cg03659851,chr8,48799794
cg20900413,chr21,32330771
cg03752259,chr7,4190262
cg17872136,chr1,183291409
cg05571248,chr20,62068892
cg16938246,chr12,2579299
cg27222884,chr16,89934874
cg14634229,chr2,121811677
cg21419945,chr4,7611106
cg04376905,chr16,22421242
cg11754370,chr16,1833141
cg00190582,chr13,110811371
cg21575005,chr15,28113156
cg26265187,chr12,56335196
cg01547359,chr1,121538557
cg17078326,chr4,4507611
cg13237274,chr11,61367755
cg27032456,chr12,8321486
cg09630701,chr12,46275429
cg20113649,chr4,169110709
cg04677410,chr11,96112953
cg16452817,chr5,33162269
cg11314274,chr3,132285220
cg18921712,chr17,45393605
cg25739309,chr17,80926652
cg07892163,chr9,137753995
cg08703818,chr7,44829743
cg01406080,chr20,44257330
cg14723669,chr19,5454385
cg01683030,chr2,42559227
cg13575698,chr22,38493825
cg25655084,chr20,4685848
cg13749621,chr11,126085181
cg09517190,chr1,1557133
cg15602182,chr5,87271559
cg22843072,chr22,26536380
cg24720446,chr2,63790240
cg27512931,chr3,152449113
cg23518987,chr3,134749930
cg12918604,chr2,189676674
cg14815794,chr8,26339903
cg19402603,chr10,3015759
cg14251771,chr14,90235087
cg10550291,chr1,19893137
cg25581517,chr2,96547287
cg15209219,chr3,184400817
cg25162625,chr12,54231603
cg00716848,chr2,3586285
cg01549929,chr16,54649802
cg08410595,chr2,67755678
cg17430424,chr12,76087497
cg07864144,chr2,136389767
cg18958130,chr3,138707813
cg19589922,chr4,182805744
cg09093993,chr8,95133012
cg13168042,chr13,23180920
cg04231701,chr4,1039067
cg10065081,chr3,138175306
cg06085430,chr4,106523355
cg06111234,chr5,80406851
cg02431535,chr4,139640797
cg06598788,chr7,142347161
cg08536358,chr4,95838863
cg11729411,chr2,27667160
cg16873920,chr15,45252036
cg12337840,chr10,102460708
cg16588745,chr5,40269468
cg11296358,chr1,26268582
cg01365900,chr13,60451276
cg26351511,chr16,48258073
cg19897874,chr1,9614690
cg03704355,chr12,101876334
cg24788078,chr8,42506942
cg27301180,chr7,113804752
cg24012251,chr3,113615957
cg04424677,chr2,239129970
cg17321561,chr10,14774881
cg17146137,chr2,207220366
cg22746421,chr10,128886395
cg25733009,chr10,84199078
cg15197838,chr9,127532113
cg20858224,chr2,69844987
cg19641325,chr12,116426811
cg24524879,chr5,38148453
cg26936492,chr7,73340542
cg06977900,chr5,1473377
cg15742329,chr6,327422
cg17086748,chr12,127453684
cg27056175,chr8,140546253
cg07652784,chr12,6517668
cg12954379,chr16,48397320
cg01495907,chr14,24373768
cg11440590,chr1,36171658
cg03595744,chr14,76153703
cg14298242,chr8,2070009
cg04659623,chr10,128696574
cg11617484,chr10,133299955
cg05615545,chr2,36584057
cg06413806,chr21,38292371
cg26417611,chr17,46765294
cg15136850,chr2,127713595
cg27014598,chr12,49942881
cg15548371,chr1,86834185
cg07260827,chr17,43644601
cg23799795,chr20,20505515
cg11521881,chr10,96496427
cg03202388,chr4,128808530
cg10543634,chr15,67359153
cg16834795,chr7,138610875
cg10415188,chr17,62017889
cg17193551,chr8,129913651
cg25159401,chr12,55705630
cg22438084,chr2,106888067
cg03033106,chr11,72078841
cg13936797,chr13,98528135
cg23463335,chr19,34957716
cg06433809,chr6,104860369
cg05364594,chr1,46697377
cg04471045,chr8,142528018
cg16127691,chr3,114366136
cg15652818,chr8,102929390
cg09298207,chr1,246321224
cg26804315,chr1,95021532
cg06523192,chr19,12054346
cg18199556,chr13,110259043
cg15372625,chr5,103544914
cg23886755,chr1,33375565
cg00564612,chr6,5991779
cg02836733,chr16,30182000
cg26354968,chr11,59811566
cg05922752,chr5,58458276
cg00938087,chr17,65190808
cg07371811,chr1,212693086
cg00214875,chr14,71227223
cg12620815,chr2,239151212
cg21407789,chr6,154847532
cg11763643,chr4,143977180
cg17095315,chr4,2036625
cg08959397,chr7,36348118
cg13050884,chr3,172258332
cg13864314,chr20,34442236
cg05413258,chr2,237798729
cg10378538,chr6,1578089
cg23697418,chr19,54893547
cg09023515,chr3,185402689
cg13256819,chr14,92739869
cg26916708,chr17,80253817
cg09683730,chr1,21686634
cg06062387,chr3,138263587
cg05989984,chr12,121917693
cg00489485,chr16,84307758
cg04456932,chr7,149287544
cg00324205,chr15,94368661
cg20637375,chr15,78001859
cg09344740,chr14,67529038
cg23834494,chr12,70329476
cg00683209,chr2,5563458
cg23165512,chr1,9438285
cg09227879,chr16,71520641
cg10314470,chr1,174956293
cg14935578,chr12,7107121
cg12832737,chr13,105513636
cg00060283,chr5,119744947
cg20074561,chr2,186717346
cg01039117,chr17,40028004
cg02645905,chr9,137717990
cg27333039,chr14,76917889
cg06690050,chr19,13807135
cg22026001,chr17,30474683
cg23315712,chr6,20801737
cg16133943,chr11,68438458
cg17756365,chr4,122378793
cg26556530,chr8,58807474
cg20892069,chr16,4470457
cg24071303,chr15,48205454
cg13828392,chr4,185350907
cg01433955,chr20,58648213
cg14815325,chr17,77908048
cg24667009,chr6,112039067
cg09796576,chr19,42225376
cg09142343,chr1,247936333
cg03173068,chr7,128814232
cg10801060,chr5,43044601
cg13380291,chr5,71586328
cg20033808,chr10,5405891
cg00584903,chr8,126620767
cg02181194,chr1,161070459
cg12437832,chr12,121914999
cg16607101,chr13,42039308
cg27394596,chr16,67115360
cg00349636,chr8,38102667
cg19860548,chr2,17480160
cg07886929,chr3,122689896
cg18395482,chr8,17064144
cg12597558,chr1,9166885
cg25262801,chr3,19346245
cg02603784,chr3,52260441
cg24554777,chr9,127222312
cg04447859,chr11,67746261
cg11485127,chr6,63764141
cg15934737,chr3,196147139
cg01971370,chr3,195719716
cg09371661,chr17,31425237
cg08507631,chr8,37517960
cg02466136,chr4,78299103
cg09196456,chr19,1390695
cg07032256,chr7,57653047
cg23903597,chr17,63626794
cg06449018,chr20,56978784
cg12504935,chr10,124658315
cg24916281,chr12,98543367
cg09200221,chr7,4694559
cg22302747,chr10,91219245
cg00969680,chr1,112923465
cg01806721,chr7,44747125
cg13811412,chr6,108925372
cg16305746,chr3,197509497
cg06864855,chr2,231789646
cg04162725,chr1,148306600
cg15965401,chr16,57997485
cg23893792,chr6,4705124
cg07901206,chr2,128493116
cg14654231,chr2,207328743
cg16509158,chr11,96160876
cg26555733,chr16,23834958
cg00904229,chr6,17054633
cg15471197,chr12,57198598
cg07282465,chr8,18809767
cg10243902,chr7,23507054
cg17239931,chr18,48669057
cg18311516,chr14,102048557
cg17357214,chr19,3517735
cg23470828,chr17,20824056
cg09259420,chr5,201617
cg20194856,chr15,82692419
cg06297031,chr9,105138456
cg04915302,chr8,73661655
cg11727818,chr15,80758735
cg04751533,chr4,7788434
cg02316705,chr6,5730287
cg10948471,chr3,185285202
cg00178030,chr16,16068381
cg24865494,chr1,151232666
cg03035036,chr3,38506616
cg19163612,chr1,35869568
cg19314059,chr11,6557984
cg00549973,chr6,165715194
cg08663152,chr19,47741262
cg06626314,chr1,247175335
cg17128082,chr4,88963461
cg04430954,chr3,52889452
cg15760858,chr1,21811616
cg11266078,chr16,102251
cg05037455,chr2,237510655
cg08627531,chr8,125997623
cg21247757,chr5,134893228
cg00652189,chr4,53157955
cg25354918,chr2,99554304
cg01488190,chr17,17385630
cg07819357,chr11,13352307
cg22566663,chr10,84175651
cg13183781,chr1,107673710
cg01468014,chr3,142408303
cg05845018,chr1,50653738
cg20620756,chr5,37620361
cg27631005,chr1,173918146
cg21511563,chr2,231194842
cg23163386,chr3,2484945
cg07304186,chr6,38144502
cg08235881,chr7,35724780
cg16028171,chr13,110907729
cg02416498,chr19,2139541
cg16013943,chr1,182829471
cg04557582,chr7,129438096
cg04951140,chr4,153640003
cg17173891,chr6,87257674
cg17474422,chr1,35574265
cg14638384,chr7,1964450
cg14090920,chr6,163490104
cg07919232,chr18,48693686
cg08224051,chr3,123950536
cg13316650,chr18,80187813
cg00992795,chr8,47778795
cg04008445,chr3,115069500
cg04378830,chr16,89898951
cg22880475,chr6,24980315
cg02173453,chr4,155758297
cg01197090,chr4,77742796
cg17769705,chr8,27776484
cg16952841,chr2,102069798
cg01145604,chr6,156884476
cg04459211,chr20,25016933
cg16442814,chr11,76796164
cg04350066,chr20,33006254
cg04501624,chr8,1705013
cg08799386,chr10,77587788
cg15541838,chr14,50450689
cg23609650,chr1,26961285
cg07153868,chr7,1014715
cg10485774,chr3,75785689
cg00935819,chr1,150700143
cg13986860,chr13,30764284
cg14898670,chr3,70984577
cg10471086,chr5,154837463
cg03217233,chr15,31021193
cg08114265,chr6,111731153
cg20856444,chr20,2347594
cg03939719,chr12,48985279
cg06830486,chr6,151408715
cg01881761,chr2,169510451
cg07797431,chr5,37014078
cg03112417,chr13,111981327
cg26866885,chr12,132790657
cg24315815,chr3,146251792
cg01676332,chr7,2439078
cg14418592,chr6,30692887
cg21189849,chr9,94980749
cg00685969,chr6,117458579
cg18008467,chr2,235678066
cg01623955,chr3,32699662
cg18272518,chr15,71366892
cg08493904,chr2,70280284
cg26728980,chr12,10131694
cg17012154,chr7,2235395
cg17812839,chr1,183419288
cg18497502,chr14,77759410
cg13008553,chr2,11215589
cg20501958,chr11,234764
cg10827479,chr1,152088887
cg01868112,chr7,55645493
cg11408729,chr11,122814600
cg15064691,chr7,66396994
cg17649171,chr1,54654397
cg21010653,chr21,31278845
cg23294208,chr19,19221265
cg19157956,chr1,42469304
cg27147281,chr17,44629487
cg22619307,chr7,157260458
cg11423112,chr17,81854158
cg03987324,chr1,84477776
cg24006721,chr1,24931734
cg08442713,chr5,118486524
cg06219572,chr9,37484902
cg04938745,chr14,100333677
cg17334840,chr2,168907322
cg03977592,chr5,868935
cg03862043,chr21,31336094
cg10053495,chr18,21672984
cg02343803,chr19,57788759
cg06809364,chr3,152837417
cg05376543,chr2,218746703
cg24611115,chr3,33110953
cg01370111,chr6,31611585
cg26989363,chr2,241481861
cg20756454,chr17,30624379
cg07170263,chr15,65073464
cg13525013,chr10,97149205
cg01314715,chr16,48334544
cg17947569,chr8,47806022
cg04432454,chr16,899229
cg02418741,chr12,64204668
cg08607836,chr6,143165563
cg17359336,chr3,45499586
cg06560300,chr5,1278676
cg15073453,chr11,126985305
cg08298497,chr14,23533855
cg01689159,chr11,2796898
cg01019721,chr1,91037709
cg07641540,chr8,70540481
cg24716782,chr8,132958983
cg14101992,chr11,59781733
cg09980876,chr6,149243913
cg08811663,chr2,200808067
cg09997105,chr12,110850090
cg02172669,chr7,149713368
cg09095914,chr4,656092
cg00067676,chr7,76108587
cg03202659,chr2,74754638
cg07935657,chr8,10765295
cg08976526,chr6,32370153
cg00469630,chr19,13770405
cg02096368,chr10,132424623
cg04440724,chr16,4870504
cg25326090,chr19,46694509
cg07228654,chr7,101620474
cg20491816,chr17,81282273
cg00640823,chr5,40381721
cg02924954,chr10,1216955
cg22950487,chr3,113158424
cg20557935,chr15,52192125
cg27377610,chr7,143507798
cg09885756,chr2,27736384
cg12005363,chr8,59061826
cg10872678,chr1,24106860
cg25307471,chr11,125566202
cg26725813,chr15,34984407
cg20246901,chr10,120896907
cg04448141,chr17,64320996
cg23976006,chr12,116018262
cg01785288,chr9,32535485
cg08255598,chr2,74508748
cg21147177,chr11,14273982
cg25882682,chr12,101277066
cg24151423,chr20,62639360
cg03524095,chr20,47371123
cg04514292,chr3,183548170
cg05436371,chr9,94758196
cg25263135,chr6,32167197
cg09683623,chr3,151781592
cg25028072,chr12,131941693
cg11907977,chr20,17860114
cg26574240,chr3,69122671
cg12071679,chr2,168496454
cg06994572,chr12,122207446
cg09925987,chr7,2589666
cg27083640,chr16,1671075
cg10834480,chr6,111607031
cg24413658,chr1,179085152
cg18281014,chr21,43879761
cg00081835,chr3,129247821
cg18224970,chr8,99091875
cg09090353,chr11,67427452
cg01536190,chr1,1537767
cg04756168,chr11,116828873
cg04422752,chr10,100268418
cg24470133,chr1,1547826
cg17565632,chr21,35417417
cg10730575,chr22,29340101
cg07759052,chr8,28894633
cg06281665,chr12,132911263
cg18805486,chr8,12693524
cg26001719,chr8,676801
cg00155447,chr7,100030362
cg09055440,chr17,74823787
cg14398128,chr16,68346105
cg20346417,chr22,39432041
cg11228659,chr7,156435848
cg02081065,chr5,132873447
cg23686516,chr16,75526532
cg24443178,chr15,65518384
cg00465958,chr7,156639832
cg13661243,chr2,176507859
cg18304093,chr19,36149856
cg01438056,chr15,90230338
cg07081561,chr16,56813575
cg15884014,chr17,3292720
cg04423464,chr19,18668778
cg07696502,chr13,100658116
cg02307503,chr1,168279704
cg13595439,chr22,17083860
cg09823652,chr12,22375652
cg21351654,chr3,72144048
cg06083830,chr18,50392
cg10126372,chr8,51809677
cg18507362,chr3,169767022
cg14992835,chr10,68376951
cg02546490,chr17,81122729
cg01381757,chr2,233191775
cg08198936,chr11,71176183
cg12940669,chr4,3229848
cg26812733,chr3,63966426
cg13119546,chr2,70216907
cg11348413,chr8,99784456
cg11128831,chr18,26225641
cg13149412,chr2,3181359
cg18999382,chr3,141242193
cg19892381,chr15,57542204
cg05319180,chr14,74016969
cg24043838,chr10,87952142
cg07151865,chr11,76048991
cg08213792,chr16,77713662
cg16827534,chr3,12291281
cg13712171,chr1,115771300
cg23651838,chr12,76530637
cg14420904,chr7,890827
cg16992594,chr1,2039516
cg01842395,chr17,3982201
cg08989375,chr19,33640906
cg16192746,chr12,117157933
cg00366594,chr19,53752968
cg17673512,chr21,41402100
cg15568998,chr1,15572882
cg11047500,chr14,89163515
cg03075654,chr12,116294791
cg20087776,chr14,30692216
cg12280024,chr2,60833924
cg25418507,chr7,130324489
cg03456821,chr5,138165045
cg22883699,chr12,122280493
cg05199028,chr16,11274655
cg09874859,chr20,45378707
cg13957837,chr9,137811538
cg04173966,chr5,65992438
cg24091949,chr19,44703573
cg08736655,chr9,36196689
cg02135728,chr3,97767769
cg14847996,chr14,67349074
cg17710440,chr16,737071
cg10040625,chr7,28065874
cg07274543,chr14,56649089
cg00137385,chr18,48761634
cg22713165,chr8,128855609
cg02612782,chr3,33412748
cg13925527,chr22,28093967
cg18532273,chr13,114089954
cg21812369,chr12,132052452
cg23731617,chr15,65489250
cg19780614,chr8,29074822
cg02241136,chr11,573673
cg26695444,chr10,42474903
cg23076547,chr7,34039320
cg07493307,chr13,44280570
cg15155865,chr17,39832135
cg12917790,chr14,93137960
cg07163321,chr4,99930544
cg06835050,chr13,25262104
cg16319614,chr2,200829045
cg14670573,chr9,92255240
cg23592851,chr1,94535680
cg20498563,chr3,155728357
cg16027574,chr17,13005121
cg02862761,chr3,142962173
cg25432336,chr2,20448819
cg22755296,chr11,43897275
cg08729414,chr6,156078827
cg17159629,chr11,129126352
cg23373558,chr1,224250294
cg23877512,chr2,206116665
cg12158124,chr2,98484790
cg00460793,chr7,36117411
cg23253309,chr21,45872339
cg26333498,chr20,62306578
cg13152584,chr18,11055851
cg21325040,chr11,114055874
cg06873606,chr13,20051478
cg04496104,chr3,81891615
cg17021894,chr12,50003687
cg18711246,chr13,71675206
cg00379657,chr12,132850098
cg03066425,chr20,58448904
cg20668249,chr4,10074385
cg01311045,chr11,66026720
cg06264868,chr10,732769
cg20080320,chr15,28118714
cg08135460,chr1,16614667
cg02902969,chr10,363491
cg11879277,chr19,36334663
cg00805520,chr20,14035868
cg25997203,chr14,76900877
cg05561775,chr8,42437540
cg10105623,chr19,34403053
cg24502339,chr18,50882283
cg07371693,chr18,50302318
cg03511159,chr13,48231910
cg07720645,chr6,89886597
cg19574566,chr19,6504019
cg08568564,chr16,57175962
cg06214133,chr9,95128679
cg02964716,chr17,29776638
cg23086890,chr21,44922527
cg00186224,chr10,21080389
cg21059665,chr2,241723108
cg25054043,chr3,49368177
cg16996457,chr6,31885858
cg17141807,chr4,37914880
cg22946979,chr5,139290143
cg16888080,chr5,149297289
cg06252160,chr16,78371956
cg18247642,chr12,109082448
cg18689082,chr14,103929092
cg02944108,chr5,103788480
cg14341061,chr16,81901065
cg21575775,chr4,147708736
cg09179999,chr15,77519339
cg06265451,chr9,94809004
cg14008937,chr1,151106903
cg04533549,chr20,58977967
cg19937511,chr9,137833227
cg07815177,chr12,76498225
cg07790342,chr6,166505789
cg22423225,chr6,119336359
cg04289314,chr2,130288907
cg12263318,chr17,2666735
cg07031864,chr5,75021385
cg18315961,chr16,72805754
cg03870188,chr13,113063516
cg08835372,chr10,119941238
cg15732323,chr19,19189483
cg26570680,chr2,241509827
cg21237370,chr2,201700073
cg13140804,chr4,68312886
cg20262915,chr2,190659763
cg10639029,chr5,152566458
cg13539159,chr11,76687826
cg20630716,chr5,177532799
cg22288235,chr4,877016
cg11212901,chr17,22521433
cg04782692,chr17,70128785
cg03757501,chr2,162125920
cg04222494,chr2,198346366
cg05616864,chr1,247842421
cg14980563,chr5,96334800
cg03164527,chr14,34783964
cg16045811,chr9,125445507
cg04758273,chr10,112658547
cg15764949,chr15,52288472
cg14285731,chr12,120107592
cg12711391,chr10,80077628
cg01354167,chr11,66286342
cg11483027,chr21,32425844
cg26446656,chr12,132690157
cg05410283,chr12,130788599
cg07981812,chr7,11749090
cg22828213,chr16,77966829
cg20745523,chr2,168697985
cg02279591,chr5,95653624
cg06784976,chr6,170456511
cg00994644,chr19,49763964
cg06529894,chr7,76395721
cg02432272,chr13,42963695
cg16924099,chr6,138402695
cg07199961,chr2,47354377
cg06550183,chr1,55374936
cg03092550,chr15,63125008
cg00151915,chr12,85996331
cg24254692,chr4,101325818
cg18782118,chr2,218618797
cg01515559,chr12,132052520
cg16796247,chr8,20816989
cg20619600,chr10,8014803
cg19493980,chr10,26717530
cg19978381,chr5,38932448
cg01905618,chr6,109436443
cg15035324,chr2,46042466
cg20731693,chr13,113453561
cg08995655,chr19,32691310
cg02393756,chr18,9912786
cg08492281,chr14,68316635
cg26474724,chr11,9261142
cg23773701,chr7,99447901
cg11866895,chr22,39405922
cg19647783,chr10,24208038
cg09570946,chr10,128150745
cg02295742,chr3,163490120
cg25064618,chr10,78232343
cg23653025,chr3,64456510
cg08610720,chr8,105142477
cg04538473,chr16,931395
cg08681726,chr6,170557116
cg03419961,chr5,139445624
cg19114576,chr17,40885014
cg23925073,chr14,88498596
cg02623469,chr3,51668493
cg21187882,chr1,205787555
cg08882927,chr3,195585006
cg13050070,chr13,93956584
cg05948645,chr8,140368940
cg05606089,chr5,78010478
cg09347582,chr1,233362170
cg17685099,chr11,74254220
cg08109476,chr6,168373227
cg04649794,chr2,239187845
cg05778820,chr1,27145291
cg02313535,chr6,30898202
cg05798911,chr3,69111628
cg11629359,chr5,75523342
cg06386702,chr1,6315220
cg24754598,chr14,95500151
cg18813957,chr16,72579718
cg14152249,chr14,54754086
cg14688238,chr5,43061548
cg10971013,chr17,66994349
cg02150282,chr11,1283813
cg20027215,chr20,36774855
cg07194377,chr2,9967351
cg04210001,chr18,63112564
cg17985269,chr5,133369689
cg22976361,chr15,95887750
cg02455703,chr19,17301463
cg16205163,chr17,47940843
cg20948612,chr7,130134995
cg18554732,chr12,50619570
cg04322709,chr2,231311495
cg22967205,chr6,30707794
cg05382230,chr6,52397464
cg26043322,chr1,159537372
cg16363708,chr16,73288727
cg06496375,chr2,241462143
cg08083988,chr19,37549438
cg15492306,chr11,1886621
cg12528330,chr2,161172698
cg10231021,chr19,18164375
cg09713815,chr11,119073732
cg26490119,chr4,143166904
cg11057080,chr8,60983249
cg25058275,chr7,99444124
cg06593369,chr15,76292863
cg13013538,chr3,126703195
cg03197663,chr1,75951268
cg22884082,chr6,87329305
cg07113520,chr8,93230227
cg27437165,chr10,70703179
cg16363104,chr3,111762494
cg25988408,chr10,87151114
cg12234576,chr7,103319810
cg06119249,chr9,95002721
cg05004447,chr1,83103251
cg09530155,chr8,124636081
cg01835232,chr16,88567670
cg15644922,chr3,136983379
cg18207099,chr7,2175155
cg00767185,chr19,56216340
cg04856205,chr1,102854121
cg14028368,chr8,42386028
cg25015598,chr1,150766833
cg01472317,chr16,89124291
cg05417884,chr22,46264740
cg22412649,chr13,24162430
cg18359129,chr15,98892971
cg07016261,chr18,10707088
cg17774528,chr16,57518850
cg03629740,chr22,29814252
cg16791016,chr16,85321012
cg03701381,chr5,14055341
cg07012578,chr11,48147121
cg26574794,chr1,150809325
cg14098684,chr6,160005062
cg00810908,chr3,13570819
cg01227344,chr10,30654631
cg10177295,chr3,159672536
cg27023759,chr1,19350351
cg02846713,chr6,38044470
cg19901866,chr22,17083725
cg23194433,chr19,7087567
cg10445474,chr1,15072694
cg02307378,chr12,113232489
cg13816049,chr11,45563784
cg08060271,chr6,167306634
cg21528393,chr15,51874738
cg09720595,chr10,4024760
cg15722720,chr15,99724556
cg07890107,chr20,441974
cg10756593,chr10,102831487
cg26557766,chr5,6749367
cg15834062,chr18,3322759
cg09237172,chr13,72773772
cg08153079,chr17,47828346
cg22592256,chr17,46120782
cg19655675,chr3,114625172
cg07242710,chr19,36368553
cg03015200,chr19,10449651
cg22407712,chr18,8681436
cg14413549,chr3,120792426
cg13973674,chr16,67848409
cg12558795,chr7,45939237
cg15244981,chr19,5016296
cg02527496,chr22,39398813
cg24749077,chr14,23298412
cg27512565,chr22,21669795
cg01695412,chr3,196516684
cg23641315,chr6,31860596
cg12290099,chr16,27335745
cg21210549,chr2,14232606
cg27037498,chr7,43643298
cg16391552,chr10,87502449
cg11972851,chr11,65124571
cg23439596,chr14,104606608
cg18309343,chr5,176187581
cg12069423,chr10,15212710
cg06183684,chr21,39011833
cg18907656,chr8,31031409
cg11472981,chr2,165884001
cg18137959,chr10,29026365
cg16353022,chr3,10247428
cg24155294,chr6,79314877
cg08695267,chr18,62844608
cg08527467,chr16,30648037
cg06135449,chr17,28578062
cg09075788,chr13,21320072
cg18977434,chr14,73590439
cg23061676,chr10,96667263
cg09903166,chr17,32348805
cg05751053,chr2,11187011
cg08307098,chr9,93538628
cg16211906,chr2,96579554
cg03214325,chr17,1947245
cg10411087,chr17,28472300
cg17861150,chr1,8365198
cg01688955,chr6,43041060
cg08283566,chr19,52860229
cg03006332,chr6,33777191
cg08549034,chr2,25879210
cg03954280,chr17,81463920
cg21979168,chr2,98747949
cg19310953,chr13,20700738
cg06599250,chr19,36138706
cg20292128,chr10,113157956
cg18005217,chr10,132782798
cg04366367,chr17,82050665
cg01532946,chr8,28699073
cg16370537,chr7,157577603
cg06850416,chr5,176268766
cg24446610,chr1,6074278
cg22007470,chr6,142838513
cg03725899,chr1,246806008
cg25642974,chr6,143863281
cg23739726,chr20,36782463
cg16169732,chr4,131379434
cg05005521,chr16,74322676
cg26590939,chr17,77493395
cg09634469,chr22,20774123
cg09893754,chr16,48930406
cg12210878,chr5,1464206
cg21902275,chr17,17135914
cg00306284,chr17,18952000
cg06550991,chr10,124804860
cg00589760,chr5,138827554
cg21219930,chr12,122686442
cg11212299,chr18,74947580
cg26966434,chr11,65708738
cg17325309,chr17,62670494
cg09159519,chr14,102044400
cg03272264,chr11,71537695
cg10892794,chr18,70207195
cg00403202,chr7,66886599
cg15172514,chr6,31510459
cg15295253,chr2,199805464
cg02570298,chr13,53044691
cg18106923,chr2,122532005
cg19398701,chr2,71526100
cg09595044,chr6,29458355
cg03169170,chr16,67665045
cg16537164,chr16,88006297
cg14596713,chr3,47378078
cg14022313,chr17,81463991
cg20703481,chr12,76138133
cg09446895,chr2,231144996
cg11151347,chr16,9169034
cg03832740,chr22,40632972
cg25922353,chr14,65410019
cg01625849,chr22,38090511
cg17651140,chr1,40083548
cg07491953,chr6,136148915
cg10266195,chr18,79968073
cg19722021,chr1,162752702
cg15227887,chr1,41512174
cg20725880,chr3,160677931
cg07233389,chr9,109323254
cg25193319,chr15,40767816
cg04056757,chr17,75365622
cg13683394,chr13,27544813
cg08128523,chr4,78585003
cg19446589,chr2,63041496
cg03907313,chr12,48693766
cg17697739,chr6,1873106
cg01332198,chr7,94509235
cg03614452,chr6,53497242
cg23169059,chr6,167347716
cg19140575,chr2,218692378
cg03607648,chr2,233760284
cg11353849,chr17,79979096
cg11690249,chr5,154892469
cg19754694,chr7,131041508
cg13511842,chr12,10219757
cg11534481,chr7,127856525
cg17264919,chr6,150333478
cg09010802,chr1,156806879
cg05708801,chr1,55822666
cg14611223,chr9,129728332
cg13519157,chr17,79865104
cg08441248,chr7,48455618
cg17549097,chr13,99383519
cg07951968,chr5,149391257
cg02890044,chr1,173602169
cg20200361,chr2,43548749
cg25984601,chr5,168844893
cg00902429,chr6,16722588
cg11187464,chr15,64136257
cg08774267,chr2,10083720
cg06494955,chr7,30173226
cg26056477,chr12,76569388
cg10284266,chr13,114152073
cg05248223,chr22,17891942
cg22418953,chr2,142876362
cg16793063,chr3,100557127
cg10338263,chr2,197478176
cg18227776,chr8,70151459
cg05295594,chr7,148851244
cg04395422,chr17,77495943
cg05764011,chr10,363601
cg18830952,chr12,132122224
cg02878913,chr10,103657430
cg06833102,chr2,161239800
cg17830120,chr15,50497340
cg21074877,chr14,23012759
cg25832927,chr14,99384073
cg23882633,chr20,15523678
cg27255505,chr3,73688265
cg07680042,chr11,12181747
cg18069403,chr3,112846804
cg16562756,chr17,8474097
cg14351767,chr9,37442140
cg01349792,chr16,57627605
cg04586748,chr11,114242325
cg00804055,chr21,29642860
cg00553917,chr21,38341651
cg11382414,chr10,87816075
cg05189253,chr14,91288987
cg09448103,chr9,90095653
cg04833648,chr4,17611454
cg05705822,chr14,31687733
cg06061466,chr9,129053190
cg04478223,chr5,50403892
cg12880047,chr15,90907434
cg01188623,chr17,8556264
cg11298262,chr20,57434936
cg13747137,chr15,100124639
cg17066338,chr5,140496224
cg18199581,chr13,113320192
cg04819539,chr12,57773767
cg26819160,chr11,2376367
cg15701956,chr10,1052886
cg23127434,chr2,183015362
cg03437916,chr15,41263600
cg08913969,chr5,80596177
cg20430237,chr3,52211434
cg13632716,chr2,210029396
cg17013870,chr8,81686889
cg14733637,chr5,1342085
cg19141677,chr1,95118802
cg14651842,chr4,168501687
cg00620801,chr1,236550407
cg14609682,chr5,79961979
cg06868699,chr17,61110523
cg14091896,chr9,134775497
cg19502620,chr10,11579472
cg11842995,chr22,27792736
cg02852450,chr8,124150369
cg14330713,chr17,38699991
cg23949474,chr7,151340605
cg16009387,chr1,109628709
cg05307477,chr10,117197292
cg00641420,chr14,72549347
cg05355346,chr8,116765126
cg01801951,chr6,87329786
cg06272498,chr5,14612436
cg01613870,chr6,144278934
cg23608297,chr13,73995966
cg24523456,chr21,36990860
cg23155318,chr8,132877625
cg07990790,chr2,69077145
cg26723698,chr15,92162838
cg25696000,chr3,66503520
cg15373896,chr5,25567703
cg13871037,chr6,32840118
cg16316720,chr1,168044971
cg13436907,chr9,94929593
cg15883588,chr9,86259889
cg04617896,chr17,76810857
cg00851439,chr19,41289617
cg16457675,chr8,106770349
cg03544453,chr3,125050655
cg12963168,chr14,72459597
cg04272710,chr11,18189487
cg05441372,chr13,113531683
cg21767504,chr6,96520747
cg12918812,chr15,77253721
cg09920353,chr5,38943434
cg11526367,chr4,123093475
cg18521305,chr8,141306762
cg09006117,chr15,71511783
cg17231424,chr9,104692885
cg04662250,chr17,21254187
cg09156014,chr6,46863432
cg26842151,chr3,184815968
cg05090335,chr17,45030265
cg02385556,chr3,33856068
cg23640625,chr1,54191073
cg07312480,chr1,161402905
cg14521552,chr15,25066984
cg06349632,chr20,33561531
cg15178346,chr11,47309538
cg25091766,chr9,71754436
cg18570262,chr19,10927295
cg03206533,chr19,38731619
cg16985363,chr12,132694793
cg22649290,chr2,85891741
cg09164585,chr8,102853230
cg21950208,chr15,74002127
cg22633057,chr7,35786917
cg08990402,chr8,53317084
cg03650192,chr20,62402489
cg04733773,chr6,143803368
cg03691560,chr14,63735872
cg03244325,chr14,61078101
cg25319365,chr20,33333256
cg25188942,chr8,4125479
cg20231613,chr11,9246119
cg11783616,chr11,57758224
cg02747184,chr3,71373316
cg07896461,chr9,20873534
cg13807341,chr11,118575269
cg26974441,chr16,88613477
cg18970573,chr12,121513013
cg26679158,chr6,110354853
cg24241192,chr15,70024683
cg26917480,chr17,30920875
cg12897634,chr12,44019291
cg23098051,chr17,19745533
cg10370687,chr16,89250945
cg21322417,chr16,53257116
cg26997258,chr4,16038066
cg21076221,chr2,70253034
cg25689647,chr3,136987575
cg01161919,chr16,30739221
cg26285037,chr6,33266458
cg09934808,chr11,47095717
cg01015647,chr22,35752831
cg01887807,chr15,78210314
cg08693792,chr2,120028804
cg04249234,chr4,65501779
cg02414586,chr19,10224517
cg19447629,chr12,82373080
cg06859941,chr21,42424239
cg07792422,chr15,50347781
cg19455292,chr2,212831380
cg13115114,chr7,140344153
cg19519626,chr19,35853391
cg24455985,chr2,43727961
cg00499393,chr17,67281944
cg07643762,chr4,74308363
cg00387390,chr11,114228908
cg08889593,chr1,154595871
cg24968176,chr7,98912100
cg16029289,chr22,49834074
cg27528787,chr9,128176840
cg11307865,chr12,27434242
cg15609002,chr1,200664069
cg05869757,chr1,54520723
cg08685688,chr11,118969014
cg07764575,chr19,38360352
cg02282369,chr17,49093188
cg17113508,chr2,9307882
cg04648346,chr5,36220771
cg00601648,chr8,130962341
cg02658686,chr12,100901714
cg13868204,chr10,119527963
cg15241549,chr7,2593494
cg14671328,chr17,63856682
cg08264118,chr18,12070529
cg15103180,chr5,151917224
cg03325095,chr1,214430206
cg19777318,chr6,31166386
cg02505681,chr19,39124645
cg16246442,chr19,40206180
cg13361585,chr1,246796174
cg14342106,chr11,57302172
cg02032892,chr2,241645671
cg20626840,chr2,37973868
cg20221991,chr17,58154386
cg24399614,chr8,100264298
cg25715256,chr10,70444224
cg11582816,chr17,55653028
cg11986875,chr16,69652948
cg20537554,chr10,124510324
cg07658854,chr5,28810006
cg02714677,chr4,73066986
cg01292139,chr11,34619521
cg00590830,chr1,31919623
cg06045746,chr8,102235128
cg25748112,chr10,53786439
cg03333838,chr13,50843974
cg09407712,chr7,139716488
cg21726840,chr19,8490285
cg17340574,chr7,108597525
cg13371675,chr5,666592
cg01302067,chr14,21487021
cg24755033,chr7,83160057
cg16043223,chr6,3990795
cg01202012,chr22,46852951
cg21921661,chr2,3468529
cg06660732,chr22,39965115
cg21819383,chr2,46167986
cg14714867,chr10,18233806
cg20384732,chr3,195874504
cg16514287,chr3,140955980
cg17367243,chr17,72805570
cg17439158,chr4,76614345
cg06420074,chr10,35424766
cg22900787,chr10,67838800
cg06558374,chr14,21613746
cg02165323,chr12,451091
cg04261102,chr1,174383546
cg24312865,chr10,131954153
cg04393041,chr2,14904722
cg02858506,chr6,11368468
cg00123747,chr17,2103330
cg13115444,chr11,66571728
cg25502179,chr3,46833852
cg14378480,chr1,84398505
cg13781408,chr17,81121900
cg16672277,chr8,28859699
cg10009514,chr1,214392830
cg10658307,chr11,95337944
cg14210622,chr10,109890219
cg02907865,chr17,17878978
cg13263472,chr14,102126819
cg05461375,chr15,63585491
cg26972183,chr2,134839987
cg26833950,chr12,53869831
cg22540410,chr10,110735464
cg16262553,chr3,75786809
cg04954757,chr17,903881
cg09508632,chr8,70376843
cg16147695,chr19,18485364
cg00254338,chr12,26573087
cg04368945,chr20,32545838
cg10561083,chr5,178472384
cg09867452,chr4,6663368
cg18776313,chr5,41072042
cg10974817,chr6,166498899
cg20677157,chr17,80367802
cg20465758,chr18,49094887
cg24824245,chr12,22045791
cg23412143,chr19,41813686
cg02716406,chr1,29364370
cg27568306,chr17,48059435
cg26450149,chr7,47336305
cg16224750,chr9,94154312
cg18144632,chr11,2943609
cg22832489,chr12,132029963
cg06161753,chr11,114254622
cg27438225,chr7,157087825
cg11070119,chr2,239139779
cg13724248,chr7,1575698
cg10258241,chr2,52629613
cg23857447,chr6,150842858
cg14215919,chr13,99024234
cg27443662,chr6,34430199
cg15422419,chr17,6995270
cg15012247,chr22,40275441
cg07263372,chr3,12898787
cg04294894,chr6,160259066
cg18085117,chr10,124046698
cg08868381,chr3,182864987
cg03257180,chr1,25700254
cg01578654,chr3,8931556
cg20471241,chr18,49817764
cg07770749,chr7,48030318
cg09607268,chr4,56408909
cg02213341,chr16,66676564
cg25601830,chr1,19304030
cg15457689,chr11,4115211
cg15504909,chr14,65241567
cg06292482,chr3,182981801
cg19308367,chr1,33351678
cg21019500,chr11,87239293
cg04061148,chr8,141187517
cg13681325,chr2,86793254
cg21331335,chr9,2717325
cg25808878,chr4,82621666
cg16102939,chr14,103942507
cg16910047,chr4,39366991
cg18798446,chr12,103469002
cg17541865,chr1,20451337
cg11822784,chr10,113945231
cg05235903,chr1,35220740
cg00001755,chr17,50869429
cg16627489,chr16,84662143
cg09581065,chr17,82696795
cg19613533,chr1,239901005
cg03087622,chr16,31392362
cg00440023,chr17,1174350
cg24451843,chr2,159030606
cg00694440,chr6,33856252
cg18117326,chr18,20937553
cg08566499,chr1,20941896
cg14865284,chr7,105047563
cg03393126,chr5,160348254
cg02967056,chr3,112134468
cg01704947,chr15,40355821
cg11527168,chr12,65495181
cg05816924,chr18,35943050
cg00225221,chr10,80332929
cg25709481,chr8,38401742
cg18195862,chr7,1411649
cg27372181,chr16,53397159
cg21837433,chr6,81787188
cg01514272,chr11,66557817
cg18477299,chr12,88137952
cg02317397,chr17,3812985
cg05215748,chr17,6995419
cg12201064,chr6,57314240
cg07590112,chr2,117997554
cg04865082,chr2,73090018
cg08554365,chr21,44333629
cg01379428,chr5,181263431
cg02003733,chr5,141134799
cg21628661,chr1,26772939
cg27493581,chr4,174286355
cg03553824,chr7,152377319
cg11463046,chr6,26318815
cg20772493,chr11,124640909
cg24049084,chr19,36943940
cg14487926,chr17,62780446
cg13478974,chr12,112307203
cg13956645,chr4,763597
cg25362834,chr10,72004693
cg14511498,chr3,115781820
cg25027698,chr3,132627252
cg08103472,chr15,40439126
cg13673375,chr7,102406315
cg16717768,chr17,19461948
cg16466334,chr11,102843627
cg21464975,chr17,62750899
cg11541404,chr7,44037407
cg27340796,chr16,27470668
cg15893184,chr12,1043334
cg14409461,chr14,91458677
cg22309949,chr3,46750702
cg16336446,chr1,107689789
cg00470154,chr7,66579700
cg08630465,chr3,134349792
cg00297969,chr21,43954412
cg16169949,chr2,231258848
cg06688875,chr20,1443680
cg01711850,chr13,80152171
cg10319943,chr16,90048605
cg21775370,chr20,19964983
cg12747742,chr17,9802412
cg24412650,chr12,8608262
cg07106911,chr12,113337909
cg12581019,chr15,65265736
cg17012806,chr8,37791064
cg25392814,chr1,71092902
cg15354877,chr12,75708710
cg21379546,chr7,1585351
cg08870003,chr6,14104068
cg05177805,chr11,702668
cg01608842,chr1,206446001
cg01641115,chr6,70839994
cg04208312,chr3,185082904
cg12565355,chr19,35743824
cg15754132,chr9,105370825
cg05834353,chr16,16114882
cg23289957,chr5,177051046
cg06626759,chr14,35539903
cg27102995,chr7,28181575
cg01982884,chr12,108704426
cg23202543,chr17,45893656
cg03426349,chr3,155290153
cg19808323,chr11,44951420
cg00412142,chr2,96837783
cg25988912,chr1,119225975
cg21948636,chr1,16179336
cg05513583,chr10,3787264
cg04318215,chr9,128827188
cg27233364,chr1,6889536
cg16120196,chr1,3006005
cg20947651,chr15,80563133
cg20078288,chr21,36245124
cg25423111,chr14,24206731
cg00740389,chr12,53196664
cg08784147,chr3,160507224
cg04173384,chr1,155731952
cg09357761,chr14,61466341
cg07635928,chr9,96502768
cg22504528,chr22,26555403
cg15385345,chr15,40486820
cg24018485,chr20,37995177
cg25137590,chr4,152321469
cg14702309,chr5,31153822
cg16049362,chr9,33419928
cg08978750,chr7,1047181
cg20282677,chr6,2910045
cg23375948,chr7,2066235
cg06634596,chr7,24834678
cg09795614,chr5,140661936
cg09416598,chr5,656089
cg12982124,chr6,85632448
cg20376545,chr20,36816496
cg15775787,chr19,29617166
cg12647400,chr7,35624386
cg24051040,chr1,42032135
cg01207100,chr7,155500430
cg24659646,chr11,48901122
cg13083776,chr1,51955108
cg10488006,chr11,112332227
cg07518214,chr1,116946397
cg19816586,chr12,79402527
cg08496428,chr3,12898933
cg22999532,chr12,31369447
cg16904377,chr1,30942806
cg09398756,chr16,11407301
cg06162728,chr1,25412167
cg15741156,chr11,79190211
cg22640750,chr14,95229760
cg00846240,chr14,72925370
cg11654882,chr9,35812682
cg19977628,chr5,1261957
cg03906073,chr8,73047185
cg21492306,chr3,45592246
cg14130337,chr4,24530254
cg13265730,chr7,138238175
cg01192453,chr7,47677151
cg17784606,chr1,1255178
cg19900226,chr17,30293583
cg14249212,chr12,104250096
cg11155016,chr4,3026188
cg22225918,chr12,52587758
cg24448128,chr7,43466595
cg06083463,chr1,194976032
cg26053469,chr13,43072058
cg01164584,chr8,66542105
cg00314943,chr2,232406040
cg18957501,chr22,23904777
cg09725686,chr11,63618507
cg04837991,chr2,102718970
cg13293246,chr2,127060525
cg00930244,chr7,39830923
cg25700931,chr3,128320235
cg02817143,chr5,157334722
cg26477387,chr6,87263448
cg09882209,chr3,114351259
cg12832282,chr8,124741185
cg02503633,chr10,132201032
cg20667330,chr4,82403312
cg15671915,chr18,21825747
cg20464383,chr15,29207275
cg15194088,chr11,58403558
cg07861806,chr2,70006124
cg22272240,chr12,4328796
cg19153329,chr8,109457919
cg10996109,chr19,3637311
cg20456564,chr4,122379255
cg11060092,chr16,16148438
cg04827593,chr10,31127840
cg06758077,chr2,27375900
cg01649350,chr3,49298684
cg13517213,chr2,210555022
cg15681981,chr17,44755960
cg04843257,chr3,139690011
cg04598726,chr14,102734004
cg19997318,chr10,89413519
cg10993576,chr12,55873507
cg25869950,chr2,96114030
cg15964898,chr12,9333608
cg04338983,chr12,101714601
cg00609826,chr1,25949637
cg07306685,chr17,37615142
cg22687413,chr1,11670373
cg16709893,chr7,107965827
cg14278847,chr15,100632878
cg14068496,chr4,8367059
cg07660543,chr7,28225191
cg12633766,chr7,157290940
cg20103078,chr15,94855690
cg08290943,chr12,6581786
cg21904709,chr5,112879098
cg08245710,chr18,56861259
cg04268442,chr15,74797811
cg24050537,chr22,23816317
cg17936229,chr2,175834906
cg06279626,chr17,32485960
cg06894149,chr20,41526614
cg24184684,chr17,29940368
cg09900314,chr12,120533550
cg21381504,chr2,240309052
cg12756093,chr1,114696700
cg07501747,chr18,46101542
cg19377674,chr15,66298000
cg15921745,chr19,10666572
cg25122413,chr11,125685797
cg22792552,chr17,78537393
cg17576104,chr3,142222437
cg22019742,chr11,44178265
cg05236207,chr3,150020793
cg09359751,chr2,97757305
cg21166047,chr9,7478187
cg15686474,chr8,29875031
cg26776061,chr9,93635721
cg19225391,chr14,92051423
cg05939149,chr2,43758967
cg10166151,chr14,92926022
cg14222474,chr1,2355173
cg22935203,chr3,7451401
cg10468580,chr17,81900142
cg02739893,chr15,43977824
cg20865961,chr3,49304333
cg05824416,chr2,232662694
cg00268219,chr9,36402456
cg13499648,chr3,50487501
cg02649474,chr16,30661782
cg04792447,chr10,70491968
cg11380499,chr7,76029797
cg13132380,chr20,62254672
cg16811248,chr20,61519737
cg06058262,chr5,1069609
cg26677322,chr11,44957093
cg10124779,chr8,79831771
cg23882417,chr14,106283655
cg22102357,chr2,3974167
cg17569332,chr19,7559095
cg25871103,chr1,180623512
cg16805483,chr2,11612927
cg01724753,chr7,100160115
cg05031034,chr15,65118684
cg26143141,chr4,7739094
cg12706986,chr14,51919707
cg08540096,chr19,2755549
cg05902968,chr10,124703579
cg25750018,chr22,20787371
cg04231718,chr9,69194162
cg07132966,chr1,68276554
cg05051171,chr21,42867116
cg14727165,chr6,137784248
cg04517125,chr19,5958908
cg01865519,chr2,208240168
cg00590481,chr4,173992115
cg14840163,chr8,23064024
cg26335688,chr3,131053013
cg00383796,chr1,5670530
cg05445477,chr16,57461738
cg11646259,chr7,33987045
cg22852570,chr8,98891167
cg11521318,chr22,40176840
cg23680411,chr12,40033960
cg27200429,chr4,49162962
cg13482327,chr19,41087556
cg19484995,chr11,134097345
cg25686479,chr1,92271808
cg25092563,chr15,51203701
cg07622457,chr20,58492170
cg09813639,chr20,840773
cg09458009,chr7,2408995
cg22695874,chr7,123660576
cg14082874,chr8,89824542
cg24311909,chr14,20462614
cg22064390,chr7,2575913
cg02363168,chr2,158995248
cg02481280,chr12,94409163
cg13771523,chr11,12864021
cg18952015,chr3,141407228
cg17417618,chr1,192766467
cg05282968,chr6,168027797
cg23691040,chr3,167865609
cg21942546,chr7,73740027
cg16174225,chr1,1333089
cg20733250,chr11,120506373
cg14793427,chr3,122701061
cg06002983,chr1,28422700
cg01822102,chr16,1554979
cg11828115,chr10,70467932
cg19610007,chr19,41944882
cg03688381,chr2,7769354
cg15402255,chr4,88050995
cg23525758,chr3,52486606
cg19798199,chr8,38232991
cg22259724,chr17,7576562
cg18532267,chr11,8735391
cg03970153,chr21,31630143
cg25996571,chr11,60465181
cg25998705,chr2,37802711
cg21167106,chr8,8381778
cg04170853,chr16,2445398
cg06553368,chr6,111500390
cg02634861,chr1,10697897
cg12329933,chr5,60672246
cg13423469,chr10,115096651
cg17251384,chr4,36332007
cg02657046,chr6,138223022
cg00245885,chr5,135344449
cg10674017,chr2,3198205
cg08935725,chr20,53608210
cg08282924,chr20,48806692
cg15082473,chr13,114036111
cg01550607,chr12,1715777
cg20430861,chr10,87675356
cg26384424,chr10,3503683
cg06369005,chr5,27038739
cg12520340,chr1,212356621
cg19372128,chr7,152157875
cg10664618,chr12,57185683
cg21562812,chr11,88308323
cg18117149,chr6,41778778
cg16404723,chr7,47936875
cg22838399,chr5,107577084
cg27482571,chr12,42085752
cg21913775,chr1,19114438
cg09356750,chr19,4691008
cg10538377,chr3,196140154
cg26230138,chr2,97765073
cg11674407,chr22,25064987
cg05751905,chr3,185491287
cg15921089,chr21,41853689
cg07549924,chr4,54142
cg17881042,chr17,80218209
cg21500895,chr12,107580519
cg25972022,chr15,63723280
cg12095186,chr19,10504421
cg22620071,chr5,113807057
cg04999262,chr3,127297144
cg16415691,chr9,113485620
cg04338556,chr15,31026083
cg20157572,chr13,113459980
cg17065758,chr8,130047002
cg07258849,chr1,59194947
cg08255057,chr13,107034626
cg01867994,chr2,131522730
cg08056728,chr17,78799729
cg15424816,chr9,92746994
cg16861338,chr5,109877715
cg11268267,chr15,93523902
cg16152954,chr14,21432912
cg17066575,chr18,21509260
cg05792753,chr6,31691892
cg17381798,chr2,1757536
cg22389991,chr18,10544350
cg17468390,chr6,3830826
cg23264236,chr17,20874306
cg04910662,chr16,73049115
cg07072279,chr1,201986831
cg08678693,chr3,26694252
cg08114142,chr16,17251637
cg23986158,chr1,8786955
cg01002716,chr3,188585618
cg12869254,chr3,113956800
cg09307367,chr18,52343114
cg17996596,chr3,9809488
cg16910896,chr9,110985529
cg19372359,chr6,29607351
cg21543181,chr6,17883053
cg16017414,chr1,221030358
cg18579312,chr9,121571614
cg00597118,chr8,102858147
cg03917515,chr16,53431427
cg18442685,chr5,17670333
cg26340159,chr15,80057677
cg26119382,chr1,155591300
cg27518884,chr11,6783711
cg14023449,chr19,43838682
cg21547824,chr12,132726738
cg09412344,chr8,71674496
cg15122841,chr2,239260196
cg11821702,chr9,5891258
cg22947570,chr16,52608527
cg11857748,chr13,99262044
cg26588072,chr11,34470705
cg16509863,chr19,58198518
cg08598966,chr10,125899434
cg13484329,chr12,109905018
cg18585560,chr14,69769829
cg18461436,chr3,149379041
cg06659980,chr1,3213971
cg10634317,chr19,56146485
cg09393834,chr15,60834732
cg10535426,chr19,1556639
cg16307130,chr4,138064227
cg06343094,chr2,239155861
cg04307162,chr1,44987390
cg26819633,chr15,47762113
cg00041641,chr1,151052138
cg25209860,chr10,84438347
cg23020213,chr3,18234658
cg20923877,chr4,184399672
cg16299537,chr7,47298643
cg03257107,chr10,95754518
cg18712755,chr6,31632865
cg00374105,chr6,34875802
cg03045067,chr16,72785355
cg23828635,chr10,14600922
cg27327073,chr5,94787999
cg25586305,chr2,233373044
cg01087208,chr20,61919864
cg14979079,chr3,17045586
cg19959120,chr1,57877329
cg08352444,chr11,134525289
cg22875239,chr15,68106883
cg09402796,chr7,135798600
cg14911222,chr9,129683840
cg08423575,chr1,22500307
cg04996921,chr15,68614885
cg14924278,chr10,121989407
cg16004231,chr12,111754931
cg21368429,chr20,30412028
cg17611967,chr21,36472084
cg17283526,chr1,214648546
cg14105835,chr6,33237681
cg13882439,chr5,131230177
cg27547967,chr1,46901058
cg05194545,chr10,31807188
cg27491609,chr17,64783489
cg06880494,chr7,147432043
cg17280340,chr11,66876994
cg11652564,chr3,143648378
cg23280953,chr4,98172937
cg25849029,chr1,3360222
cg22727297,chr6,33304594
cg13017603,chr2,20090459
cg26918105,chr5,41928625
cg10294956,chr6,32815068
cg26597734,chr16,11057095
cg19332222,chr20,62895124
cg20767890,chr2,172691297
cg15101965,chr17,16953621
cg05091734,chr21,45286664
cg19931223,chr10,97390937
cg22065591,chr11,3827993
cg06456958,chr17,82971021
cg27099134,chr13,41606730
cg19973647,chr14,64856749
cg00808687,chr1,212112293
cg04507642,chr12,51419880
cg08259307,chr10,234884
cg08624445,chr21,44886773
cg05518813,chr19,19365308
cg00661681,chr2,12330996
cg08447690,chr13,112466793
cg18209043,chr7,2216699
cg06371713,chr1,211670087
cg09661161,chr3,105864422
cg19879189,chr6,32051401
cg11588906,chr11,46386720
cg07406223,chr2,200987421
cg26143582,chr18,79047824
cg06119837,chr5,10700638
cg15097336,chr1,114759349
cg22183448,chr22,42087262
cg23411226,chr11,1501555
cg07061541,chr14,103929811
cg26399662,chr3,143121995
cg17950900,chr10,133046706
cg25305444,chr13,39836393
cg03773869,chr10,105176458
cg17647198,chr18,22787968
cg05934796,chr5,171543673
cg21279353,chr1,201621623
cg12648336,chr12,47664617
cg23845203,chr16,25747885
cg16869647,chr8,119124860
cg13387924,chr6,33316607
cg18256118,chr13,64234501
cg21766141,chr12,24404742
cg08869038,chr6,56470253
cg09759523,chr10,7579894
cg13150061,chr14,102219616
cg25450140,chr1,156738580
cg27617936,chr10,48605889
cg17193281,chr15,78543715
cg03340964,chr20,17571884
cg15807846,chr7,101067197
cg13906646,chr6,166479433
cg06365562,chr7,149580810
cg13049686,chr12,132023987
cg03766453,chr5,180243695
cg02144266,chr20,63861776
cg13714241,chr2,207001058
cg15514001,chr20,31909433
cg12091603,chr5,100576346
cg22383595,chr3,133867623
cg16907895,chr13,98578136
cg05840901,chr4,6639278
cg24246187,chr18,9250766
cg26455741,chr17,29555970
cg22224790,chr1,206608603
cg04767208,chr12,53422484
cg24249871,chr1,35058725
cg00451901,chr6,6930484
cg08865640,chr2,240524108
cg18250039,chr3,128745944
cg00596819,chr7,157783728
cg09880254,chr4,140673864
cg03064488,chr2,74854317
cg24075158,chr12,20809276
cg14747209,chr16,29796818
cg20686064,chr6,322964
cg02632890,chr16,1656044
cg14048599,chr21,46407486
cg24508976,chr3,14543271
cg07702509,chr20,38447996
cg12219134,chr2,1109974
cg11097814,chr22,43892775
cg12395259,chr2,63044792
cg22802644,chr1,111161254
cg26835222,chr5,139345108
cg21439818,chr4,22621629
cg19478709,chr8,126116535
cg08952007,chr7,151460734
cg26327618,chr5,42756307
cg06609182,chr4,3233273
cg10793390,chr14,29577411
cg09240267,chr20,32849481
cg05704832,chr1,226120846
cg15431074,chr2,99158796
cg01104995,chr13,113547140
cg14561063,chr10,43707065
cg06413417,chr20,25341170
cg17167116,chr1,29206831
cg03544379,chr19,14942012
cg23698124,chr17,2250883
cg16374722,chr8,100491155
cg23913947,chr1,227563156
cg14377853,chr5,77708075
cg07842928,chr15,78465004
cg25498258,chr2,207876625
cg01773642,chr2,69521320
cg05171646,chr9,79708176
cg24291461,chr10,100989787
cg15523543,chr2,191638703
cg11444668,chr2,27431836
cg01874842,chr22,44365231
cg17716757,chr3,184193570
cg16916353,chr20,47016852
cg06409105,chr6,163630318
cg18974533,chr9,125537938
cg03964316,chr6,30552391
cg16249214,chr15,49651422
cg09715862,chr14,21397473
cg12218774,chr17,562873
cg16625402,chr17,1883706
cg12912459,chr14,74293387
cg08219486,chr17,80828304
cg22648337,chr9,137582661
cg10168419,chr8,43204802
cg09856343,chr4,139736371
cg21886908,chr19,49631787
cg00150418,chr3,50061892
cg05368794,chr1,231239048
cg08089128,chr7,72921138
cg16522602,chr5,80668260
cg25666945,chr2,223788310
cg24299074,chr11,15111541
cg26804848,chr15,42737601
cg01823222,chr16,15086725
cg17338252,chr13,111172022
cg23060747,chr2,239041262
cg27190913,chr2,236507970
cg13505245,chr10,102609128
cg18789472,chr12,19442109
cg22529374,chr10,96798783
cg07842265,chr3,49277922
cg27271430,chr14,68382155
cg10579121,chr17,81385415
cg08712270,chr12,62485993
cg26326806,chr3,186435385
cg01525854,chr2,27338310
cg08543903,chr16,84847775
cg11544916,chr19,29104911
cg14216173,chr18,58137157
cg22667776,chr5,75595676
cg21421242,chr5,43660960
cg06913118,chr1,154551874
cg04321497,chr2,178526968
cg10459087,chr4,40626687
cg21067858,chr8,82162062
cg00362478,chr7,43907948
cg16210324,chr6,161439529
cg12333493,chr4,39711453
cg17195674,chr16,58913543
cg04445499,chr9,109036980
cg15655162,chr9,135507793
cg17661601,chr8,11799183
cg24797528,chr10,110963266
cg15828093,chr6,38054583
cg21615922,chr9,33929089
cg23508264,chr11,62647552
cg25756440,chr6,151228779
cg23728047,chr7,54865654
cg22344617,chr8,11295240
cg00453565,chr11,66560898
cg02307075,chr2,207827781
cg03179941,chr11,35746907
cg11378919,chr13,113503878
cg00717297,chr12,121732250
cg11936554,chr2,127862374
cg04988848,chr1,226964647
cg07042077,chr5,75718434
cg27408748,chr10,78367504
cg14142550,chr22,16749944
cg17704425,chr2,232231743
cg05036547,chr7,152462732
cg25924408,chr20,58293620
cg01460520,chr16,22279028
cg13698261,chr9,95079674
cg12278688,chr1,155642345
cg26149108,chr5,65979433
cg15747884,chr19,58469287
cg05061886,chr22,27796806
cg16345114,chr5,172879109
cg07802872,chr14,55675021
cg14883980,chr2,239678704
cg15500389,chr1,207361116
cg02673305,chr6,32098344
cg05644735,chr7,66114242
cg07244414,chr4,7905496
cg24731420,chr2,12288674
cg25087507,chr7,99486707
cg01695083,chr9,136470936
cg12915406,chr12,132814716
cg27221338,chr7,6485394
cg04814966,chr10,79268442
cg15330054,chr9,5896431
cg12905673,chr5,147780988
cg25683184,chr12,131753958
cg14187088,chr15,92782047
cg25607155,chr4,1978800
cg26003092,chr4,70811909
cg17820326,chr2,41711915
cg20432667,chr14,52117575
cg21573117,chr1,79045187
cg09071043,chr11,29020535
cg02612335,chr12,128932634
cg09829452,chr10,26935046
cg12291343,chr9,127634868
cg01227027,chr20,62799547
cg13902786,chr9,135556114
cg10601761,chr19,4930768
cg08290287,chr19,42239943
cg17586538,chr15,57063651
cg21486579,chr6,143959086
cg02891522,chr4,1974505
cg25103726,chr12,130407744
cg05594095,chr1,6416856
cg24446127,chr15,82235026
cg00691586,chr15,85617531
cg24512311,chr12,2868667
cg16319287,chr6,11264306
cg27431237,chr17,81736653
cg00389672,chr17,29786318
cg01327313,chr15,71335040
cg04571143,chr15,99396722
cg13992360,chr4,169095413
cg06477444,chr19,49908264
cg15658827,chr1,25340415
cg08377550,chr2,241089772
cg17191256,chr10,129867155
cg05482394,chr13,30308136
cg13343694,chr5,72574917
cg02198617,chr14,104985167
cg20065366,chr15,50210319
cg11086877,chr20,54113727
cg05348216,chr6,27255126
cg00886770,chr13,52196796
cg17546118,chr8,6664522
cg06105867,chr6,7482320
cg21377057,chr18,9248757
cg04324509,chr3,101576780
cg14240450,chr10,61431473
cg10105218,chr1,110872362
cg02098273,chr16,70294713
cg15329149,chr8,144308846
cg15312337,chr6,166663455
cg05617289,chr3,42630904
cg04399872,chr14,49689053
cg04190745,chr7,90271395
cg24254891,chr22,39999311
cg23275998,chr7,105614081
cg22309428,chr1,43437420
cg22105367,chr5,54853103
cg18555555,chr6,122778389
cg07738503,chr3,185148805
cg06256880,chr16,90030137
cg01738128,chr10,120511202
cg09708840,chr5,133262117
cg00164720,chr10,87951863
cg21104674,chr13,32911214
cg00933813,chr10,35594676
cg16853660,chr11,32794665
cg15505531,chr4,186428560
cg22997601,chr19,5115613
cg02212772,chr3,48240821
cg02490228,chr20,30361737
cg27322371,chr3,150611605
cg16672287,chr19,28503469
cg20694166,chr2,201860143
cg24339219,chr19,13038702
cg22944934,chr6,31653988
cg00847387,chr4,145704956
cg02724868,chr3,127664588
cg00504885,chr2,8552756
cg19575244,chr6,156772951
cg09909601,chr2,98485545
cg02563469,chr1,15729658
cg20984125,chr6,37459625
cg07106078,chr1,39507445
cg27180636,chr3,75666632
cg20801163,chr2,112786600
cg25735890,chr20,17708625
cg12535551,chr14,50760037
cg23304762,chr8,115587156
cg08336930,chr13,97495793
cg14908249,chr11,101721496
cg01650159,chr5,67267847
cg05269473,chr2,223936353
cg20123222,chr17,337897
cg05686902,chr1,21656158
cg08165666,chr9,89357503
cg02378862,chr16,71330599
cg09974122,chr10,119285171
cg17735372,chr2,24790874
cg12528184,chr2,97907829
cg23627022,chr2,224026550
cg20891987,chr6,30328174
cg07840471,chr2,218590265
cg18039628,chr4,27002985
cg02707114,chr5,54324863
cg03494055,chr10,5439586
cg22778206,chr8,14854968
cg27117313,chr13,112841277
cg07324987,chr14,44453638
cg11874143,chr3,138346909
cg03474251,chr11,111790101
cg03145767,chr18,56658393
cg00898603,chr16,84185050
cg22066747,chr11,65068684
cg22224736,chr1,161367610
cg07596824,chr19,42395084
cg12629103,chr18,78728516
cg05980158,chr12,130994137
cg25275945,chr4,41134305
cg00933306,chr13,60078365
cg15613917,chr2,68646101
cg02739077,chr1,40735255
cg15058600,chr13,40546627
cg13434852,chr10,126969917
cg15307783,chr16,89297721
cg09049879,chr13,102771152
cg23479730,chr14,99215420
cg18883643,chr2,27622366
cg04931599,chr2,39570412
cg13443193,chr9,98211323
cg24004985,chr10,6246967
cg13234088,chr3,125592293
cg06918470,chr16,3290052
cg09488090,chr16,72285867
cg27243102,chr10,50739157
cg20247893,chr3,31748483
cg07911844,chr2,53854339
cg09472330,chr2,20430181
cg06525184,chr9,63807181
cg10548708,chr3,38133965
cg26072428,chr21,17917042
cg04973708,chr16,30733414
cg04885562,chr1,246632308
cg19480482,chr12,54275532
cg11561174,chr4,1632977
cg16678014,chr16,66747367
cg01681072,chr4,658962
cg08016723,chr9,94935209
cg27149326,chr22,20727133
cg04900185,chr1,247738597
cg00083084,chr1,161122421
cg24743149,chr16,12373719
cg14269189,chr7,37435075
cg02286737,chr12,79665775
cg04938082,chr16,69122425
cg23776294,chr22,19604123
cg11250551,chr11,19227096
cg14161440,chr3,64151131
cg21267551,chr1,147761635
cg10885317,chr14,61591216
cg03891048,chr6,159165112
cg11281005,chr13,112742634
cg13646459,chr9,131722212
cg08953850,chr16,30392075
cg06552392,chr17,40176338
cg21340152,chr1,59393129
cg11296945,chr4,75056374
cg21910363,chr3,70985269
cg06557376,chr17,8481289
cg18042859,chr3,124674566
cg22780112,chr16,81563060
cg00058290,chr6,400090
cg00920546,chr22,41194475
cg20692029,chr12,119288879
cg16581224,chr16,49749557
cg21767859,chr4,5793703
cg17931320,chr19,885759
cg24457814,chr14,87988205
cg02567465,chr10,110812848
cg16243388,chr12,118375176
cg26655076,chr2,235811729
cg06925364,chr4,90074782
cg01979171,chr6,32850412
cg01047658,chr2,48551560
cg12924518,chr3,138607374
cg25928521,chr11,14871793
cg09033276,chr3,196232492
cg24598084,chr16,46882922
cg08506401,chr4,176315797
cg25706898,chr19,45619541
cg12652229,chr8,105669352
cg25511725,chr6,106329856
cg17274072,chr15,90360995
cg06975410,chr1,74768141
cg15407784,chr5,160424350
cg08194212,chr4,68314217
cg07733287,chr22,20750099
cg06179318,chr17,19244962
cg19703946,chr2,119370046
cg12089204,chr11,1297375
cg15738692,chr1,147651933
cg07508446,chr16,85932591
cg15176772,chr6,156899811
cg00199519,chr17,18119807
cg03726496,chr11,134880200
cg14407840,chr12,106342821
cg11259792,chr10,47111468
cg23256829,chr10,132416227
cg04898289,chr5,38596610
cg13215514,chr5,159774298
cg21978855,chr5,72324405
cg18151982,chr14,90303016
cg11113333,chr16,4731945
cg05172071,chr1,236736477
cg06391483,chr13,110651351
cg09948030,chr11,27291373
cg19954255,chr1,34129894
cg22940988,chr15,67246108
cg04707603,chr2,33510821
cg07851586,chr19,19344137
cg02199697,chr13,110950731
cg19625802,chr19,56901100
cg12529438,chr8,67099045
cg02167945,chr1,25702336
cg06934110,chr7,99419665
cg17339569,chr1,202909907
cg16258702,chr14,102452452
cg11074301,chr22,41241302
cg01573712,chr1,220091890
cg25775493,chr12,50986842
cg04270824,chr17,261636
cg19405931,chr1,217491662
cg09166873,chr12,112295029
cg00338685,chr8,143801273
cg12425292,chr2,69145856
cg04258696,chr7,4134935
cg03738579,chr16,87700065
cg23241413,chr20,56517027
cg14323766,chr1,162008021
cg22812903,chr2,143433191
cg00017639,chr15,84895751
cg07179503,chr9,121157742
cg07475752,chr1,204835013
cg09669831,chr7,5641212
cg17831241,chr22,39007425
cg10624729,chr1,77832522
cg05893073,chr18,3226716
cg18955386,chr7,116922244
cg10617091,chr12,45879472
cg03827764,chr18,11827165
cg15980810,chr14,103747161
cg14463979,chr21,44818944
cg00248391,chr3,103159246
cg01843743,chr14,63737480
cg07697227,chr4,726119
cg19356324,chr16,68312087
cg02577253,chr10,119274774
cg23699148,chr19,52583931
cg01627476,chr1,197104065
cg08248641,chr7,70707529
cg09608173,chr7,98956381
cg13789423,chr14,87989202
cg08116792,chr13,27989502
cg24465935,chr6,153617057
cg25627105,chr17,75578173
cg27477470,chr1,9062033
cg16219710,chr15,84615755
cg10443500,chr12,131011907
cg11635439,chr5,149552745
cg10709026,chr17,3812953
cg25899922,chr7,159141323
cg02343542,chr2,108976515
cg23702028,chr6,46687722
cg15351060,chr1,76337955
cg09285114,chr12,132949434
cg13222299,chr5,177967106
cg13399274,chr11,65603355
cg09963530,chr2,7119604
cg16712155,chr11,5986019
cg07992027,chr6,5067001
cg24191287,chr2,71856000
cg12700273,chr2,172919774
cg18366108,chr5,226055
cg15689600,chr2,176532007
cg20339088,chr18,76708946
cg06719495,chr4,82866847
cg14077232,chr9,137761748
cg25648401,chr22,37683137
cg07089617,chr5,138929366
cg19762274,chr8,100832870
cg26551019,chr5,62310995
cg14617167,chr3,127664615
cg05468345,chr12,2548385
cg12252259,chr22,32782869
cg11028770,chr6,522964
cg19431140,chr1,161076964
cg12124295,chr1,8221632
cg03903063,chr18,74212601
cg14407100,chr3,126265051
cg06152409,chr2,34105001
cg26816165,chr20,11871633
cg25516853,chr6,31623568
cg02297278,chr5,150249392
cg17095915,chr9,126520182
cg24997513,chr17,3692047
cg26037174,chr17,35422103
cg15482025,chr19,18836104
cg08018256,chr5,177352215
cg03092494,chr17,50750923
cg09496178,chr14,89962478
cg15912629,chr3,22450786
cg10658703,chr19,1033243
cg14012264,chr7,4703795
cg01979270,chr16,2539772
cg02774390,chr2,105256623
cg04415132,chr19,48718242
cg05302953,chr18,46074696
cg10167888,chr10,132542773
cg16284482,chr2,27337335
cg11283677,chr17,62650525
cg25300318,chr2,199662574
cg10822817,chr11,16876425
cg12831429,chr18,12359960
cg08331184,chr2,46018981
cg11910611,chr2,74261558
cg22672496,chr17,80363157
cg17574197,chr19,5588044
cg12421153,chr20,3782680
cg19205041,chr6,143608374
cg23892502,chr11,11941626
cg17446142,chr5,132865791
cg09567892,chr15,65312443
cg13652169,chr22,17008222
cg03429696,chr19,43380573
cg01815778,chr3,187953141
cg00073261,chr3,194768801
cg11418217,chr5,36960533
cg06296574,chr6,134268451
cg00745124,chr3,141844361
cg06575423,chr15,50856565
cg05623317,chr3,38545036
cg07703643,chr12,56727576
cg04343233,chr1,11131688
cg03926833,chr20,731078
cg11616801,chr10,13437844
cg08165083,chr1,10529343
cg01835576,chr16,66801627
cg03670422,chr3,155762856
cg15756248,chr11,59898175
cg08910976,chr3,141920610
cg01621637,chr1,168105240
cg18123789,chr11,102446803
cg09576855,chr5,92687665
cg00939525,chr15,39837162
cg01376217,chr3,40451035
cg04149897,chr8,143318924
cg03820120,chr5,116528511
cg01628554,chr6,147743233
cg21251361,chr5,95966123
cg01092748,chr1,21111342
cg26972561,chr18,74397713
cg15156500,chr6,109551962
cg26503651,chr19,46748030
cg21200430,chr9,115015033
cg05646464,chr11,12213117
cg01469594,chr17,82748910
cg22319629,chr6,147226911
cg09608876,chr3,53351632
cg11999875,chr8,103403276
cg26594620,chr4,1981466
cg24363392,chr2,157429360
cg17473311,chr14,90884346
cg16149154,chr21,25879388
cg06647446,chr6,157423573
cg13805530,chr5,177567560
cg02145220,chr15,78931036
cg23992879,chr5,180851031
cg23353813,chr5,144171911
cg00699996,chr14,22829478
cg04565799,chr14,49593429
cg17730759,chr19,35743098
cg18252245,chr2,96969812
cg09496130,chr4,98617342
cg15430455,chr5,135128113
cg13926796,chr7,101890655
cg00595828,chr4,140737771
cg15207041,chr4,25237958
cg04752650,chr10,45071721
cg26915779,chr17,11994339
cg17421607,chr8,52715638
cg14670149,chr16,67276046
cg21657040,chr6,44831389
cg18256194,chr16,14503081
cg13943024,chr1,9265330
cg02849913,chr7,149003916
cg17825812,chr12,108809904
cg05043720,chr13,112145685
cg05980955,chr11,17847203
cg17349461,chr15,60340137
cg20294481,chr20,3544349
cg20226149,chr21,14516477
cg04700215,chr12,45926327
cg24591660,chr11,14461357
cg00574307,chr13,94443846
cg18450294,chr17,519995
cg12472484,chr2,144849249
cg08831531,chr16,9125088
cg16410144,chr22,46065486
cg04419342,chr10,88524247
cg15294623,chr17,27218024
cg25923692,chr15,69671599
cg27348125,chr17,59463888
cg05062023,chr2,132585701
cg25593476,chr20,4252617
cg07252916,chr20,58990642
cg07877629,chr16,81431821
cg14023762,chr19,13809345
cg23001930,chr7,2054842
cg02597153,chr11,17772411
cg11970480,chr6,158640287
cg03016932,chr5,66511668
cg08358898,chr12,15827935
cg20854293,chr1,162142026
cg05814100,chr17,80925997
cg00554341,chr3,177348506
cg02878901,chr2,32156328
cg25036983,chr16,54687202
cg12466070,chr7,100111337
cg15819051,chr1,168106310
cg07135469,chr2,73238378
cg11671029,chr14,101840826
cg22113123,chr1,54255415
cg13912480,chr9,34370822
cg11219690,chr22,23306067
cg25373484,chr17,48294140
cg14445939,chr8,143754917
cg03342640,chr22,19435642
cg21437596,chr1,44212519
cg05349317,chr2,101047171
cg16078235,chr16,4331271
cg14241894,chr2,234970645
cg13196578,chr1,15681672
cg19749532,chr21,43946888
cg19349092,chr6,34514501
cg24423359,chr4,73231446
cg07478808,chr14,74834708
cg00910990,chr1,172724741
cg02864248,chr15,90868608
cg25652293,chr6,34260695
cg07909686,chr6,26409471
cg06803290,chr17,20940585
cg09519251,chr15,57317795
cg08977209,chr17,82909380
cg01625292,chr2,127651417
cg17768665,chr8,94208969
cg06592160,chr13,40623762
cg06773888,chr6,39900095
cg04403473,chr5,156813648
cg03019207,chr17,78842016
cg17517613,chr12,3262742
cg11839365,chr3,194059896
cg11181795,chr17,7316652
cg03729265,chr12,19403251
cg10414638,chr1,151890196
cg01767270,chr2,120358810
cg07429229,chr22,39607190
cg13355940,chr18,47913212
cg15612847,chr2,99179855
cg13725636,chr8,1523280
cg26096984,chr17,29762713
cg03068838,chr12,52156202
cg26830192,chr8,1783877
cg17885586,chr4,47811656
cg25021575,chr13,76887784
cg05542646,chr16,88375678
cg06992519,chr7,141719149
cg19374476,chr12,132649031
cg12955076,chr3,186671688
cg15605567,chr6,7585663
cg03996913,chr1,51404907
cg09471499,chr16,86181430
cg16252122,chr12,42442194
cg10599951,chr3,49360334
cg00934395,chr9,34649487
cg19914653,chr1,182269337
cg05160984,chr6,137763644
cg10066586,chr2,98782139
cg08783647,chr6,39113865
cg26159860,chr11,133599298
cg08099626,chr17,3309738
cg24844785,chr7,149862281
cg22483170,chr11,120597486
cg06660867,chr6,157219575
cg16218536,chr7,51478079
cg16557792,chr10,113820317
cg11861935,chr14,92450118
cg00807497,chr6,155443402
cg16717740,chr19,19502061
cg00373915,chr10,68420264
cg04296321,chr6,158078103
cg05661967,chr14,24160336
cg08520124,chr5,78525109
cg19692774,chr11,62760888
cg13647568,chr1,40530208
cg10071550,chr2,239090967
cg23417131,chr11,93133602
cg17809205,chr10,84451855
cg16384357,chr20,43569406
cg09179713,chr11,128738640
cg07600572,chr17,32476576
cg05614767,chr9,74846278
cg18674956,chr8,66111220
cg00594252,chr7,5334680
cg22599653,chr8,18720741
cg02302035,chr16,54121565
cg08048478,chr11,34278770
cg14926216,chr15,39886105
cg19461414,chr18,8944393
cg06428091,chr16,3290853
cg06163144,chr17,69220644
cg06284285,chr10,15860888
cg17129352,chr10,27558405
cg18485627,chr14,100873851
cg14076360,chr5,62621536
cg01922090,chr7,4644670
cg09021112,chr4,138243636
cg14881910,chr4,94472694
cg10747150,chr11,65306652
cg05431974,chr17,833350
cg03187209,chr1,204111407
cg13750902,chr9,68778101
cg21655750,chr2,143162150
cg27461480,chr4,73154767
cg16412629,chr1,114507127
cg03075765,chr4,53496177
cg11307417,chr3,48269126
cg20667519,chr2,130194064
cg02701435,chr19,4903897
cg11103682,chr5,58128163
cg27081107,chr10,392721
cg24149628,chr17,14725712
cg25204319,chr2,12844689
cg08736158,chr1,226379784
cg05287512,chr14,100543001
cg21179305,chr9,37119971
cg00615492,chr16,29989750
cg10319023,chr7,80807429
cg03900676,chr9,91887614
cg14696850,chr12,7432538
cg26227310,chr10,101124330
cg21983342,chr11,78432149
cg26428845,chr19,6725909
cg19365151,chr8,102242494
cg15727252,chr1,155861998
cg04290092,chr21,36755706
cg07645486,chr19,51713769
cg01325649,chr20,44937812
cg16333896,chr4,1943164
cg25648624,chr3,64498352
cg03466434,chr15,47960372
cg16401890,chr1,87018777
cg04186606,chr4,686867
cg00028060,chr6,113839556
cg12938320,chr3,138010067
cg25235638,chr5,34019539
cg07562451,chr17,63421191
cg00514271,chr20,32005550
cg04390373,chr5,57778213
cg02058698,chr6,13560110
cg01301654,chr11,128336401
cg23069120,chr6,70850202
cg10243190,chr2,178108994
cg18499250,chr3,37905979
cg03323498,chr15,78236175
cg16429105,chr16,30588440
cg18049882,chr2,73213631
cg10304682,chr4,186930251
cg16501628,chr14,45131357
cg07099186,chr3,61961409
cg10531235,chr3,150566977
cg27016544,chr17,10098685
cg26467725,chr15,92103811
cg06062145,chr4,6870345
cg15237348,chr3,49681412
cg14694381,chr8,109260491
cg07660894,chr17,29967657
cg13943120,chr2,3468990
cg20163262,chr19,40203067
cg17381040,chr19,35611445
cg04347495,chr7,69508038
cg14251488,chr12,66408204
cg00956085,chr6,111696374
cg04827919,chr10,132290387
cg02040705,chr7,29480502
cg19302206,chr2,215338815
cg02686685,chr3,184880770
cg00818826,chr3,186548010
cg19399342,chr3,33430705
cg07140093,chr9,128572783
cg15830682,chr1,6238577
cg13460622,chr16,89513020
cg06288911,chr10,122246027
cg06273370,chr10,126857506
cg01678692,chr17,12080967
cg14212180,chr19,3365203
cg17963125,chr11,35281559
cg07717760,chr2,135633706
cg03507249,chr14,75985166
cg13256308,chr14,92639941
cg12937950,chr5,398132
cg10424968,chr10,92334433
cg16214399,chr2,10071887
cg11541630,chr11,44144144
cg10912062,chr12,48101787
cg11551321,chr16,30358748
cg12553110,chr2,102022638
cg16846781,chr4,77011096
cg15144200,chr21,46563562
cg01266853,chr6,165687162
cg10280218,chr3,17169919
cg14602664,chr3,184327914
cg22917664,chr10,3141633
cg02566789,chr13,39484829
cg07310930,chr3,50231904
cg08672887,chr17,81948567
cg26606373,chr1,54153106
cg21080251,chr5,173143773
cg19659905,chr6,43130362
cg02763409,chr2,238786911
cg14436481,chr13,113178392
cg06561152,chr16,87762026
cg21170978,chr9,18727408
cg00465337,chr10,15103342
cg21229990,chr20,44739191
cg01604051,chr7,50783806
cg00095138,chr4,153234363
cg06717222,chr14,23123809
cg06855125,chr3,73299781
cg00380266,chr8,121635655
cg15128727,chr22,24053759
cg06452464,chr10,65815746
cg14890977,chr9,127791839
cg25487650,chr20,63645558
cg12177407,chr10,97039515
cg06573663,chr5,177352376
cg05541722,chr10,18534635
cg18540794,chr15,71139955
cg16606817,chr15,77047880
cg00004067,chr3,36940223
cg04987823,chr14,104430731
cg23685789,chr2,121133692
cg00159951,chr15,83205045
cg16896008,chr6,24205949
cg04619450,chr15,58261784
cg21001260,chr5,157550169
cg06830098,chr3,177262739
cg27119206,chr5,138453693
cg03661570,chr6,73077087
cg11182358,chr17,1898780
cg21387653,chr4,39324946
cg17223516,chr1,6867579
cg22115549,chr21,39396836
cg22387286,chr4,184401762
cg01077938,chr8,103108900
cg21129006,chr12,3913912
cg01289128,chr4,75401040
cg11052961,chr11,93720936
cg13263104,chr17,31344275
cg27120568,chr7,24665093
cg21196492,chr9,35107059
cg05447343,chr17,19745612
cg12267750,chr17,47973053
cg15720017,chr2,224513634
cg26175649,chr6,34951978
cg08025415,chr19,3032741
cg19621271,chr22,50486316
cg26294882,chr2,152743561
cg19360685,chr11,113318037
cg14997718,chr18,36948078
cg12180067,chr3,138441224
cg06708315,chr17,75693561
cg17360201,chr6,82931197
cg05357137,chr10,28238841
cg01454036,chr1,228855950
cg18127619,chr14,39042562
cg11098622,chr5,102870118
cg13553475,chr5,78342179
cg17330261,chr12,19446200
cg25135812,chr7,103436279
cg06263187,chr6,109977241
cg23569795,chr17,81556858
cg03059995,chr1,93730578
cg15164154,chr11,11432701
cg16634951,chr12,130998756
cg18550498,chr11,1008985
cg07125024,chr13,40792400
cg07611933,chr16,2723244
cg17535604,chr1,183564194
cg27450388,chr15,100261972
cg27445720,chr9,129318494
cg23707521,chr3,159867704
cg19694878,chr11,1056406
cg14412195,chr18,76965598
cg20113726,chr6,32058132
cg01052602,chr11,63870364
cg05146074,chr22,35256415
cg23496755,chr7,20825903
cg03146420,chr4,38111076
cg02458152,chr8,48393220
cg10564075,chr4,2305284
cg03321912,chr13,41376771
cg13038851,chr19,6434533
cg15381410,chr7,130487968
cg06695328,chr12,118415435
cg12339777,chr10,104615206
cg07107628,chr6,27243155
cg09064302,chr2,96895407
cg12921080,chr1,33314495
cg06972389,chr5,3221132
cg18991837,chr3,126362548
cg12870016,chr10,3805703
cg07305371,chr14,74475813
cg26657090,chr7,23679427
cg25485926,chr6,159758392
cg04932465,chr12,121280753
cg26269295,chr7,84492918
cg08462944,chr1,71019531
cg23398793,chr19,292216
cg21404384,chr19,54873573
cg12349580,chr12,94287269
cg15053937,chr3,61868860
cg09870329,chr4,165254954
cg01455197,chr7,151501780
cg01490148,chr11,57117673
cg07007736,chr3,48431406
cg14370689,chr10,92687251
cg16274716,chr16,9104394
cg20749005,chr8,139937724
cg00759707,chr12,110350864
cg02978611,chr7,44116700
cg07450196,chr13,42554160
cg03649574,chr1,158096725
cg05270552,chr11,96236423
cg08660810,chr3,101291280
cg20112699,chr4,107911082
cg07148051,chr5,151651832
cg03992447,chr16,84519205
cg00224480,chr2,65622211
cg06191186,chr22,30557335
cg06453172,chr10,132743475
cg03815200,chr3,66475594
cg09257771,chr6,12014253
cg18686937,chr7,156397401
cg18088971,chr11,5611850
cg07783889,chr10,132780103
cg07714289,chr7,105794436
cg21125848,chr3,186549676
cg02392271,chr12,118052458
cg13685330,chr3,143000595
cg05979619,chr2,111947000
cg14656538,chr1,197814815
cg25633548,chr5,95023052
cg13849232,chr9,136024818
cg07337775,chr6,105740561
cg02529459,chr4,94585590
cg24686092,chr10,102452656
cg07675687,chr22,38073968
cg15914990,chr11,73439334
cg22609955,chr19,44216876
cg14314208,chr2,215812733
cg26160839,chr1,168280881
cg13576513,chr20,59809285
cg18700558,chr10,81847760
cg06146502,chr8,144996242
cg27426929,chr2,112701917
cg24249775,chr17,40822092
cg00569748,chr8,59593701
cg26427053,chr16,9107297
cg27484529,chr5,65874226
cg22064629,chr7,21338535
cg10593472,chr14,96305171
cg13644300,chr9,133712652
cg00766929,chr8,38667519
cg25581444,chr2,37917417
cg03162143,chr4,768371
cg18708796,chr7,50343768
cg06877353,chr22,30329368
cg02997573,chr14,101908799
cg13725041,chr3,184663628
cg04670451,chr16,87703943
cg23055303,chr18,22282343
cg26155156,chr7,1604089
cg12690892,chr9,113464729
cg05579764,chr12,64193990
cg02012473,chr22,40438603
cg13347612,chr16,2746135
cg01887862,chr6,14265314
cg03266158,chr17,7498094
cg27201679,chr10,1074854
cg07570181,chr2,48579369
cg00450389,chr11,70678864
cg21758724,chr1,2401901
cg04334243,chr2,165635170
cg10703619,chr7,155222801
cg23596986,chr17,49035779
cg10439416,chr5,36951100
cg06917697,chr6,114031125
cg16612867,chr6,37243039
cg25274320,chr11,65118934
cg25998612,chr1,78095153
cg00219426,chr15,50583500
cg10705251,chr1,26373114
cg05491478,chr2,237712670
cg26573923,chr16,87791589
cg12566922,chr1,168748154
cg21646426,chr8,104444379
cg26364809,chr7,27105540
cg25196389,chr19,46303742
cg09487822,chr15,37983301
cg00767102,chr17,49290630
cg16385784,chr17,40434301
cg16032438,chr15,78642077
cg07771579,chr8,51851530
cg09625259,chr12,94186881
cg25117844,chr12,132803471
cg03396338,chr19,43728735
cg12566163,chr17,1424735
cg22127309,chr6,111585840
cg26749690,chr11,101955594
cg08663007,chr3,75665296
cg19277049,chr1,54209888
cg25094603,chr22,41064028
cg14224553,chr10,62115348
cg19866325,chr1,46613080
cg07005706,chr5,158943764
cg00735188,chr10,3158727
cg17875914,chr12,49599530
cg18929428,chr6,30600897
cg24158453,chr13,40503696
cg02104976,chr17,49708777
cg14523881,chr1,212990732
cg01910846,chr2,238728324
cg21453420,chr1,198153066
cg07531636,chr1,37991833
cg17736259,chr1,53459472
cg06643515,chr19,5595990
cg14877589,chr14,60397801
cg19274610,chr5,174995599
cg22083047,chr3,64225788
cg20825216,chr11,2253170
cg26392771,chr12,32983401
cg00633897,chr1,156452016
cg09095055,chr6,28354077
cg19476792,chr1,70140958
cg15575834,chr1,2168406
cg23977502,chr7,143514274
cg01400411,chr14,73287262
cg07053159,chr5,172860197
cg25596449,chr16,68076235
cg19413958,chr1,222716554
cg11024496,chr20,61674577
cg12713525,chr11,30536048
cg02836923,chr11,65956010
cg03149388,chr14,62110727
cg17877159,chr19,8312042
cg26009702,chr2,19978831
cg15771477,chr3,9778904
cg21298743,chr12,112252431
cg26993213,chr16,66800938
cg11667238,chr7,2939801
cg26468810,chr11,118358921
cg01329901,chr10,26561811
cg07619967,chr1,147177511
cg09974610,chr11,34631323
cg16789226,chr1,111608996
cg22437545,chr16,70297761
cg13715276,chr3,128063900
cg15738473,chr18,75070854
cg00145863,chr14,52873815
cg16968693,chr11,124697009
cg21397098,chr6,127331023
cg03666205,chr15,67519942
cg24639069,chr1,42489576
cg24603001,chr3,41508497
cg17290511,chr12,68871946
cg17847684,chr6,159134517
cg25225632,chr5,1323975
cg13632994,chr1,93614694
cg27196128,chr13,110555648
cg01249219,chr5,64900769
cg13778519,chr1,62128952
cg01910191,chr17,35620504
cg25907853,chr13,23582775
cg13356971,chr10,32125136
cg12767138,chr11,94637533
cg05071422,chr16,47148050
cg17898142,chr7,157284176
cg05839347,chr2,3600656
cg01194044,chr11,47464635
cg11585357,chr6,52930071
cg19384726,chr8,11551549
cg04426959,chr3,108083728
cg14647880,chr7,87316825
cg16451879,chr8,6573197
cg16567763,chr12,112935932
cg06147398,chr21,37011299
cg25296188,chr12,56317615
cg16537391,chr19,3003203
cg15384716,chr11,46542731
cg25199610,chr1,35309673
cg16250425,chr3,113354636
cg26607248,chr1,203010623
cg26407930,chr1,8317664
cg08617204,chr9,129063819
cg03185871,chr19,1886678
cg24202045,chr1,12367666
cg16422814,chr10,121932087
cg21156912,chr17,82889670
cg22836912,chr19,57587741
cg01385253,chr3,122359780
cg23926497,chr12,7710290
cg08800497,chr19,1970009
cg11832544,chr1,161124245
cg12550074,chr7,51631014
cg22706334,chr1,160679029
cg04422618,chr4,40044050
cg04079251,chr1,44654960
cg17304635,chr2,2629675
cg20417115,chr4,10441640
cg15657761,chr15,94475032
cg13173739,chr5,176268738
cg03247128,chr2,236508256
cg06371237,chr22,26493866
cg17583158,chr8,2090051
cg27396141,chr5,177266629
cg09949045,chr9,132191998
cg21351028,chr10,98457358
cg10404697,chr6,31962941
cg18652035,chr11,112977296
cg17288302,chr12,94249525
cg04581219,chr1,212356780
cg00537805,chr19,50512447
cg06922161,chr16,28153033
cg07364725,chr10,88415029
cg12392126,chr12,12087429
cg20496134,chr2,130187582
cg09721041,chr3,130013442
cg08006963,chr11,32173203
cg13324847,chr5,4866343
cg08443835,chr5,13592057
cg19988326,chr1,147902739
cg05887396,chr12,109837060
cg17936495,chr1,155263260
cg08600810,chr2,54662884
cg25908390,chr11,3152638
cg02451536,chr1,36441838
cg00874736,chr7,81632519
cg05480260,chr16,86542148
cg18273401,chr14,55133620
cg07176410,chr8,67512507
cg23380274,chr4,183656291
cg03390195,chr19,55044165
cg07347148,chr1,167817564
cg16796612,chr21,36987129
cg17832009,chr13,29519620
cg05690666,chr2,189555987
cg12316968,chr8,56121760
cg13805052,chr1,2351624
cg22563555,chr18,29158161
cg15849648,chr6,41039746
cg08637839,chr2,37301645
cg14163052,chr6,136342329
cg18844144,chr14,23059221
cg18850500,chr22,45775844
cg13596396,chr3,57646920
cg24952525,chr2,28049593
cg03776878,chr12,130967747
cg02593615,chr13,45344067
cg02319911,chr10,1296040
cg24741887,chr3,73093355
cg02648943,chr8,70093414
cg02445209,chr4,165238642
cg20621471,chr6,32046068
cg01105321,chr15,56929948
cg06683071,chr3,143075776
cg22776443,chr5,1798790
cg21585975,chr12,19145683
cg18841708,chr17,35759427
cg22796480,chr1,169137548
cg07086326,chr5,5334339
cg13885522,chr1,159466124
cg14374479,chr12,49620395
cg19382290,chr12,132011295
cg12753431,chr15,71189950
cg20105647,chr3,155078256
cg07961634,chr14,80958183
cg19798201,chr9,85224831
cg00682802,chr6,30715078
cg07165407,chr10,97888796
cg16126537,chr16,89250591
cg27543308,chr12,104864558
cg06852110,chr13,27284066
cg16372396,chr2,183261036
cg25808157,chr2,11593083
cg11254317,chr12,130781374
cg14511322,chr1,228120765
cg03809530,chr2,71785160
cg24315840,chr10,104031398
cg13252393,chr17,56888853
cg05669926,chr12,117667968
cg06741246,chr16,90092817
cg04683496,chr10,397621
cg14889272,chr10,79077817
cg16262178,chr22,30561950
cg19387239,chr4,139860231
cg06834705,chr8,54138379
cg15807633,chr12,25802955
cg04832268,chr17,18119645
cg19883602,chr14,65826534
cg27364916,chr19,3600544
cg11717817,chr10,44291538
cg05506008,chr17,3007370
cg11087503,chr14,52033179
cg20761204,chr7,106792951
cg17068638,chr1,44214782
cg25044493,chr21,43762048
cg27421234,chr8,66021559
cg08222069,chr1,69918310
cg07121756,chr10,76439500
cg24602769,chr14,61264062
cg17070859,chr17,1153126
cg11978881,chr3,41649253
cg02260567,chr7,12964948
cg01786082,chr1,21064304
cg02881512,chr1,42466843
cg21373880,chr10,121911473
cg11267878,chr5,56064330
cg08249371,chr6,165711071
cg25023131,chr12,4808784
cg20161089,chr14,94111168
cg23564005,chr3,72138826
cg01516119,chr5,133427900
cg22156811,chr19,12655443
cg10145725,chr12,10600873
cg00389406,chr2,219568093
cg05970768,chr5,172255612
cg10533907,chr10,102157208
cg08429279,chr1,163217767
cg02784170,chr9,135338598
cg27130581,chr6,26254902
cg21141047,chr1,168314134
cg01463226,chr13,33066731
cg15813266,chr4,187124535
cg25034761,chr7,107593835
cg20018119,chr2,117995371
cg04880248,chr3,122263236
cg00367070,chr4,158540375
cg18280063,chr10,99689595
cg12765755,chr2,205787223
cg18915061,chr12,49566683
cg27245416,chr1,26772876
cg00054372,chr1,21264840
cg21187117,chr2,169809907
cg22641196,chr11,3045900
cg19984257,chr15,94479432
cg00080706,chr14,69259114
cg05291178,chr3,10107782
cg20687094,chr14,93037464
cg13939546,chr7,142720407
cg25313411,chr17,56761597
cg20283224,chr2,54866904
cg04884234,chr9,95063490
cg16216611,chr1,35739165
cg00905286,chr11,56699294
cg25658464,chr5,151482079
cg01040200,chr4,7972414
cg18469977,chr8,125952279
cg21796322,chr3,195226235
cg23040358,chr19,36835931
cg21074096,chr2,61184286
cg11099899,chr21,36480036
cg05193757,chr11,117749838
cg20300129,chr6,35090404
cg05585739,chr3,148975371
cg12968558,chr15,36669106
cg00332588,chr8,43292421
cg00109433,chr5,80631739
cg06393130,chr16,53447936
cg22564748,chr6,111707997
cg08810871,chr18,69874473
cg26884320,chr1,7777255
cg18100564,chr11,46936426
cg20988616,chr6,131637004
cg03094624,chr5,173630270
cg07790870,chr20,33562505
cg15697793,chr8,1849279
cg02131013,chr14,89399479
cg11261372,chr3,10361325
cg14257632,chr6,166938328
cg23123165,chr7,54833322
cg09552881,chr4,154544332
cg18516035,chr6,33007330
cg24759044,chr17,76053668
cg01837533,chr3,114035077
cg11128374,chr2,169065968
cg13415320,chr2,73485759
cg19325084,chr13,37009802
cg18207214,chr5,126544561
cg07108927,chr18,26703705
cg23078982,chr12,130948840
cg08503964,chr22,46974411
cg06508552,chr5,136027315
cg09990882,chr10,44652027
cg20037482,chr17,50423844
cg21368154,chr12,56500700
cg16096272,chr1,45912318
cg17401890,chr11,36404932
cg15106473,chr19,44235283
cg03726819,chr1,77811921
cg18165630,chr8,43206389
cg06497736,chr19,49908185
cg02880679,chr17,51218254
cg15066967,chr2,236579131
cg13012110,chr10,112803967
cg23190340,chr5,36665373
cg25577193,chr2,100538124
cg07647993,chr13,31882780
cg14425888,chr9,71608139
cg00146963,chr8,71652005
cg17633639,chr3,132537220
cg11073212,chr8,127406825
cg19053869,chr12,56138509
cg17787990,chr17,67636645
cg18642003,chr4,104475674
cg05083038,chr6,146542407
cg09907567,chr6,151101920
cg07784757,chr17,21198258
cg15319324,chr15,55439521
cg14372996,chr9,137269739
cg01250678,chr5,128155726
cg25683967,chr13,30932342
cg01731962,chr2,95927635
cg04112106,chr16,66938110
cg24379278,chr9,19292837
cg13542042,chr6,100586464
cg11425279,chr12,42398855
cg13221225,chr8,143502359
cg23436468,chr19,6135310
cg06077443,chr18,10457388
cg25476599,chr2,219042380
cg07362810,chr10,129727651
cg00137492,chr15,42679639
cg05277793,chr11,5152206
cg16972486,chr1,77796697
cg26544062,chr7,129755323
cg10299917,chr22,25371341
cg07369399,chr16,50738385
cg01659197,chr14,29971380
cg27121959,chr11,101034339
cg18281617,chr11,65111390
cg25441629,chr4,39466291
cg05660230,chr2,235012221
cg05313823,chr5,139612460
cg24889594,chr10,130104811
cg23032416,chr2,160309285
cg05624396,chr6,166345932
cg10140240,chr17,78224591
cg14960030,chr11,74071501
cg01860085,chr17,37161909
cg19324204,chr17,2365146
cg14109822,chr9,131681687
cg06715755,chr7,158451714
cg15903562,chr1,204438666
cg13949259,chr5,160939694
cg19281660,chr17,21480895
cg04690045,chr16,34160676
cg22126499,chr22,20112508
cg14254686,chr9,121785411
cg23793946,chr6,170086937
cg20069798,chr16,72976822
cg12784172,chr15,43369759
cg07056645,chr19,6230535
cg05605326,chr10,88664067
cg06567996,chr9,126569009
cg15426520,chr11,115065987
cg08773466,chr22,46676793
cg24310785,chr6,163564191
cg27604310,chr22,36927930
cg21297965,chr1,65297620
cg05649391,chr11,47337564
cg17444638,chr15,44955744
cg13007824,chr10,129522498
cg06389188,chr5,109327693
cg21986781,chr11,64262451
cg16064510,chr1,6352455
cg26963285,chr19,29609924
cg23837945,chr13,112152516
cg07158318,chr9,95855475
cg07189205,chr5,111820271
cg22084793,chr15,67940107
cg11825694,chr10,6025909
cg14146959,chr7,24753394
cg26883517,chr5,17230853
cg05446493,chr14,93355058
cg09216001,chr14,93706633
cg01939891,chr1,162564705
cg26632641,chr15,27820033
cg25190423,chr3,10037007
cg19369151,chr19,18719728
cg16179048,chr2,106919693
cg04393637,chr17,77794009
cg11078188,chr9,132541918
cg23967474,chr6,89816125
cg12851638,chr3,71658241
cg17343638,chr2,120472892
cg22348713,chr7,2383788
cg11797316,chr8,73314426
cg26339254,chr14,68511272
cg01452110,chr6,26019604
cg26378071,chr6,38284203
cg00986236,chr3,64681249
cg03408497,chr20,4148105
cg26623263,chr2,202122417
cg15449979,chr20,10176380
cg09319634,chr1,173554208
cg12896456,chr10,102310148
cg07427297,chr17,47168710
cg05990793,chr3,53492414
cg03310038,chr2,98236241
cg24724990,chr11,102454019
cg01924666,chr6,154277084
cg19327414,chr6,159800215
cg11610140,chr3,16605509
cg13189207,chr1,44617452
cg12397357,chr6,167229270
cg23645149,chr17,37510279
cg10145297,chr16,46679076
cg05285589,chr16,81682917
cg08315944,chr17,76082712
cg05708452,chr8,85464924
cg02832414,chr17,48860406
cg26884180,chr1,15543300
cg07786584,chr16,56844517
cg22192614,chr15,69193665
cg12661256,chr15,31453713
cg00042252,chr2,25856579
cg08023476,chr7,74487100
cg17674787,chr22,20741331
cg10465820,chr7,117090966
cg04478205,chr13,32297954
cg20415246,chr2,233264947
cg22941409,chr6,33069719
cg09741670,chr5,60339002
cg10379653,chr4,37960834
cg27585454,chr4,55358029
cg03014264,chr5,175718552
cg21529699,chr7,149294907
cg09302213,chr17,69519417
cg12504396,chr5,17275791
cg21119965,chr3,153506333
cg05524038,chr5,150113695
cg06403921,chr10,132653370
cg02673866,chr19,45828350
cg22223441,chr6,11920266
cg13428383,chr11,73948819
cg10487659,chr16,4102080
cg09090896,chr10,103461826
cg21452013,chr3,31227808
cg14677955,chr2,102592881
cg25887076,chr10,5534293
cg15159327,chr16,3060503
cg21013028,chr20,2311687
cg13884376,chr9,127743070
cg13533759,chr9,111668776
cg11467289,chr8,73126662
cg17713499,chr5,55850782
cg21017539,chr14,68407883
cg15260437,chr17,81463779
cg26995689,chr21,43967883
cg14572436,chr9,6328010
cg24640460,chr12,9933785
cg07342752,chr18,79425790
cg01505421,chr22,50581485
cg13469320,chr2,238253481
cg09231536,chr16,31502383
cg20604062,chr1,39122088
cg17792994,chr5,122143013
cg14251173,chr14,104175936
cg09541801,chr5,134626929
cg00142999,chr10,86468346
cg04948963,chr6,134457989
cg03328238,chr21,45899719
cg13539854,chr9,135486147
cg19222512,chr3,97763531
cg14266158,chr22,50224632
cg15132266,chr17,1461796
cg03648734,chr8,103399628
cg27652490,chr19,18650592
cg17377647,chr17,82627367
cg09632067,chr2,101946649
cg10419892,chr16,11774379
cg11133495,chr12,104250998
cg11533893,chr22,23590956
cg01736844,chr9,111524562
cg13804196,chr9,69013990
cg04821959,chr12,106506932
cg03641745,chr4,11231807
cg15996816,chr5,111481694
cg02323550,chr7,157867629
cg01385415,chr4,847971
cg15548386,chr4,68038438
cg04865535,chr6,40715522
cg08931404,chr13,28652946
cg07306078,chr3,139552836
cg13259368,chr3,127839796
cg07073749,chr13,111255618
cg15851765,chr2,120018258
cg18722504,chr5,140333381
cg27240008,chr18,77016878
cg22395624,chr4,6733804
cg17235526,chr1,65510668
cg27291727,chr4,112552720
cg16309243,chr5,181693
cg19266968,chr3,32110209
cg08333839,chr12,132997564
cg12581179,chr11,119309430
cg00410831,chr19,43925166
cg17089729,chr4,40041584
cg17729072,chr6,4322505
cg04512129,chr7,41783839
cg13647722,chr6,43591749
cg07190224,chr3,10280127
cg04202122,chr2,28893674
cg00629021,chr14,69950151
cg09790523,chr17,80921264
cg22072749,chr8,124683675
cg11666515,chr19,15809024
cg12808321,chr8,128564911
cg07282436,chr12,76441136
cg21541756,chr11,1043786
cg13156198,chr9,133131868
cg17332071,chr1,10298881
cg27161862,chr12,97960843
cg05285788,chr4,41112461
cg10341833,chr6,121523744
cg07840226,chr10,92802349
cg26176146,chr16,76441135
cg20825472,chr6,148886017
cg06021215,chr6,42412474
cg03461781,chr14,102256892
cg10864056,chr5,133116762
cg02141458,chr4,10832602
cg25913923,chr1,149928813
cg00841680,chr7,20539317
cg16477662,chr5,9482823
cg25602756,chr1,247448579
cg00825407,chr12,132796037
cg16101080,chr6,32158538
cg09073622,chr12,118015695
cg26059314,chr9,126692847
cg21856744,chr8,713745
cg17232861,chr6,30160608
cg09780397,chr5,122844082
cg24242952,chr13,37446669
cg17883444,chr18,54360100
cg06980375,chr5,20616136
cg13351527,chr5,149635532
cg00674848,chr16,3861502
cg15773893,chr2,224837883
cg14820352,chr7,7905734
cg18059321,chr3,51895026
cg08982380,chr5,112203767
cg22605708,chr22,33320441
cg26205187,chr17,42063203
cg24670811,chr13,46793440
cg20192887,chr5,181245368
cg19798042,chr1,15809082
cg17602777,chr1,228278780
cg05346140,chr17,42123039
cg05506864,chr3,30527463
cg02309590,chr17,79728055
cg27375330,chr3,15355610
cg10409804,chr10,89223792
cg04561387,chr10,49381264
cg13892073,chr12,50614962
cg19040145,chr6,7402687
cg14470976,chr9,137762929
cg05508861,chr1,66774373
cg07554760,chr7,64689165
cg04606480,chr3,50255403
cg26550849,chr4,184299996
cg04455759,chr11,112085407
cg16934544,chr17,75065273
cg26750439,chr10,80131521
cg16461485,chr3,150607929
cg14062537,chr10,91512576
cg01805856,chr1,230974626
cg02530776,chr17,66326600
cg07547780,chr11,115939594
cg17463807,chr17,19244624
cg17205181,chr7,117350184
cg16679386,chr20,3751566
cg14537104,chr12,12759032
cg20149239,chr10,119933141
cg05175599,chr18,12432948
cg10221272,chr14,77290742
cg00025715,chr19,58085730
cg13486899,chr8,144784032
cg13830486,chr21,46624258
cg17123533,chr9,135502178
cg06659789,chr4,70914147
cg23112448,chr15,58691073
cg07389144,chr21,46549974
cg06839607,chr12,26287717
cg07566389,chr21,14078207
cg09145882,chr7,41892185
cg09591303,chr13,113589345
cg12253065,chr1,156040743
cg05319040,chr9,137409902
cg01731023,chr4,1369698
cg08934869,chr5,95591539
cg03860010,chr15,29950753
cg02522498,chr3,134408611
cg16575408,chr11,102798560
cg16912009,chr10,92640136
cg26232558,chr17,3292514
cg09939227,chr8,108580922
cg07152379,chr15,43867659
cg13884229,chr1,44359476
cg08788246,chr22,20404611
cg12951125,chr5,3736504
cg04319210,chr8,102891807
cg17866356,chr19,48241154
cg11458550,chr1,149963593
cg22791948,chr5,3932079
cg19286631,chr6,28908362
cg27268501,chr11,45686320
cg16753771,chr7,128020361
cg12395150,chr1,226935753
cg07517688,chr14,69651361
cg01924711,chr7,87200493
cg12262409,chr1,62384689
cg05575309,chr17,32297791
cg23163722,chr3,88055969
cg18566786,chr15,100737083
cg00160777,chr16,23753269
cg07483152,chr5,74737032
cg00540348,chr20,35674795
cg18746263,chr14,58439331
cg23617855,chr5,177448296
cg06775603,chr3,131394116
cg19123749,chr8,29333628
cg05732643,chr1,114726328
cg00241142,chr15,95611962
cg27580173,chr3,58572616
cg27072820,chr11,72106660
cg14049391,chr15,77184622
cg20365193,chr11,69155620
cg26649232,chr19,39924688
cg26873488,chr17,75760740
cg02501521,chr2,200827133
cg15691001,chr7,51350532
cg06445981,chr19,53702763
cg07999738,chr8,139732143
cg19288598,chr22,27993066
cg10592734,chr7,139870797
cg11506777,chr16,71489303
cg26523154,chr10,49834109
cg03493030,chr15,94855967
cg18693371,chr20,46355962
cg02259740,chr21,42966495
cg23845377,chr4,81990714
cg14560496,chr6,107025957
cg17050937,chr10,100258225
cg22158986,chr4,156810967
cg14103944,chr1,11145170
cg24732563,chr1,204380759
cg08714849,chr12,47757114
cg24841310,chr8,130304090
cg06616916,chr2,212910954
cg04829521,chr16,1789113
cg17712601,chr1,28709874
cg18821123,chr7,116614792
cg20941713,chr1,163470018
cg05235840,chr2,95660961
cg25271770,chr18,63389857
cg09826058,chr7,3898335
cg04709062,chr16,58205456
cg16187303,chr16,2131976
cg22696984,chr2,75606370
cg06992342,chr17,62036454
cg09527118,chr11,58900487
cg10982508,chr1,24695146
cg03579474,chr8,143381646
cg16179958,chr17,64156911
cg13958625,chr20,50506556
cg24015814,chr4,106336878
cg25103286,chr3,52549630
cg27205771,chr19,29970941
cg00308185,chr1,91949353
cg25950036,chr7,158550242
cg09772109,chr2,239735535
cg10278932,chr8,42439526
cg26532087,chr1,26892680
cg06262940,chr8,8382929
cg26611623,chr8,104593320
cg06085571,chr10,103861715
cg06939758,chr8,140280129
cg14968144,chr15,59360424
cg07839208,chr16,48562532
cg01602957,chr2,173087896
cg13095127,chr1,155669143
cg14944805,chr19,7671832
cg14044577,chr11,45213181
cg08207871,chr7,853949
cg17793781,chr12,130627269
cg02849917,chr22,29826236
cg12433851,chr17,20092696
cg14141481,chr3,184640061
cg12968939,chr12,6234647
cg00090105,chr1,182569566
cg10811932,chr3,56711456
cg18321173,chr6,26247664
cg27281546,chr15,41104375
cg05510334,chr5,170750123
cg24425987,chr5,137728176
cg02918678,chr8,127043793
cg16364717,chr11,86313045
cg14349231,chr9,100578192
cg07812059,chr16,8894955
cg18321460,chr9,112719014
cg00238541,chr12,109193509
cg26901387,chr1,5904668
cg14882720,chr3,157132402
cg24659501,chr1,159073761
cg17699666,chr2,197677090
cg14327068,chr17,28265819
cg27337991,chr20,16518115
cg21772589,chr1,228270582
cg00944862,chr4,3510523
cg18674914,chr6,30649090
cg06717615,chr13,32212627
cg07343706,chr7,6485362
cg04742873,chr6,33259707
cg09294451,chr1,114909935
cg24263998,chr3,30294771
cg07440031,chr3,186544274
cg22622688,chr8,42543614
cg24181510,chr17,82433756
cg12439527,chr15,75356676
cg03929057,chr1,156077265
cg06635150,chr5,171667933
cg01973910,chr2,129754718
cg21937061,chr16,21644903
cg26059841,chr13,45046400
cg10864951,chr7,1119434
cg12970927,chr18,62438982
cg01996020,chr9,132215666
cg27159443,chr14,92059671
cg24221639,chr4,61912734
cg17883742,chr19,57191003
cg10277378,chr16,71889729
cg23655719,chr9,34692581
cg07755265,chr9,97536094
cg25298410,chr3,149480277
cg04084356,chr1,30139855
cg03785868,chr9,109014429
cg13039393,chr6,151318612
cg09474412,chr1,156958784
cg10018880,chr17,68392126
cg06554228,chr8,143510887
cg24343002,chr19,50525033
cg03206179,chr15,43989406
cg03257255,chr4,3287149
cg19751869,chr19,45387699
cg18145090,chr13,20230955
cg07596054,chr6,30333660
cg11723565,chr19,55479341
cg22238489,chr8,631711
cg01694554,chr11,85761803
cg01682208,chr16,743677
cg20412589,chr8,127150475
cg05218205,chr19,46831227
cg02443871,chr11,128868849
cg27127379,chr6,132087793
cg11317402,chr1,78490074
cg10995699,chr7,116521883
cg26681578,chr4,8676071
cg05171452,chr5,50407354
cg13989888,chr5,94785167
cg03050720,chr11,11304762
cg21392906,chr20,51761487
cg02123088,chr6,128504689
cg08396985,chr2,5756357
cg12707923,chr11,43394671
cg13472470,chr6,2761055
cg19175226,chr10,132299928
cg17211761,chr17,1193332
cg03368223,chr20,40980778
cg25611523,chr17,8960524
cg00679856,chr2,238302959
cg24112602,chr4,52095046
cg05172425,chr11,78786913
cg16197948,chr3,46514531
cg06100184,chr1,225917427
cg22518785,chr1,167914844
cg19974598,chr18,57629468
cg07817924,chr16,79885646
cg24026273,chr2,3252148
cg16447768,chr13,112225599
cg02780846,chr13,41496816
cg10946252,chr2,179337943
cg20447079,chr7,50590684
cg03132147,chr20,35248954
cg16076825,chr13,100427431
cg20669731,chr7,16586122
cg24690069,chr8,54132561
cg17765553,chr8,35873976
cg14308944,chr2,203595509
cg13254082,chr5,141407654
cg00033066,chr6,83737581
cg13162609,chr20,62656851
cg03570900,chr10,7640827
cg09479822,chr6,44955846
cg01971085,chr8,1900241
cg02576202,chr18,76167402
cg14415430,chr3,36859702
cg26663063,chr12,48845694
cg06245401,chr15,69551427
cg12254357,chr15,71960065
cg26999715,chr14,67604137
cg23838785,chr1,245366929
cg01012244,chr7,127704919
cg08785007,chr19,55685301
cg25184780,chr12,110343155
cg03289885,chr1,173210255
cg03244438,chr6,111818307
cg16407786,chr11,96506829
cg19483962,chr6,30713323
cg06031526,chr3,110440355
cg02422603,chr13,114125091
cg04530844,chr16,33571694
cg15303986,chr2,241549691
cg27444644,chr11,56104991
cg09558425,chr10,29784354
cg02433509,chr7,139034385
cg09640202,chr2,130343867
cg06414842,chr18,47173066
cg17416175,chr10,14566527
cg16035842,chr16,88763802
cg09015785,chr10,69230596
cg04588248,chr6,37932089
cg02509204,chr20,45414595
cg12826734,chr9,801821
cg15435155,chr2,3146225
cg02150018,chr12,56387483
cg19622269,chr17,5470171
cg26894033,chr13,79390665
cg03206460,chr20,34471567
cg07359864,chr5,132862517
cg05783926,chr9,131890536
cg13095865,chr5,137924116
cg23470319,chr1,43956966
cg17025087,chr2,218670568
cg25871182,chr10,5364408
cg11319300,chr11,131910026
cg06154883,chr14,64284073
cg16006665,chr1,3308643
cg15852986,chr13,46298778
cg16236779,chr10,103145630
cg01559383,chr7,30629795
cg10306804,chr16,50879172
cg00773217,chr3,9371165
cg09611128,chr6,39182103
cg08276746,chr17,59565192
cg27003171,chr2,215717863
cg02204529,chr2,131457892
cg02246683,chr8,70347168
cg00955686,chr1,36154849
cg24073311,chr11,78023913
cg11796893,chr10,122176411
cg04587829,chr17,82735071
cg03948790,chr2,151504906
cg02814278,chr14,35761967
cg11019932,chr7,140501405
cg03955375,chr8,22619724
cg06961586,chr2,180977543
cg14767187,chr1,165904313
cg18750645,chr20,41426667
cg22924545,chr10,12824513
cg04212047,chr6,27543400
cg09254099,chr1,226668780
cg08822689,chr16,78988052
cg19770880,chr13,49246955
cg12769200,chr14,106585874
cg01929744,chr6,166691438
cg26835417,chr1,201876411
cg02773974,chr12,62587091
cg26053848,chr1,43384511
cg10353689,chr2,70565184
cg04703974,chr17,37562540
cg13339771,chr3,181453956
cg03999130,chr15,45279019
cg25854330,chr20,41301440
cg26087018,chr4,139438445
cg18653997,chr13,33276794
cg03152913,chr2,178110985
cg25546837,chr2,77161067
cg01022041,chr8,109603153
cg22225014,chr14,58440361
cg25999680,chr22,45847795
cg12741221,chr5,7904762
cg15796409,chr1,15230176
cg11687114,chr5,146919612
cg19875329,chr5,180850992
cg10796237,chr15,32826552
cg02668208,chr2,109498937
cg00113373,chr14,58445202
cg26997652,chr15,51864899
cg19779236,chr22,43144364
cg16762534,chr17,5335234
cg14659179,chr3,120140333
cg17242143,chr1,6218726
cg25503524,chr7,21869490
cg06180137,chr3,75655347
cg04066626,chr3,130936032
cg13433612,chr11,115903574
cg17348173,chr11,5247010
cg02967055,chr5,88274543
cg24170306,chr10,93273479
cg00455535,chr11,92883153
cg17863747,chr2,237794629
cg18005000,chr6,161416355
cg14364815,chr10,125899659
cg03063309,chr4,24795297
cg15497249,chr1,239322605
cg09397798,chr17,42544245
cg15914340,chr2,3188848
cg21780570,chr2,69777814
cg13466546,chr17,79952637
cg02518948,chr17,31915964
cg10088026,chr6,136336093
cg00019366,chr12,130138821
cg00011460,chr4,40437805
cg04877695,chr1,159290178
cg05481005,chr14,20491516
cg20682895,chr7,157713925
cg18252260,chr16,3099380
cg11241286,chr2,8958590
cg10564101,chr8,100496371
cg25817435,chr2,222570814
cg12273039,chr20,35118609
cg11317158,chr19,49434947
cg19227131,chr22,17590137
cg01328472,chr2,239371134
cg16621771,chr9,128817834
cg03287616,chr2,55442376
cg20542145,chr1,36381296
cg11704436,chr1,30980237
cg23695044,chr2,71690311
cg09294937,chr2,218164274
cg21885659,chr3,128338369
cg09162413,chr12,51419920
cg18686797,chr1,50105818
cg09924785,chr1,32501630
cg17613862,chr22,48940669
cg12351073,chr3,89262870
cg02021681,chr7,27247345
cg23272214,chr21,45849929
cg16862127,chr18,6219349
cg03320594,chr11,12215827
cg09077669,chr10,114508321
cg23636331,chr4,16085509
cg05903223,chr7,35796960
cg21614133,chr16,69335329
cg04340177,chr2,168493490
cg07455486,chr15,72589676
cg10952054,chr6,53089918
cg24013062,chr7,151969488
cg22491134,chr7,1331077
cg25408707,chr6,159972017
cg03772325,chr12,49619228
cg27398051,chr19,50478238
cg12873037,chr17,81231569
cg15126041,chr4,121675827
cg26656577,chr21,42560345
cg05791938,chr10,95469925
cg00246208,chr16,87725282
cg24742571,chr15,62239734
cg21745541,chr7,157277618
cg12406875,chr1,1754415
cg07600990,chr3,99861189
cg17014647,chr6,16431075
cg26942892,chr8,1633402
cg25575873,chr5,14418851
cg25638043,chr12,112453316
cg16799699,chr15,60917883
cg20024302,chr1,5938269
cg08705992,chr8,26626655
cg19650253,chr14,52269702
cg02477165,chr1,160811422
cg16645703,chr6,118652565
cg25303831,chr13,30970774
cg21503490,chr7,6734156
cg12559578,chr17,49211674
cg26116551,chr19,30372353
cg21747473,chr5,82873103
cg07930089,chr15,85454330
cg27115154,chr19,45077967
cg06890779,chr16,10355666
cg05235610,chr2,52632979
cg04993487,chr7,155545933
cg06659436,chr4,38119771
cg13978155,chr9,114645358
cg13794089,chr15,90018552
cg12884982,chr8,74315372
cg06478304,chr17,73872990
cg24681442,chr16,15990622
cg04913653,chr3,21748740
cg13593333,chr17,10845732
cg25623774,chr15,81414054
cg04334499,chr4,106321380
cg16162439,chr7,47435273
cg13939297,chr12,104068081
cg04090021,chr1,11398572
cg09466807,chr11,65999591
cg21057469,chr7,143442620
cg09839204,chr10,46516739
cg03681150,chr16,29845846
cg14538393,chr15,71818305
cg22146131,chr3,109496239
cg23833033,chr2,205679687
cg15656521,chr2,239048921
cg17136528,chr6,166205248
cg27411301,chr10,9060957
cg09945323,chr15,89168308
cg01976002,chr16,2816453
cg24107886,chr2,151262872
cg14244164,chr7,148462991
cg26107754,chr3,157131056
cg25651855,chr3,48562135
cg23388000,chr8,67432442
cg17957179,chr3,149120902
cg14944323,chr10,97380926
cg06764241,chr13,98440722
cg12635783,chr1,113207434
cg08977944,chr5,40135078
cg17668415,chr5,337733
cg09484074,chr14,99139881
cg08207253,chr13,40922843
cg21825743,chr2,207762155
cg13404670,chr1,205731764
cg03287469,chr3,8964558
cg16153649,chr1,63910723
cg04377496,chr16,66481129
cg02009573,chr15,38674822
cg19872547,chr17,17983644
cg16715131,chr6,168080902
cg06574694,chr14,71094764
cg02492559,chr3,197540847
cg01119169,chr14,101055266
cg05355674,chr20,41700221
cg10271272,chr19,292179
cg17610790,chr20,33688946
cg07032292,chr3,171407808
cg06748792,chr17,57984944
cg11409923,chr17,2017005
cg27645446,chr15,48730158
cg01382095,chr13,113457903
cg20916500,chr8,702685
cg24461742,chr10,75599366
cg14667209,chr11,17350825
cg15933090,chr14,102873240
cg03097516,chr8,16691369
cg27547612,chr10,5526387
cg24803059,chr11,1489517
cg03806228,chr2,112522045
cg17779831,chr1,54806020
cg00143809,chr22,50282123
cg21478218,chr6,30190217
cg13670134,chr4,180999975
cg27099277,chr6,166365861
cg26434386,chr2,141398981
cg26818893,chr8,30813897
cg11815811,chr3,152235085
cg01407539,chr21,32316022
cg12731833,chr17,48945249
cg23803339,chr11,112206317
cg10424406,chr4,53050972
cg10496929,chr1,10908057
cg05062263,chr8,9720418
cg25439240,chr2,215717133
cg25295392,chr1,180413399
cg01974921,chr11,77039140
cg16902156,chr1,84398406
cg11842153,chr14,90757125
cg19849992,chr4,186096770
cg02670588,chr17,46921096
cg09252031,chr20,52500704
cg20149757,chr1,161029421
cg02407203,chr15,40562997
cg01340194,chr14,78196502
cg03542845,chr6,127920040
cg05890607,chr17,49566885
cg15075499,chr7,152892032
cg09870559,chr9,123851660
cg24970314,chr6,138424602
cg22856245,chr3,180133366
cg23198222,chr22,44675536
cg08551497,chr6,33049771
cg25788001,chr4,38686944
cg08091398,chr3,13354830
cg18852921,chr11,126440603
cg09124558,chr1,162756830
cg14410223,chr2,23700438
cg12707362,chr1,245378993
cg03956105,chr8,95217683
cg27370673,chr17,62428365
cg01791302,chr10,12344717
cg21572631,chr1,239251515
cg14678011,chr10,86868309
cg22162821,chr4,122380101
cg24648156,chr13,92376741
cg11887184,chr20,13917169
cg15007326,chr12,89812332
cg17037640,chr13,95019236
cg15514868,chr3,9317177
cg20869999,chr11,107855606
cg15740172,chr13,44004852
cg26636835,chr12,132814571
cg19489699,chr14,23552242
cg15028507,chr7,1082293
cg23315224,chr10,119617073
cg26650701,chr6,147649745
cg26535349,chr7,79611290
cg00714068,chr18,3513536
cg20211272,chr14,67727109
cg13979194,chr7,9404518
cg24730534,chr1,37731674
cg06828855,chr9,124331567
cg26158863,chr11,9471082
cg00487989,chr16,89621836
cg26882168,chr4,127898777
cg16476284,chr5,132220695
cg13013591,chr7,47671680
cg21404784,chr12,120489157
cg17430714,chr17,49058599
cg05655616,chr9,92615209
cg12368066,chr10,9407312
cg24853190,chr9,127120975
cg14156446,chr9,124522692
cg15391182,chr3,41194886
cg05350983,chr19,16730049
cg25849574,chr3,72151543
cg20776069,chr8,9026117
cg23216498,chr1,15876374
cg13075789,chr11,32580888
cg07473201,chr22,17748640
cg06255609,chr17,3590269
cg07615816,chr11,599036
cg07021678,chr10,99153032
cg19720945,chr4,76355032
cg21319916,chr14,95301350
cg03562186,chr12,48011306
cg21366622,chr6,16706345
cg17180058,chr8,57367112
cg01843489,chr7,28119251
cg15318568,chr11,111923622
cg23247845,chr10,3636893
cg16268563,chr6,31545903
cg09956268,chr10,93675659
cg26630655,chr10,93268130
cg05747239,chr2,239182968
cg17116091,chr10,113047398
cg08263875,chr12,84619339
cg03157210,chr5,169142587
cg09378484,chr9,88652659
cg13495167,chr12,113957696
cg13097741,chr20,63286065
cg16263797,chr17,67028613
cg12838405,chr3,55012280
cg21999805,chr10,49681682
cg16020486,chr2,178126136
cg04424527,chr6,42722584
cg01775354,chr2,17680307
cg09929879,chr10,297854
cg09115578,chr19,18942250
cg00194886,chr1,226306796
cg16320684,chr4,2238554
cg05419367,chr3,37398644
cg21114148,chr12,88051150
cg22347605,chr7,114420105
cg18450270,chr4,8306945
cg19783054,chr1,7595167
cg08591842,chr6,4396189
cg12321379,chr2,220893536
cg06673148,chr5,157241331
cg24674363,chr3,125860746
cg11416061,chr9,81028631
cg09170720,chr6,137875676
cg16878059,chr2,68465092
cg15591668,chr1,228396566
cg08916769,chr17,55377886
cg24631518,chr10,71344513
cg23455778,chr3,47318459
cg12647920,chr12,108750968
cg17204962,chr12,116503335
cg21868353,chr19,12707288
cg08841515,chr3,109903295
cg11199014,chr19,39307923
cg14412992,chr5,126371243
cg11691142,chr22,49942389
cg26701428,chr19,16849752
cg03866243,chr21,45025817
cg16386508,chr14,102360194
cg25850484,chr1,17232853
cg26444775,chr16,2013553
cg06797543,chr20,30373824
cg15794288,chr1,8434186
cg02642841,chr6,32214968
cg16887640,chr1,10840360
cg08466395,chr11,126403069
cg03217019,chr17,63818560
cg17027952,chr12,132733552
cg17361569,chr1,35500191
cg22418307,chr20,32027951
cg20712043,chr5,16392591
cg27278739,chr2,25227003
cg07891953,chr18,78784456
cg13569449,chr9,90619430
cg11676719,chr22,42682203
cg01713740,chr20,36154003
cg17008861,chr5,146101562
cg12374021,chr9,129431653
cg09026038,chr8,138903505
cg02216862,chr17,4756618
cg24981575,chr7,6601948
cg20870000,chr8,38727378
cg20312691,chr20,38227825
cg27596649,chr8,17314836
cg02959939,chr21,46393110
cg02761715,chr12,12511523
cg22819738,chr3,98986325
cg03023657,chr19,53142545
cg01987271,chr10,22537444
cg25479506,chr10,2907420
cg03210396,chr18,77167173
cg01637179,chr13,33135069
cg21616405,chr12,108852736
cg09410837,chr19,35611402
cg14750637,chr17,81900538
cg06347493,chr12,20809477
cg10786632,chr2,181915996
cg12407370,chr7,158948147
cg10543195,chr13,23697132
cg15081667,chr5,132722434
cg08249385,chr16,2078900
cg20780826,chr5,89445302
cg08831817,chr11,9586483
cg27575011,chr6,149865352
cg10731295,chr3,45008116
cg21197031,chr12,112916232
cg11128979,chr12,130863435
cg14488043,chr11,8766850
cg20597215,chr11,59457191
cg21225096,chr5,146517664
cg23095738,chr2,118815347
cg05041984,chr10,50386101
cg09061306,chr8,74171714
cg23403256,chr18,50282705
cg27212848,chr1,239868121
cg00795416,chr7,26244749
cg11025118,chr3,46485802
cg10348596,chr3,128326190
cg26411994,chr12,56095756
cg21184711,chr7,122848276
cg15859515,chr14,52710098
cg09185396,chr11,92883449
cg20301074,chr14,65279885
cg02915725,chr2,134498193
cg20770504,chr5,82814118
cg19791813,chr19,44050986
cg14437634,chr14,67412668
cg17236994,chr3,73807914
cg05109566,chr22,32132352
cg23476276,chr10,88869462
cg12544647,chr4,748008
cg04692024,chr15,59165020
cg20250109,chr8,93351695
cg06466407,chr9,125550090
cg03428036,chr7,158880023
cg03194226,chr3,45025340
cg17833840,chr20,47707438
cg17198047,chr1,242209097
cg09313461,chr11,23165058
cg08104845,chr1,182387202
cg16525035,chr3,172584633
cg18099070,chr7,158052573
cg16421413,chr2,46968419
cg26321127,chr21,43925008
cg19886358,chr1,154821043
cg24495940,chr13,32263734
cg24119225,chr5,140964898
cg00025216,chr5,119445689
cg12763660,chr2,86202159
cg10821304,chr5,177131908
cg25936980,chr15,72476754
cg14882401,chr8,42210464
cg07852422,chr12,11695710
cg25553532,chr6,52190634
cg18722618,chr11,4044749
cg14560144,chr4,185418596
cg09171276,chr17,17906576
cg05692725,chr12,94721441
cg15866584,chr15,22777867
cg11127606,chr6,27898957
cg05928127,chr12,118135028
cg08976381,chr13,111202302
cg00516870,chr17,78841927
cg04021421,chr9,95318340
cg02497785,chr7,48455011
cg21666986,chr4,184827221
cg19433767,chr19,3939630
cg13758332,chr19,5975860
cg05902774,chr9,6620208
cg26345218,chr14,89112885
cg12425591,chr4,177248788
cg14233374,chr21,46393546
cg02892857,chr8,132972164
cg10812392,chr5,7857535
cg00417719,chr10,113910263
cg19608218,chr1,43984400
cg17034775,chr20,44152137
cg06182311,chr16,84967938
cg11558318,chr19,46951874
cg11517132,chr7,157576231
cg26635576,chr11,35254450
cg01929285,chr16,318761
cg17917368,chr3,128568127
cg19844173,chr20,56579723
cg01124275,chr4,76985672
cg02617486,chr19,21966317
cg04220063,chr17,73423581
cg05527091,chr1,1110944
cg05590225,chr2,196776599
cg05519080,chr2,200891201
cg13679443,chr15,88701823
cg19471343,chr3,183913383
cg20845085,chr12,65335067
cg24483487,chr2,108721156
cg18089728,chr10,34690938
cg27392650,chr12,1506895
cg00778228,chr1,19127712
cg13451481,chr1,234538183
cg03083562,chr8,124994911
cg06296102,chr12,110074406
cg03859906,chr2,147877048
cg25890743,chr20,58675490
cg11570843,chr10,27263341
cg24682188,chr22,19440657
cg01409028,chr4,175552854
cg06399621,chr8,143591048
cg01639957,chr12,103590953
cg18610267,chr2,180692890
cg23867486,chr9,127496037
cg18524012,chr16,29885738
cg18268267,chr17,28267791
cg22853947,chr12,8239964
cg01098436,chr7,74015839
cg17700620,chr10,67045685
cg24887629,chr8,127817225
cg15668060,chr1,110891250
cg03609292,chr17,4896537
cg26457954,chr12,94779724
cg27273264,chr20,47812102
cg20861091,chr8,143799574
cg21621344,chr3,184832579
cg00975208,chr5,62442135
cg24758719,chr15,51281000
cg19450398,chr22,40464719
cg15190354,chr11,125624979
cg10196443,chr6,129892111
cg10749860,chr11,8920737
cg26081807,chr2,201977782
cg09491670,chr4,52663479
cg11377464,chr1,2850154
cg01903504,chr1,3756533
cg16120282,chr4,48494140
cg07968959,chr11,70474133
cg04019843,chr1,213280213
cg19642477,chr3,68245833
cg13404923,chr1,227563144
cg07662082,chr5,82895265
cg15944069,chr17,4484690
cg01356872,chr2,224221790
cg15558448,chr2,50195252
cg03719229,chr9,93069203
cg06470558,chr5,177389827
cg17857781,chr14,67690917
cg17993267,chr1,113949462
cg19471334,chr3,75663395
cg07361118,chr10,88361191
cg26960295,chr13,90782516
cg05345876,chr16,49699466
cg02026709,chr7,141658020
cg26548392,chr17,50524958
cg17595342,chr21,34744464
cg19791321,chr8,125613556
cg19972598,chr11,63490580
cg11491957,chr1,211672657
cg05581394,chr12,40106817
cg22411643,chr1,213050803
cg23818307,chr17,66000635
cg16833110,chr11,6920814
cg10990324,chr6,157592484
cg02862886,chr13,113654807
cg02951526,chr16,12097419
cg03023653,chr17,61619666
cg20953388,chr6,15431355
cg20486200,chr1,32877183
cg19914823,chr6,125943537
cg10535308,chr9,107279032
cg14337785,chr6,88147675
cg04861271,chr14,23320322
cg25405606,chr12,74283882
cg03433362,chr12,130434778
cg23519022,chr1,19419710
cg02871554,chr18,23590160
cg26373351,chr12,11878370
cg06249417,chr11,117170491
cg24464158,chr11,94763501
cg06593560,chr6,148819347
cg26093403,chr16,79794999
cg26457178,chr20,50447253
cg25694469,chr3,102980345
cg02315483,chr19,43982977
cg12052999,chr22,17922276
cg04064910,chr21,39346239
cg25499543,chr15,39579675
cg13896818,chr3,32822241
cg05919696,chr6,131134861
cg07276621,chr11,10729323
cg19689500,chr10,78907132
cg07372585,chr1,228185803
cg11438730,chr15,98165822
cg16581996,chr10,77520847
cg11259254,chr10,50606269
cg25686891,chr4,860778
cg21793421,chr6,130697018
cg10032534,chr7,43630574
cg23415398,chr2,4535959
cg09018554,chr6,19753398
cg16669201,chr1,1449739
cg22927827,chr17,59296429
cg12243267,chr19,57119168
cg13217658,chr3,138177861
cg24401595,chr7,66979402
cg25833597,chr17,32496127
cg23268620,chr2,61630332
cg17613769,chr17,31991038
cg01572872,chr8,124058890
cg13411951,chr9,76691138
cg07842818,chr6,168514695
cg16736054,chr1,100292696
cg24290487,chr11,119892713
cg14906444,chr2,224770305
cg23393892,chr7,2144393
cg18349668,chr19,12111666
cg13174599,chr7,131862254
cg24451170,chr5,179838401
cg15795705,chr5,169161139
cg22669624,chr21,43785630
cg19463619,chr19,53740427
cg01420711,chr1,202292066
cg11762703,chr17,80956138
cg17008770,chr8,74315329
cg00627837,chr22,19146125
cg14166520,chr6,31564574
cg23353001,chr1,112850903
cg03534694,chr20,25012898
cg06028151,chr8,12872583
cg02444118,chr13,106702555
cg16808481,chr7,116222606
cg09309788,chr16,68302275
cg03553539,chr3,48415791
cg19147483,chr6,12355410
cg04273745,chr15,24675193
cg05427358,chr13,78094411
cg00194540,chr9,131621958
cg20876987,chr6,28586221
cg15776705,chr7,80132033
cg03473523,chr2,210001575
cg08702671,chr1,51627911
cg27031716,chr12,94073493
cg10904405,chr12,46556236
cg05318169,chr6,33287698
cg23473694,chr13,111152967
cg03435439,chr1,65992678
cg27640390,chr12,1103636
cg25729401,chr17,78645252
cg18029222,chr17,31843116
cg03804751,chr15,78809948
cg21618694,chr5,139483854
cg02417685,chr10,119656529
cg15158588,chr19,17647402
cg09093418,chr8,103397472
cg10040615,chr22,48866835
cg17556421,chr12,130424233
cg15842430,chr14,20768952
cg09706245,chr3,16496372
cg09561417,chr17,18319696
cg21256968,chr4,76215395
cg17636008,chr10,119377342
cg15143752,chr17,75698820
cg08849601,chr2,134426066
cg16669225,chr6,56166964
cg18026834,chr12,117452868
cg02369766,chr5,600863
cg02997517,chr11,8619417
cg16634245,chr2,148974568
cg25172993,chr7,56113002
cg10483665,chr19,19575414
cg12227105,chr1,150895490
cg09035005,chr12,1688493
cg24736100,chr10,12173845
cg18555478,chr16,69363396
cg08780218,chr5,172767726
cg06855506,chr3,151434985
cg09199660,chr20,37097125
cg09442066,chr5,180516471
cg18418001,chr7,64306465
cg12106389,chr6,167722199
cg20598634,chr21,34096401
cg10632969,chr11,134153439
cg00432203,chr10,88810194
cg16400425,chr14,34978678
cg13790785,chr9,63816562
cg26894385,chr14,73106196
cg20789691,chr9,5340039
cg11726060,chr20,42985806
cg10845475,chr8,37765613
cg16641861,chr1,168687947
cg27172769,chr19,1255284
cg13041355,chr5,179195079
cg20828292,chr15,98888918
cg21041394,chr12,30799916
cg10303107,chr11,45209244
cg10790920,chr6,106113649
cg24533904,chr1,184498059
cg19917903,chr10,132889372
cg00910455,chr3,122088344
cg09908968,chr21,42085114
cg03848588,chr9,32525010
cg24967553,chr3,192820644
cg25017776,chr17,28606693
cg26737948,chr11,63631078
cg08270220,chr8,48913833
cg04528900,chr7,156968537
cg27183456,chr4,112412007
cg08355739,chr6,16494846
cg13370977,chr2,240245720
cg03415955,chr3,188310395
cg23940023,chr14,101055366
cg00823789,chr12,123516658
cg26007849,chr14,90408272
cg07151966,chr5,2005854
cg23233532,chr9,14308067
cg22248286,chr2,235940540
cg24512069,chr1,12114146
cg05308590,chr14,99944797
cg08933008,chr9,84340862
cg14950301,chr22,32471984
cg24531205,chr5,142202166
cg05363965,chr13,75682652
cg24553728,chr1,25542638
cg10673484,chr3,17032211
cg12384231,chr3,88146673
cg22864755,chr12,57862404
cg04109941,chr7,4114100
cg17429682,chr15,69064436
cg25768633,chr6,109343835
cg24919054,chr3,132720413
cg06796709,chr16,84611570
cg06273744,chr22,40358961
cg04733621,chr12,53175054
cg00527869,chr2,200305080
cg04747720,chr1,43235543
cg21037121,chr6,53929903
cg16664589,chr4,15540871
cg13605536,chr9,134827141
cg18733925,chr7,74188493
cg14634900,chr2,202005312
cg25076295,chr4,153760467
cg15640870,chr8,144506026
cg07508787,chr7,5332397
cg08763351,chr1,152970734
cg08854232,chr2,172301131
cg04496250,chr16,22371433
cg03267512,chr8,21938554
cg12736145,chr3,53148320
cg12628070,chr4,168614083
cg18426792,chr1,172365795
cg03984866,chr4,8160049
cg25762262,chr3,194335753
cg07893968,chr3,43079930
cg06955979,chr14,100696219
cg06775001,chr6,100877539
cg08839697,chr3,75663253
cg17022488,chr1,29135887
cg08938062,chr20,5608396
cg00884445,chr2,98139389
cg14488087,chr8,120127363
cg07901017,chr3,9979148
cg26881965,chr1,116494438
cg09379183,chr4,2049058
cg25621094,chr19,40786687
cg13649209,chr9,101529960
cg00881701,chr2,100989091
cg27052954,chr1,64879076
cg06932455,chr21,44819042
cg13916111,chr13,98487757
cg12475686,chr10,60418370
cg17653942,chr3,42088942
cg18463371,chr4,154412919
cg17814479,chr4,154135793
cg27045864,chr11,4693447
cg23623659,chr17,5022180
cg00832635,chr19,22633051
cg08364607,chr11,64910090
cg03202190,chr19,7557294
cg12026992,chr10,88244254
cg02508618,chr17,348716
cg21487690,chr1,207855364
cg05060807,chr7,151781163
cg19535509,chr11,122661246
cg18888246,chr12,109868856
cg02819010,chr22,20139713
cg08218445,chr3,192825841
cg06927481,chr11,118848288
cg11872019,chr2,57886146
cg12152759,chr10,132998253
cg03634007,chr12,124722990
cg12353331,chr5,6184820
cg02341670,chr7,143221987
cg08516187,chr7,143373863
cg02837432,chr12,71839109
cg02570670,chr12,8135832
cg17254607,chr3,55511007
cg11140017,chr11,64562352
cg19460391,chr5,87413786
cg14453740,chr6,7787290
cg06914133,chr14,54600832
cg02166787,chr12,53250529
cg24751929,chr11,128868873
cg22951128,chr10,530160
cg17744902,chr1,32749642
cg17979173,chr6,32074371
cg03757730,chr8,110822547
cg01247671,chr14,42141139
cg18410117,chr6,89935362
cg03746115,chr4,139058557
cg02415834,chr19,44642946
cg08609054,chr22,46996087
cg11914104,chr15,45447020
cg00059465,chr12,58030790
cg17114660,chr5,91151933
cg13674495,chr9,124938789
cg07809547,chr12,1917275
cg11413498,chr13,33070763
cg15336645,chr7,81628129
cg12471777,chr15,89293229
cg01565220,chr11,77156097
cg11688578,chr4,23921644
cg06703375,chr1,3317634
cg11025609,chr12,110289267
cg20270902,chr16,74310742
cg26130384,chr7,55912472
cg08643062,chr5,37721099
cg08367801,chr5,98775825
cg25521581,chr9,113303849
cg22090150,chr17,4194932
cg03257557,chr12,121085974
cg09652769,chr16,4329749
cg11208749,chr8,27903899
cg03376318,chr3,195834732
cg13198192,chr15,89630095
cg24783119,chr21,39422900
cg13173369,chr1,31978747
cg14821468,chr1,31765104
cg01262223,chr6,6675063
cg15268887,chr18,22230636
cg02926868,chr11,66607292
cg16591476,chr9,100582492
cg10434067,chr20,58822675
cg10457590,chr8,128315495
cg03814670,chr15,67122012
cg16411571,chr2,232662637
cg19380370,chr1,36172631
cg03856349,chr17,38624750
cg13478500,chr6,109467425
cg18793273,chr17,17896973
cg21150892,chr1,183876875
cg05969258,chr13,45924262
cg10086080,chr10,125163482
cg09801582,chr2,23630314
cg15645961,chr1,51986441
cg23184739,chr7,1845253
cg08426898,chr2,174052003
cg04221624,chr10,70514771
cg22546302,chr4,153267017
cg00583304,chr6,134057561
cg13286741,chr1,161169175
cg12011427,chr2,18829585
cg05011468,chr2,96331844
cg25030844,chr19,44613597
cg23347911,chr11,67427438
cg26967829,chr8,41297459
cg03567106,chr8,131771171
cg01834373,chr1,69928808
cg03591565,chr11,47223210
cg13224014,chr5,41853786
cg11022710,chr5,143440914
cg16850478,chr1,9384875
cg07974623,chr2,219853042
cg23400921,chr4,76611238
cg03768871,chr16,17433985
cg09994760,chr6,10514108
cg11776830,chr5,154877333
cg13029853,chr2,221553320
cg03529447,chr9,130398796
cg13609497,chr9,130639171
cg27235052,chr16,15604343
cg26870337,chr1,22451179
cg07438138,chr2,120982985
cg03700171,chr15,78455930
cg17130544,chr2,85956777
cg16500302,chr8,42320578
cg06795516,chr17,16479479
cg27393640,chr6,170098925
cg24029028,chr14,58828519
cg00104343,chr1,11226037
cg24223558,chr15,96370646
cg06401307,chr2,1974341
cg17213837,chr5,128706776
cg04194882,chr15,57025631
cg00399754,chr1,150529888
cg25486571,chr13,113981869
cg02058924,chr12,132889006
cg00674056,chr1,34850243
cg27646075,chr11,118177501
cg04321135,chr19,3514071
cg13867669,chr9,69515998
cg12146012,chr1,11170859
cg01044693,chr15,80408478
cg13857301,chr21,17392059
cg14282168,chr8,139612187
cg12056138,chr15,73443114
cg02461939,chr11,130135858
cg19991780,chr3,128814529
cg11459997,chr9,5655592
cg23367391,chr12,851367
cg18524846,chr6,39866042
cg15308917,chr1,183518474
cg13556540,chr12,117167074
cg10773023,chr1,30809279
cg24045378,chr1,3145933
cg21529010,chr16,68560899
cg02701642,chr17,30830940
cg22347705,chr22,23096320
cg17179492,chr16,3099396
cg00850551,chr9,127205792
cg23205610,chr3,124848528
cg13653423,chr6,2978418
cg25115503,chr2,74451714
cg04810795,chr7,74079533
cg04891600,chr11,105046033
cg11201649,chr3,181921657
cg11981770,chr10,96156757
cg17735169,chr17,2948186
cg15378530,chr2,55055493
cg21072162,chr10,104616090
cg23654767,chr2,100576519
cg09594128,chr22,21675239
cg02806251,chr2,147265242
cg15466407,chr17,7341984
cg25621518,chr5,6372223
cg16560433,chr12,71801046
cg22909333,chr10,127133740
cg12034775,chr7,99373234
cg19305424,chr13,110565264
cg05014933,chr17,73541729
cg22186387,chr3,152653731
cg21669109,chr20,1343667
cg13164238,chr7,47655014
cg15119553,chr8,17163336
cg06059003,chr8,6901266
cg24427271,chr17,78838696
cg15712677,chr1,235994192
cg03387311,chr17,17202915
cg01879015,chr9,109506042
cg10551374,chr12,95424283
cg08714895,chr1,17670424
cg04101729,chr1,40737728
cg04175160,chr3,193980597
cg22084515,chr5,32589607
cg23050227,chr8,111228923
cg05962033,chr1,5886268
cg20666176,chr16,51357128
cg15258156,chr7,1562595
cg01320507,chr1,229304604
cg22109530,chr1,178341399
cg05198442,chr1,151227800
cg15604777,chr1,7003114
cg07618470,chr22,21009723
cg15753835,chr20,6116131
cg23364497,chr13,79750520
cg05867174,chr3,69009753
cg20062050,chr1,227543180
cg18463607,chr4,55852154
cg15964957,chr5,138110034
cg10864926,chr5,89281229
cg27240182,chr5,303499
cg07618581,chr15,91968818
cg12869641,chr3,184416734
cg04630480,chr19,41844912
cg02753379,chr15,67864243
cg20452739,chr20,38961427
cg03296248,chr13,110266169
cg13167197,chr1,23690625
cg02969609,chr16,72969933
cg13429555,chr1,203033106
cg17696756,chr20,56525945
cg01714452,chr6,111700432
cg05986007,chr5,107360317
cg10520134,chr9,22052526
cg07959068,chr16,24045817
cg21467371,chr17,81681692
cg01737070,chr19,10415366
cg06010993,chr1,224214534
cg07350311,chr5,31401302
cg21107389,chr4,150799336
cg17748504,chr1,231426453
cg10013645,chr10,35212601
cg25839727,chr1,63797362
cg03521085,chr4,1225220
cg23773125,chr14,77444319
cg21401490,chr6,11055857
cg05017298,chr5,56948921
cg27470537,chr21,41390004
cg19141355,chr7,11110846
cg17908564,chr3,89245676
cg16994651,chr1,110082603
cg09082035,chr1,246154431
cg17958581,chr7,92426144
cg09218703,chr3,57537549
cg03999444,chr7,2924069
cg19735250,chr17,45241243
cg04825050,chr10,100599585
cg14448663,chr1,117571324
cg13003470,chr17,63436929
cg00796374,chr3,156031165
cg02317534,chr7,22665714
cg03768897,chr10,125899703
cg08507802,chr8,125899787
cg05436228,chr10,93337850
cg16451639,chr21,14955729
cg23072908,chr1,34784759
cg11117530,chr15,90867525
cg23995931,chr12,53579835
cg22561380,chr8,42974632
cg14038693,chr18,39733130
cg26531076,chr13,73169240
cg26020513,chr8,11710847
cg07224992,chr11,6796218
cg11395579,chr10,86539294
cg10360643,chr8,106212701
cg06480654,chr16,80040865
cg11320318,chr4,110194639
cg24853770,chr12,60205534
cg01140522,chr5,170896904
cg02458348,chr6,3788939
cg26332535,chr17,80829384
cg26502514,chr7,135232124
cg06486608,chr2,7429316
cg21615755,chr7,2239334
cg17326403,chr5,645544
cg24959428,chr1,89364392
cg19749383,chr15,92725348
cg20421695,chr15,64263534
cg21406584,chr9,100097838
cg02711800,chr7,158733110
cg08495545,chr17,78969227
cg05059922,chr12,93850720
cg23048109,chr21,43687202
cg15153913,chr10,50280712
cg11608671,chr7,103346857
cg08007304,chr2,82527501
cg20165220,chr1,12221835
cg16330552,chr3,43968623
cg04981423,chr6,153215004
cg18696790,chr10,17353940
cg10412986,chr1,151682186
cg04383154,chr17,83010791
cg00825558,chr14,70753398
cg09680704,chr1,150491428
cg08757191,chr11,126293155
cg17490973,chr9,97039738
cg00461389,chr5,143037199
cg07162085,chr10,93992137
cg08886177,chr12,116449567
cg13988316,chr1,27070514
cg23204794,chr2,218874842
cg16176132,chr1,17409230
cg25034423,chr2,101275903
cg01611053,chr9,132632566
cg16757992,chr13,68985062
cg05380916,chr3,179720000
cg14143951,chr20,750969
cg07478893,chr8,105394184
cg09985481,chr14,102945562
cg09793269,chr12,104954491
cg20341632,chr7,102300473
cg00389181,chr7,6082523
cg16318368,chr7,152076419
cg08962072,chr17,18265343
cg09674047,chr9,105354518
cg13039509,chr20,5470577
cg09591190,chr7,149872375
cg27415324,chr22,17422030
cg06587962,chr19,19653164
cg05706719,chr13,31323276
cg00030682,chr16,16081745
cg04227396,chr19,5577828
cg27312458,chr6,168877054
cg03333052,chr10,5641800
cg01802078,chr6,7285551
cg14865150,chr14,55889267
cg13701086,chr9,137147280
cg12051364,chr10,1659481
cg00788235,chr11,118400176
cg22896684,chr5,2890207
cg16254370,chr15,63926335
cg10399575,chr8,604489
cg14749365,chr11,128822900
cg00103448,chr17,48523171
cg26457029,chr21,39447129
cg21154452,chr1,228746218
cg06584784,chr16,86573317
cg23867106,chr21,41390548
cg06986484,chr20,45539928
cg14086753,chr11,47159991
cg02564299,chr3,114411982
cg16597412,chr2,3769359
cg07827139,chr2,159135695
cg04876095,chr11,62528798
cg14554176,chr9,136465604
cg07345710,chr1,3203449
cg05847233,chr18,12374050
cg06658129,chr6,29396825
cg06307940,chr16,46626906
cg09028132,chr20,38449492
cg01967741,chr8,139978869
cg10082445,chr16,89230617
cg21551704,chr5,81255041
cg26864773,chr3,49259428
cg03128945,chr5,622799
cg08786719,chr5,454067
cg21898527,chr3,100185806
cg18657977,chr16,54247153
cg09146486,chr10,3258056
cg03785763,chr8,9011441
cg24846775,chr6,18494403
cg27539480,chr7,27107465
cg26551072,chr17,69534339
cg10216790,chr2,46325976
cg25002968,chr7,76626034
cg05684469,chr1,167675541
cg04682600,chr14,31405639
cg08283318,chr19,51356219
cg06611912,chr5,76098921
cg11015284,chr13,46699939
cg18348566,chr3,139523503
cg15921797,chr8,132784772
cg07537133,chr20,61390578
cg06495055,chr4,150584040
cg16332365,chr12,119687410
cg07977170,chr18,56789469
cg17258157,chr4,53176227
cg14994894,chr4,675829
cg08574364,chr2,238925931
cg24269480,chr17,58168821
cg03521246,chr4,88759509
cg25265651,chr1,113021983
cg04227893,chr9,1459983
cg08655871,chr4,79050254
cg25909854,chr13,23833961
cg25711380,chr19,304764
cg07321494,chr3,73599759
cg27639283,chr19,9302192
cg02450890,chr11,10493336
cg25798341,chr6,32822729
cg24374051,chr16,74578602
cg10448954,chr16,89526986
cg13977620,chr12,119277285
cg11881702,chr14,102044352
cg16993797,chr14,60147105
cg21496780,chr7,903202
cg26283734,chr10,110328012
cg01822317,chr12,55839642
cg12660315,chr5,5288042
cg09503179,chr2,203552040
cg11740781,chr14,50319201
cg06418837,chr1,211474114
cg06578505,chr16,1313572
cg18670350,chr3,125539740
cg09939247,chr7,6674519
cg06072950,chr11,129866441
cg21757440,chr16,57997146
cg14015877,chr19,50758897
cg04085263,chr1,191867629
cg25371251,chr11,68716025
cg23476216,chr13,67416404
cg07739642,chr10,77221674
cg06915226,chr2,70733827
cg11431101,chr6,31764097
cg00303450,chr2,190406794
cg23073098,chr16,31553757
cg12347444,chr20,379903
cg18578974,chr14,69850865
cg06471284,chr2,183244614
cg17758992,chr12,41980814
cg11907532,chr7,152688790
cg02240159,chr3,65582548
cg09892365,chr1,114100239
cg16989985,chr8,48708650
cg08532998,chr19,1425627
cg16898038,chr15,82041529
cg02789713,chr5,17192986
cg19707069,chr10,128991197
cg16210697,chr14,76194878
cg12520628,chr10,67969774
cg07169295,chr11,67026043
cg00533305,chr5,87083656
cg13001355,chr2,27385797
cg03387240,chr16,2084088
cg10339498,chr14,20836081
cg18838477,chr22,38680722
cg12915819,chr2,3449342
cg15850891,chr3,50329635
cg14990087,chr8,100858851
cg13565994,chr7,142938452
cg10721090,chr19,35491144
cg22120500,chr2,10907058
cg12717963,chr5,181195179
cg23398781,chr4,8005409
cg26105658,chr17,82693808
cg13397275,chr1,62280509
cg14099012,chr8,121771368
cg23388097,chr16,2064242
cg16087382,chr5,6605003
cg14201196,chr13,99023219
cg01154656,chr15,68885208
cg21275838,chr15,59315925
cg25279351,chr2,40611090
cg01330456,chr5,78700228
cg03451959,chr3,93927588
cg12602945,chr19,49038272
cg06113835,chr4,76784055
cg20594150,chr3,71132176
cg00524379,chr9,82408401
cg00712159,chr1,16075431
cg22489957,chr6,28954028
cg04483586,chr22,43841888
cg23097035,chr7,28356545
cg17895689,chr15,29452649
cg20789483,chr5,5057387
cg20392203,chr7,596953
cg16193203,chr10,73553380
cg19046783,chr7,99784463
cg02169053,chr7,101506228
cg04869380,chr2,239349098
cg04026833,chr17,61301923
cg17473778,chr16,316592
cg00881812,chr5,147568358
cg03192549,chr2,24418639
cg10455030,chr3,123626182
cg26633077,chr17,80829325
cg23441747,chr12,115755221
cg19246169,chr16,56889401
cg15874704,chr7,124073597
cg08547367,chr7,78074280
cg03144222,chr7,23250706
cg24091611,chr10,87061243
cg14501118,chr16,55944653
cg00547365,chr1,6545360
cg17587071,chr8,17703976
cg02009485,chr8,140321443
cg23939932,chr2,241724825
cg10417456,chr5,139606222
cg23750693,chr2,104569227
cg26970113,chr5,134375201
cg02129877,chr8,22014326
cg24097686,chr15,83178030
cg02394762,chr12,54544724
cg11822812,chr5,140672432
cg12125332,chr14,75069858
cg11445483,chr19,530502
cg11389425,chr11,57560911
cg18146146,chr19,46744123
cg18704345,chr22,48617968
cg10207787,chr8,26290679
cg22558484,chr6,10151408
cg00597918,chr15,68696666
cg02931729,chr11,129313333
cg12892914,chr7,75855244
cg04901269,chr12,117227143
cg16356068,chr15,28941262
cg16095464,chr12,24076041
cg21644111,chr1,231723148
cg04190262,chr16,69408615
cg02952295,chr2,234004544
cg23436314,chr12,132754619
cg26150447,chr8,141177024
cg18658947,chr12,21757832
cg24388251,chr8,54705660
cg10408120,chr1,243628408
cg18207721,chr2,175328765
cg10393548,chr8,35543795
cg21018253,chr11,70626501
cg01723031,chr4,37973705
cg11784681,chr14,75699247
cg02033736,chr17,17302370
cg04810980,chr2,121993254
cg10060903,chr1,114717939
cg25105147,chr7,144777650
cg10850444,chr17,41559893
cg27147931,chr15,40785403
cg20785661,chr6,13289428
cg09583201,chr10,16756715
cg07884364,chr4,40585712
cg00946598,chr1,43651422
cg08388140,chr13,28353696
cg08793686,chr20,40990952
cg12201544,chr6,168887192
cg22634172,chr10,127016575
cg08776331,chr16,2075988
cg09145548,chr7,74488630
cg01704860,chr6,30583078
cg15483273,chr2,24565616
cg22814879,chr15,79902444
cg02086174,chr14,89891824
cg12073169,chr7,131055851
cg12487914,chr6,31894573
cg17264909,chr6,33987779
cg16308061,chr13,111659064
cg03128163,chr10,129887890
cg05987172,chr11,109571651
cg10050487,chr21,13822106
cg14751084,chr12,131459215
cg06341464,chr3,62214615
cg04368881,chr15,40566360
cg19694398,chr3,134409857
cg00340928,chr18,76918703
cg00711628,chr19,10956932
cg10729852,chr17,27535936
cg03109914,chr11,823348
cg08051049,chr11,1803489
cg03445244,chr2,23498852
cg00444362,chr8,117594640
cg03084708,chr5,10702190
cg11987700,chr12,62136115
cg04134809,chr9,132196483
cg02733081,chr13,30486943
cg02685684,chr7,141755151
cg06028665,chr20,59353007
cg00162921,chr7,143303897
cg23000153,chr5,1212319
cg08662451,chr4,89690535
cg09949816,chr15,34211290
cg05992156,chr21,45261339
cg21800290,chr1,155200186
cg00384993,chr20,2650017
cg24892148,chr10,87859898
cg03847535,chr3,69763822
cg22148525,chr13,73780753
cg08857436,chr7,91184055
cg06013872,chr4,71338106
cg13435833,chr15,62446151
cg12846784,chr8,52282935
cg12344206,chr19,58354035
cg01128511,chr4,40438425
cg15460802,chr9,134460240
cg18477664,chr7,156108236
cg17739868,chr6,157330305
cg09408384,chr2,27216917
cg24152718,chr6,30218041
cg16390418,chr12,1385733
cg18116588,chr20,59055342
cg05224770,chr12,68160039
cg24605014,chr8,133033493
cg13953354,chr1,225821009
cg14310240,chr10,77532326
cg13221107,chr12,52452304
cg13096330,chr1,154574041
cg12408364,chr2,237207796
cg10562614,chr18,55295676
cg21894660,chr8,144721209
cg17195153,chr1,35111379
cg17795265,chr6,32063342
cg07359415,chr17,19282325
cg17244651,chr6,130013011
cg24748238,chr6,649087
cg18841668,chr11,111206908
cg06062991,chr9,130627422
cg11412164,chr19,53695238
cg09045613,chr5,10602380
cg07640406,chr11,2536799
cg22492435,chr10,99782432
cg03453449,chr12,95551344
cg14778576,chr3,160759670
cg15970717,chr3,185880019
cg16656289,chr10,70540781
cg15798530,chr4,121934061
cg05138096,chr14,29381378
cg07032055,chr2,152555210
cg14636127,chr1,23016315
cg06011000,chr20,37094541
cg21329470,chr10,97178524
cg13800038,chr13,42370457
cg16381530,chr19,31306157
cg09255480,chr17,81569064
cg09845761,chr2,28601305
cg07051704,chr16,71624252
cg05566388,chr9,72140456
cg23020582,chr12,54341182
cg15160746,chr12,2634073
cg07048074,chr10,80412603
cg08229801,chr6,32879421
cg14076024,chr14,104431271
cg18011571,chr3,179784162
cg07284546,chr16,640468
cg05021836,chr16,12268820
cg00107521,chr9,137715430
cg26336955,chr1,227563317
cg11387492,chr7,68166784
cg01832672,chr12,122874036
cg21622977,chr8,30383404
cg06160682,chr1,111981026
cg18434588,chr5,80799313
cg12368802,chr9,127131879
cg15321134,chr1,53878876
cg20022392,chr3,15039248
cg19643410,chr17,8008102
cg20780480,chr15,90761794
cg11777611,chr17,65167045
cg21181363,chr3,61797271
cg16123938,chr7,107933894
cg11068517,chr14,24272504
cg25248319,chr5,32139006
cg21377260,chr7,1817343
cg18477563,chr5,73764721
cg25553638,chr12,111338387
cg14328737,chr5,6645251
cg16520886,chr7,1817642
cg21086503,chr7,86966584
cg19426277,chr7,1057746
cg17356898,chr7,102451558
cg11560663,chr19,7963397
cg20197375,chr15,85167914
cg00985757,chr5,19038345
cg02354121,chr9,125884180
cg13758904,chr2,691034
cg27606137,chr4,37890195
cg06305777,chr5,140855628
cg20535253,chr4,121954613
cg06082141,chr17,10701248
cg11542898,chr7,103119913
cg01824180,chr14,75431059
cg19722082,chr5,84385745
cg12284736,chr1,80138236
cg18166900,chr10,43668860
cg10385076,chr19,15321429
cg02584488,chr11,33779979
cg18397653,chr4,87650501
cg06914509,chr19,3626082
cg02700161,chr11,66707605
cg03986578,chr6,89951654
cg11448883,chr7,138918916
cg07056965,chr10,110869704
cg01326942,chr6,89887202
cg18601483,chr8,95297878
cg18841660,chr11,129066828
cg20587996,chr7,152900014
cg04033774,chr1,108875945
cg00788177,chr6,158939729
cg26977737,chr21,20803204
cg18093030,chr20,63604918
cg18028715,chr15,65343660
cg18303722,chr19,1927254
cg01872160,chr12,132957314
cg13429419,chr20,50562561
cg08949924,chr20,62377325
cg04740818,chr22,17358509
cg02984503,chr2,105391907
cg15904625,chr12,50732800
cg18186664,chr5,127911127
cg27278300,chr14,51746462
cg08795557,chr7,71456347
cg16385474,chr2,124754161
cg02928840,chr1,208044730
cg07829577,chr14,31106760
cg13808090,chr10,37993714
cg02124310,chr5,176697507
cg09544630,chr7,942048
cg01240109,chr1,173461425
cg06903478,chr17,78187551
cg07626446,chr6,110847683
cg10263919,chr11,61716597
cg03682771,chr1,212024975
cg03967823,chr12,38198371
cg24718526,chr2,3455028
cg21294310,chr12,119699649
cg19769956,chr2,15417672
cg07031680,chr3,112498112
cg10371560,chr16,31259112
cg11839495,chr3,172315695
cg27051515,chr12,51383983
cg19716048,chr4,16582771
cg23523659,chr10,2083717
cg07101018,chr11,44535277
cg07485420,chr5,132934725
cg10794502,chr14,57306656
cg04716447,chr12,122006715
cg08614511,chr8,143668520
cg16298809,chr1,71069692
cg23610394,chr10,69362778
cg15491120,chr18,76444941
cg09343755,chr1,28327959
cg17084863,chr1,162560574
cg05808356,chr1,118186187
cg09732283,chr19,53143089
cg25772938,chr18,13455297
cg27366261,chr1,158011047
cg15830422,chr5,32089664
cg24642495,chr11,110297624
cg19004811,chr14,75476770
cg04287747,chr17,78806266
cg15949310,chr6,75612839
cg10855978,chr8,23922728
cg26044335,chr2,65700047
cg17010701,chr6,132825325
cg09829128,chr6,34566090
cg14261612,chr8,63187120
cg15385448,chr2,178142496
cg11355340,chr3,112846586
cg08780684,chr21,34704271
cg00347071,chr2,167867825
cg02201827,chr10,38393496
cg10208034,chr2,47512601
cg01149202,chr12,96254547
cg02896432,chr2,239179641
cg18515587,chr1,151372330
cg05153293,chr1,95089203
cg10210015,chr1,111571454
cg01709798,chr5,43172997
cg00318947,chr7,27115295
cg16912005,chr1,59080422
cg02089795,chr22,17210481
cg27369096,chr5,2169655
cg25567438,chr3,183744831
cg10113031,chr1,225824799
cg00919305,chr12,130266937
cg19499736,chr7,156675634
cg12505442,chr6,29000620
cg27278861,chr3,127839198
cg01506299,chr9,111794946
cg15325154,chr7,88795808
cg11877490,chr3,129512167
cg07929763,chr2,95149823
cg17892892,chr15,101664516
cg09928474,chr21,29019968
cg19438005,chr10,3332174
cg16994082,chr5,176407966
cg09917907,chr14,51731509
cg03868139,chr2,33670971
cg27021722,chr4,22997454
cg06032906,chr20,58017312
cg12800939,chr3,113016133
cg00994894,chr8,102783636
cg18738114,chr5,90208604
cg07894497,chr13,49252433
cg20880520,chr6,111176620
cg24236714,chr7,132999182
cg08687052,chr22,32799669
cg06940574,chr1,6237068
cg20795266,chr19,5871303
cg02553302,chr6,32052063
cg20973630,chr8,54150555
cg06756315,chr20,61971106
cg23506135,chr6,31954686
cg15559188,chr16,69305910
cg19378593,chr10,26579240
cg15928016,chr10,92304614
cg03255657,chr9,72299867
cg08076814,chr3,175609037
cg19196893,chr14,53144241
cg17888087,chr14,99333471
cg11615257,chr10,119062006
cg26087263,chr12,2770575
cg18229280,chr8,135743784
cg19679501,chr5,171282935
cg06171849,chr5,117682180
cg08844463,chr1,39717394
cg18969117,chr1,226082216
cg12133004,chr12,48482377
cg01718380,chr3,124266674
cg07324721,chr1,113983942
cg15250677,chr2,2877503
cg11780196,chr2,239195812
cg21929723,chr6,7647656
cg06510816,chr11,12854086
cg11857626,chr3,51875612
cg02124773,chr9,126990417
cg22007739,chr1,155335538
cg17514098,chr12,124817568
cg02852174,chr1,46316736
cg18088414,chr9,19452009
cg23439364,chr18,2875691
cg14461687,chr6,7284534
cg26957110,chr8,4997929
cg26167029,chr4,38084082
cg06723012,chr19,40244760
cg07498919,chr2,172926861
cg26737053,chr7,17992471
cg08130300,chr17,61160471
cg06537744,chr19,58084301
cg13583925,chr5,135884004
cg04004305,chr10,25522329
cg00164894,chr1,55069925
cg03293647,chr15,89306219
cg12205241,chr1,5947198
cg26348343,chr1,234223036
cg17478075,chr19,54093821
cg02956644,chr3,11060193
cg21797223,chr5,11242547
cg17736819,chr6,133461882
cg07763699,chr12,27752804
cg22489759,chr19,18461890
cg17467509,chr1,182869649
cg09788762,chr1,3417537
cg09233205,chr3,45474025
cg19037539,chr5,107676060
cg06584433,chr10,122846389
cg14958572,chr20,57123560
cg04544043,chr5,56942660
cg07929480,chr1,116810488
cg02722625,chr3,52692608
cg08476493,chr20,23244591
cg13958583,chr8,100761837
cg07064689,chr10,43424460
cg10242476,chr3,46577874
cg20168704,chr3,101857076
cg17094160,chr6,33265380
cg13915219,chr3,43102593
cg01259871,chr22,41543252
cg20193839,chr8,60921942
cg14429846,chr10,74231417
cg22939751,chr12,42030748
cg00357819,chr22,46638971
cg07994487,chr16,1548865
cg06539962,chr3,132315997
cg00852844,chr9,86563664
cg09001973,chr10,101034664
cg10964756,chr17,79983775
cg16654874,chr1,110454879
cg19657376,chr15,49133957
cg01780171,chr2,235192044
cg08598988,chr3,123447573
cg23120345,chr4,108594551
cg01574823,chr12,15547459
cg17559206,chr16,3832425
cg04835733,chr12,80702930
cg11682113,chr16,48167312
cg02233606,chr12,48809234
cg21581865,chr1,32316731
cg08364820,chr13,21421255
cg06839731,chr7,50302704
cg26160150,chr18,15168616
cg01455446,chr4,139139982
cg03102516,chr2,96505646
cg09639369,chr14,92448597
cg10784299,chr6,97702152
cg21159961,chr20,4715090
cg13515917,chr10,132999951
cg18602451,chr12,30735195
cg19458893,chr19,42301170
cg07180674,chr11,103088494
cg09323350,chr1,64147575
cg27160425,chr7,111474507
cg09529851,chr3,71733216
cg26783404,chr3,115627252
cg27483317,chr10,129719160
cg07705327,chr9,133092517
cg15277173,chr20,23100447
cg05316492,chr2,70509730
cg10420966,chr10,113053054
cg11313039,chr3,14159731
cg10215460,chr10,129558136
cg09595238,chr4,25361606
cg19489804,chr14,50774104
cg11574904,chr1,24675235
cg06000584,chr10,67807298
cg02247378,chr6,3880778
cg06373779,chr8,11056188
cg10115087,chr20,36106448
cg10103235,chr2,88713343
cg25425074,chr17,44141544
cg11990948,chr12,88931666
cg21855200,chr12,7715093
cg14281315,chr1,167409309
cg19109130,chr8,96257921
cg24712244,chr13,89393593
cg24222324,chr13,42571278
cg13529245,chr4,87207322
cg06228183,chr8,127083301
cg26065534,chr13,25588177
cg00806871,chr13,112530562
cg02669162,chr11,23404467
cg20208787,chr9,78254433
cg09640001,chr22,49514732
cg17243872,chr3,189022959
cg09588157,chr12,54232984
cg18163543,chr5,115427158
cg03504005,chr17,44677762
cg21791657,chr15,70082119
cg13758860,chr9,134582772
cg13259502,chr7,156614846
cg10541690,chr3,49023497
cg10141013,chr2,173352785
cg07628784,chr7,7761955
cg01921818,chr13,113452029
cg23970740,chr3,171199887
cg07779296,chr21,43603260
cg21241989,chr9,839126
cg10322573,chr14,89441534
cg24531568,chr12,76319966
cg10501049,chr6,105182448
cg22125112,chr3,69353660
cg03611711,chr6,5157871
cg16448636,chr7,21169890
cg16593845,chr22,22733665
cg23536830,chr15,90619644
cg27206379,chr9,15744461
cg14500422,chr12,131242668
cg25435435,chr18,80202924
cg08693424,chr1,24779740
cg25103393,chr5,81069179
cg23056437,chr7,100033276
cg00954306,chr12,115076374
cg16284460,chr6,149424088
cg06936956,chr10,133296032
cg27325741,chr16,80852695
cg16510650,chr16,75268904
cg11942570,chr17,39014093
cg03205238,chr2,127682479
cg08857656,chr20,37758380
cg05221289,chr18,31737114
cg09546902,chr6,108656216
cg01554231,chr11,1242062
cg02537774,chr1,115210420
cg04152412,chr1,72280102
cg18452756,chr17,56957203
cg16185661,chr1,202138399
cg24471818,chr20,31502911
cg15107554,chr10,97616295
cg14032261,chr1,211735963
cg06065802,chr16,12436050
cg16746567,chr3,32840333
cg08390352,chr7,1088032
cg26430588,chr3,75363715
cg22795764,chr2,241199363
cg00941824,chr6,148413554
cg05868449,chr4,112649200
cg18113757,chr12,12443719
cg07837124,chr9,123001039
cg12306833,chr3,50189956
cg01172766,chr7,2762098
cg08460326,chr16,2445217
cg10716112,chr12,56229460
cg00646244,chr5,37322081
cg10862018,chr15,72784705
cg08209336,chr2,127651694
cg26085932,chr17,1144327
cg21912212,chr2,66553561
cg03586004,chr9,123175857
cg05360806,chr11,58178258
cg05049230,chr12,9203682
cg04604420,chr7,100704912
cg26422752,chr8,117868176
cg05106778,chr8,96586192
cg01829399,chr20,53230542
cg08716087,chr19,37741368
cg02738338,chr14,61342200
cg03541791,chr6,28861619
cg27450119,chr1,204616056
cg13040816,chr6,30713312
cg10442442,chr2,127034624
cg16386673,chr22,35380191
cg08591741,chr1,248045669
cg06373377,chr1,43360074
cg10952495,chr19,31301461
cg14128411,chr2,1923135
cg16014568,chr7,108172134
cg02439266,chr7,27110423
cg02542257,chr16,3653272
cg15537567,chr4,23015657
cg26196971,chr8,37878871
cg06057946,chr20,4820109
cg13454796,chr20,64171491
cg11263228,chr7,155254382
cg24030620,chr12,132808301
cg02558993,chr1,232164555
cg09815261,chr11,17642711
cg19044462,chr17,41249022
cg22359642,chr22,28142299
cg22523351,chr8,58641457
cg23942526,chr7,27842979
cg05429445,chr11,67402413
cg20156999,chr1,248860086
cg20161468,chr12,126359116
cg19694703,chr13,30173439
cg01042564,chr4,146224523
cg23923064,chr15,74526451
cg08781365,chr16,85286466
cg01632803,chr19,48387902
cg23245895,chr4,180041984
cg01225788,chr8,69492279
cg09015271,chr2,85781003
cg21716438,chr6,73264584
cg04788769,chr2,102184144
cg27574646,chr21,37004704
cg11791507,chr19,53268033
cg27346614,chr12,56308598
cg20795357,chr7,5619838
cg01591973,chr19,37092381
cg14462566,chr16,72959891
cg05840514,chr22,37858371
cg03118021,chr6,1837921
cg18599438,chr4,102731322
cg02903680,chr15,84982967
cg01516958,chr18,61629263
cg06893812,chr12,130711833
cg16096737,chr6,134636676
cg22482014,chr5,1086980
cg16831290,chr8,47413237
cg26123655,chr11,117822007
cg24444091,chr21,26090225
cg21726890,chr1,183290822
cg01984445,chr14,22564243
cg03343404,chr1,113681760
cg27350255,chr10,34826111
cg17742143,chr3,27292890
cg15739613,chr8,37518006
cg13244538,chr7,106757246
cg13011973,chr8,41977301
cg02090308,chr16,27438050
cg03945823,chr5,133042232
cg25028423,chr2,63919975
cg01781251,chr17,75951486
cg01384487,chr1,231923798
cg19704462,chr16,68315788
cg01201333,chr11,62792505
cg14593237,chr9,131831805
cg19496158,chr5,3489486
cg16045595,chr17,17147136
cg09394127,chr2,33485803
cg08463157,chr1,24097328
cg16779158,chr1,23044591
cg17241876,chr7,138187316
cg16246633,chr16,49664986
cg13581027,chr10,20957446
cg20149935,chr5,62475665
cg11722553,chr12,10676563
cg27485810,chr19,6042246
cg23630973,chr16,68736743
cg13988652,chr5,180807518
cg02795334,chr10,117899645
cg12418049,chr6,47149039
cg16571372,chr15,88602348
cg03269320,chr16,85351715
cg13819609,chr9,22203745
cg07769188,chr19,11397734
cg05607531,chr2,239337840
cg20562630,chr4,79408270
cg00474549,chr3,187989586
cg20345128,chr2,27104751
cg14193314,chr9,128325701
cg11626882,chr10,80218719
cg06953608,chr18,62141806
cg01497664,chr6,31208395
cg11855693,chr12,96238773
cg16912244,chr14,66379312
cg10906088,chr10,70162042
cg22310229,chr19,17301018
cg10907727,chr6,85614585
cg03777288,chr12,13564099
cg10732834,chr18,45918827
cg26201819,chr18,45255415
cg13635184,chr7,149206034
cg00429618,chr9,97200068
cg14672470,chr5,116496025
cg13882837,chr22,25659379
cg04934757,chr7,22724411
cg16128859,chr3,62145419
cg07946776,chr15,89320856
cg05937180,chr1,153298742
cg04036015,chr9,88415195
cg26738728,chr1,150362912
cg24021343,chr3,170308955
cg19973291,chr11,34343289
cg05429094,chr16,1627597
cg07587250,chr1,110187682
cg00997054,chr3,32862799
cg06152029,chr22,27540212
cg13161831,chr5,160420111
cg23981116,chr5,167661719
cg17635041,chr10,63125714
cg16404281,chr6,150937773
cg27158605,chr2,168685454
cg19501858,chr2,106876713
cg18053628,chr13,102642609
cg04192168,chr15,64514542
cg17092420,chr8,123355693
cg22578866,chr12,56639499
cg22767348,chr4,4667757
cg10190339,chr5,143450239
cg02629157,chr9,135778763
cg27591155,chr10,129840320
cg14151995,chr11,17771982
cg12045156,chr17,69523566
cg12618624,chr3,171842221
cg08945533,chr18,741887
cg27081339,chr2,205888040
cg24450180,chr3,47849790
cg14405300,chr2,88127508
cg05047014,chr10,97749346
cg09147400,chr16,48235908
cg15146039,chr10,28724107
cg17615565,chr11,11432718
cg07040598,chr11,17414155
cg05710090,chr12,34289770
cg14879094,chr1,184892343
cg03985630,chr9,114049674
cg26491991,chr6,157515425
cg14014593,chr3,102190555
cg18063486,chr4,1511239
cg09371890,chr11,67021268
cg11944324,chr11,1275306
cg04603369,chr11,59862827
cg01241065,chr4,77564141
cg14801518,chr11,128689180
cg18829969,chr7,17090930
cg01636821,chr7,3952960
cg02921095,chr9,131066677
cg03253385,chr12,14972524
cg18244589,chr22,37835586
cg26153885,chr21,34363219
cg18519445,chr16,55556503
cg13563762,chr13,42051366
cg23826851,chr8,23743977
cg26471172,chr10,21663235
cg10334976,chr10,133365187
cg00245802,chr9,129443108
cg25934198,chr9,137026329
cg21268223,chr1,45523238
cg15680307,chr6,134207706
cg02771034,chr3,50182688
cg12833478,chr17,58191991
cg24860036,chr14,72774010
cg04252562,chr12,54892240
cg15266432,chr12,49924472
cg17569235,chr4,75916020
cg25220869,chr9,15936689
cg26595564,chr18,57863931
cg14100109,chr20,56607067
cg04530666,chr10,3717361
cg06075167,chr15,98922394
cg10076395,chr7,140401634
cg00501882,chr13,105195850
cg04064060,chr5,33612167
cg13349591,chr14,51491518
cg20502080,chr14,72671166
cg01922838,chr8,28016704
cg03871162,chr6,17611128
cg22491683,chr17,64668121
cg04214961,chr5,157385159
cg23258703,chr7,129142309
cg14764956,chr8,8381828
cg04585452,chr22,41398791
cg05955535,chr1,27514425
cg12204155,chr10,113819684
cg11394218,chr5,140785854
cg13132267,chr2,207122265
cg27205798,chr12,29520944
cg19432505,chr4,176269086
cg27451114,chr6,13773228
cg12121244,chr8,6616049
cg23540250,chr10,70618002
cg14552905,chr6,26373079
cg26565443,chr12,166399
cg12550146,chr8,718151
cg01499820,chr6,143792898
cg06398127,chr13,42259082
cg14218621,chr9,132544224
cg00430242,chr7,98752981
cg07508081,chr1,161224619
cg03768785,chr5,172362942
cg27174420,chr16,15727046
cg00083072,chr11,65647719
cg09783596,chr20,63822299
cg09057569,chr18,13410245
cg17846621,chr17,80139201
cg08365046,chr4,176326384
cg14067233,chr9,87283132
cg12810264,chr10,42833644
cg05290572,chr18,58255890
cg16650800,chr2,170782488
cg07197130,chr3,45555214
cg16150416,chr4,116705953
cg03331344,chr1,94196894
cg22875855,chr5,120831720
cg21116846,chr5,17354395
cg08162866,chr6,42532010
cg05062409,chr15,62895362
cg19469802,chr9,114610459
cg00053586,chr12,16401560
cg17498635,chr11,9428392
cg25397895,chr11,14529986
cg17523991,chr12,53298861
cg01696060,chr17,67740189
cg23607917,chr17,69228835
cg18688585,chr12,48421317
cg22602895,chr11,118704039
cg14576118,chr12,12311557
cg00509076,chr14,50518696
cg19933343,chr17,73245233
cg15918160,chr5,126850588
cg16052901,chr6,33273087
cg27520431,chr7,141737548
cg05002598,chr22,29817172
cg25100244,chr3,9930917
cg07518851,chr10,133224942
cg24707684,chr6,5581910
cg18188235,chr2,33293191
cg00697378,chr1,63537163
cg25065440,chr2,166465673
cg15091333,chr7,101265519
cg22368624,chr6,169501818
cg23251279,chr7,90563303
cg15476249,chr11,113334876
cg20890070,chr20,59852881
cg01910366,chr9,9798751
cg06602009,chr19,57849039
cg13139684,chr4,10497921
cg27014105,chr9,127611442
cg21804642,chr16,2789431
cg07202441,chr14,75572577
cg09307830,chr7,20615447
cg25117809,chr6,162478029
cg04902838,chr7,3957258
cg27483148,chr11,10489646
cg26232857,chr10,82969989
cg12961392,chr6,53978220
cg06087739,chr18,928068
cg07505140,chr9,81539287
cg24516399,chr2,233288451
cg02488995,chr5,180168938
cg00707190,chr19,50643027
cg27089330,chr3,44686275
cg23929713,chr11,85287314
cg04398416,chr10,3556294
cg22926670,chr3,138824234
cg08949269,chr20,32855492
cg14347923,chr15,59690862
cg22175046,chr7,37740162
cg15625485,chr17,2413240
cg15965911,chr1,161401118
cg26403498,chr3,40238302
cg01983216,chr1,244054260
cg03190578,chr3,13476397
cg27271776,chr21,32270967
cg23381738,chr21,34123917
cg24272559,chr1,166603479
cg04924300,chr11,111829820
cg26109638,chr5,56270172
cg23824488,chr4,27001584
cg04143946,chr10,109972049
cg01331791,chr1,3157679
cg14623042,chr14,102898520
cg18055780,chr19,35699077
cg06868580,chr1,18293323
cg25467233,chr19,17822973
cg24107465,chr2,59733472
cg20668177,chr6,133896657
cg01968054,chr9,38488418
cg07769277,chr10,133282303
cg12294454,chr1,182445963
cg27501522,chr17,17081308
cg15596263,chr2,20674842
cg08331946,chr3,99824277
cg00978893,chr12,24829851
cg17851563,chr19,18132379
cg17104615,chr6,116403889
cg07506503,chr9,34318829
cg06412839,chr3,12267597
cg24214379,chr6,130021485
cg03667429,chr14,73714849
cg19119393,chr3,129795844
cg02577240,chr2,40512798
cg04439663,chr11,47173823
cg10329331,chr13,28564889
cg07207551,chr21,38907957
cg11030829,chr1,36487157
cg21247702,chr18,2826622
cg01878356,chr19,5016566
cg13624534,chr19,1531842
cg01080781,chr1,2185158
cg04042248,chr2,11073935
cg06833672,chr1,202483790
cg08872891,chr8,145050494
cg14353208,chr7,155781151
cg19373091,chr11,27351474
cg12125567,chr14,24862049
cg00585742,chr6,159798759
cg03320783,chr12,112992931
cg13384996,chr17,14834906
cg12439232,chr6,33909514
cg04636221,chr13,111213919
cg04404956,chr14,29736366
cg08533711,chr5,68074203
cg20591131,chr11,11244038
cg26419494,chr1,165425304
cg05552956,chr1,109167093
cg06004166,chr12,132525550
cg02550545,chr2,201906371
cg02021180,chr3,66011234
cg06669216,chr2,204956775
cg17682825,chr12,108541392
cg11914650,chr11,1456481
cg08199344,chr16,75629512
cg03033001,chr2,70542035
cg08406082,chr12,5269130
cg17399647,chr6,42263422
cg02229724,chr8,132799325
cg07885166,chr16,75478718
cg25165821,chr5,41187516
cg16370025,chr5,68377902
cg11828820,chr1,33472045
cg19289870,chr15,76862520
cg06976209,chr3,15416021
cg24340476,chr19,7213602
cg00909401,chr2,43101519
cg04563215,chr1,39235324
cg11994854,chr2,217142845
cg26561631,chr15,99426628
cg21494536,chr22,22719455
cg02243249,chr13,41614317
cg21536760,chr16,58192930
cg23877497,chr6,158417911
cg16748713,chr1,167052432
cg10252267,chr5,17713606
cg08173820,chr1,100423183
cg18458131,chr8,97276388
cg14056065,chr6,31594459
cg26490070,chr8,134367838
cg18938709,chr15,80967640
cg09592419,chr11,118650474
cg14264942,chr11,25970996
cg04011767,chr6,110307691
cg10458494,chr10,133164477
cg08090691,chr8,121677838
cg09023660,chr1,91862938
cg24069962,chr2,46164590
cg18322631,chr13,110982322
cg25399148,chr8,140407042
cg19188632,chr2,3654891
cg12155841,chr5,32125423
cg18165941,chr17,33522800
cg21533958,chr8,37795859
cg10790394,chr4,16038753
cg09542077,chr14,22535286
cg22298265,chr8,1025286
cg24677395,chr2,24048916
cg16456371,chr6,41802363
cg09370245,chr9,125354748
cg18869611,chr10,133060274
cg05101347,chr2,3194125
cg24601355,chr18,75087929
cg17754362,chr2,20352355
cg11001890,chr5,133848511
cg02365040,chr5,170742369
cg15138238,chr20,3174843
cg20805956,chr8,42858856
cg10997500,chr13,113320673
cg15161050,chr12,125016154
cg13918948,chr10,615448
cg00124525,chr9,88742319
cg22194396,chr11,71709421
cg27497487,chr19,58046068
cg23362884,chr10,110645216
cg23198580,chr14,53168724
cg12976905,chr13,100510694
cg27562357,chr12,131231204
cg17799040,chr2,234369059
cg07739514,chr1,47400032
cg01836943,chr12,23114890
cg21823733,chr1,76317299
cg05962763,chr3,155293890
cg25234988,chr12,538018
cg19513987,chr7,2065808
cg01914248,chr6,63272878
cg13689068,chr8,1202941
cg23229777,chr20,38924832
cg15564547,chr15,75907825
cg21993298,chr3,11568211
cg07288204,chr1,150306013
cg22518157,chr4,36209101
cg26065799,chr11,122221120
cg05515561,chr8,134544260
cg26175483,chr6,163342269
cg20590105,chr6,80442086
cg18528621,chr17,62807793
cg26886909,chr1,111317129
cg07123579,chr3,66738772
cg07913923,chr16,29074942
cg05812599,chr11,72435212
cg12854242,chr15,99714925
cg18969008,chr2,10304890
cg21653097,chr4,73871442
cg02650313,chr10,102965024
cg26464840,chr6,135634951
cg26720817,chr3,55625865
cg17816989,chr3,39479721
cg09944655,chr8,141270995
cg11745208,chr19,17517713
cg06120379,chr3,197630988
cg12811575,chr8,108292402
cg09108318,chr3,72945791
cg18333018,chr12,106078766
cg22747802,chr11,68650165
cg18090902,chr4,180961276
cg14570958,chr17,77036719
cg19311863,chr1,203485101
cg14577066,chr18,5290100
cg00465277,chr16,86087787
cg16072374,chr8,64240435
cg08866865,chr2,200309174
cg23486982,chr17,41912784
cg15210127,chr18,58481385
cg17489280,chr2,218501186
cg04298189,chr17,27629200
cg04561512,chr1,214646495
cg16573251,chr12,122896684
cg13458875,chr9,136451022
cg17137122,chr5,11589727
cg15560790,chr16,81584173
cg09472495,chr1,93880549
cg23860365,chr10,48691316
cg13610422,chr19,42075129
cg16538682,chr7,122443005
cg14480444,chr7,100885735
cg21820127,chr1,154772168
cg11423008,chr22,26714264
cg12630496,chr18,12906148
cg03319948,chr20,50168425
cg10862558,chr2,74381375
cg08061935,chr1,156296421
cg02498227,chr12,6084784
cg16431802,chr4,8504267
cg25037907,chr14,91716397
cg19222814,chr5,110686384
cg18413884,chr17,49443987
cg21590666,chr12,84913656
cg08709338,chr18,8423111
cg12688739,chr10,130074567
cg12208777,chr19,18074473
cg08255211,chr16,6017800
cg24026690,chr18,78520877
cg12257588,chr18,61949399
cg01531445,chr1,119450204
cg07814664,chr5,1938505
cg23982502,chr5,55646058
cg08964616,chr2,104686097
cg22572820,chr3,126835893
cg11205330,chr7,73686673
cg01179769,chr13,45168675
cg03353474,chr6,32165773
cg23483886,chr5,1476159
cg21808087,chr2,64773630
cg02255892,chr17,44831547
cg21328387,chr16,30846869
cg01567259,chr9,110303631
cg04568295,chr17,81919258
cg23879369,chr19,8509546
cg27638036,chr16,85590770
cg09711899,chr17,5594208
cg08392499,chr11,120748013
cg15055553,chr12,1588240
cg15431612,chr5,143251351
cg22041590,chr2,157891343
cg11247565,chr8,119915549
cg20112040,chr22,19899268
cg12522224,chr12,93625473
cg15889729,chr9,127898120
cg05825106,chr5,132835650
cg13676706,chr12,127459903
cg22810403,chr1,36324843
cg21929235,chr4,5384589
cg13626698,chr8,139767274
cg15501483,chr15,77665027
cg14265474,chr3,171231197
cg04656327,chr20,59930248
cg09060914,chr1,169630320
cg12888990,chr14,39275423
cg21284743,chr15,59668987
cg06859734,chr10,33328636
cg10760299,chr15,45376812
cg13650843,chr19,10400997
cg08956101,chr7,14504320
cg22794775,chr4,105193320
cg09025816,chr1,226190287
cg27212213,chr4,84697115
cg00795520,chr6,149368638
cg10156568,chr3,184915373
cg07158816,chr10,24275365
cg00535968,chr3,41224571
cg04208435,chr1,192147388
cg07353731,chr12,122857188
cg21209243,chr15,44529654
cg15095511,chr17,55726506
cg03516587,chr20,16530269
cg15042370,chr1,110000166
cg25809502,chr13,29359304
cg00281100,chr10,88281677
cg26212321,chr6,685077
cg01631409,chr17,37465484
cg01740606,chr9,136723588
cg22843146,chr15,73741462
cg22090583,chr14,22477450
cg26518189,chr9,109418547
cg02568479,chr1,94676244
cg22319611,chr22,19853328
cg14640281,chr3,124989631
cg18123418,chr11,118275569
cg21502732,chr8,12840520
cg03013070,chr10,94205822
cg00428051,chr15,90955723
cg11830876,chr17,80032439
cg11836171,chr14,50982072
cg09462207,chr11,94794773
cg09280838,chr1,184562638
cg01547466,chr18,25233592
cg17537241,chr18,13590451
cg19305545,chr1,3632330
cg22816252,chr1,232965987
cg06263250,chr11,10908935
cg17230745,chr20,844021
cg03943509,chr11,64761589
cg02084912,chr3,10284027
cg05135252,chr16,85338872
cg16284396,chr20,50470540
cg16925069,chr9,128321707
cg23695321,chr15,88939001
cg04110886,chr1,10615518
cg01162550,chr12,11700813
cg01063912,chr7,55527569
cg16919579,chr2,156776283
cg27380341,chr17,7305874
cg06971957,chr11,93782997
cg14247459,chr12,128695884
cg27546969,chr16,52612147
cg19272853,chr6,3803814
cg07472199,chr16,31442156
cg13244679,chr3,134545673
cg06956786,chr7,3673716
cg14239612,chr1,8075578
cg01807862,chr5,55226005
cg11731013,chr12,124274147
cg21228547,chr8,17808652
cg02110048,chr2,26502596
cg07878848,chr6,15614487
cg10037002,chr20,37749716
cg06261630,chr1,228553650
cg21332044,chr4,2140980
cg19930884,chr2,233446932
cg18946226,chr13,108596155
cg21166445,chr2,180979168
cg06826733,chr16,2427096
cg02424007,chr6,110646523
cg26246731,chr3,39408479
cg00398030,chr1,8425606
cg02541981,chr5,103257706
